Vehicle_ID,Location_ID,Date_ID,Battery_ID,Charging_ID,Units_Sold,Price_USD,Market_Share_pct
V001,L001,D0001,B004,CH004,32,32000,6.58
V001,L002,D0001,B004,CH004,45,41400,6.64
V001,L003,D0001,B004,CH004,36,35300,6.57
V001,L004,D0001,B004,CH004,61,41900,9.17
V001,L005,D0001,B004,CH004,53,43100,7.78
V001,L006,D0001,B004,CH004,43,42100,6.71
V001,L007,D0001,B004,CH004,67,46000,9.07
V001,L008,D0001,B004,CH004,44,45300,6.62
V001,L009,D0001,B004,CH004,57,43300,8.57
V001,L010,D0001,B004,CH004,47,41800,7.51
V002,L001,D0001,B006,CH004,42,34200,8.64
V002,L002,D0001,B006,CH004,51,45800,7.52
V002,L003,D0001,B006,CH004,38,41400,6.93
V002,L004,D0001,B006,CH004,48,52400,7.22
V002,L005,D0001,B006,CH004,61,51700,8.96
V002,L006,D0001,B006,CH004,57,44800,8.89
V002,L007,D0001,B006,CH004,54,52200,7.31
V002,L008,D0001,B006,CH004,47,52200,7.07
V002,L009,D0001,B006,CH004,39,50600,5.86
V002,L010,D0001,B006,CH004,43,45700,6.87
V003,L001,D0001,B003,CH003,34,21000,7.0
V003,L002,D0001,B003,CH003,40,31700,5.9
V003,L003,D0001,B003,CH003,42,25400,7.66
V003,L004,D0001,B003,CH003,35,31200,5.26
V003,L005,D0001,B003,CH003,38,29000,5.58
V003,L006,D0001,B003,CH003,55,28300,8.58
V003,L007,D0001,B003,CH003,48,33400,6.5
V003,L008,D0001,B003,CH003,42,31400,6.32
V003,L009,D0001,B003,CH003,38,31000,5.71
V003,L010,D0001,B003,CH003,43,31000,6.87
V004,L001,D0001,B006,CH004,34,30100,7.0
V004,L002,D0001,B006,CH004,39,39600,5.75
V004,L003,D0001,B006,CH004,48,35100,8.76
V004,L004,D0001,B006,CH004,43,43000,6.47
V004,L005,D0001,B006,CH004,45,44500,6.61
V004,L006,D0001,B006,CH004,39,39400,6.08
V004,L007,D0001,B006,CH004,49,46500,6.63
V004,L008,D0001,B006,CH004,51,43100,7.67
V004,L009,D0001,B006,CH004,50,44100,7.52
V004,L010,D0001,B006,CH004,42,42700,6.71
V005,L001,D0001,B007,CH004,22,34800,4.53
V005,L002,D0001,B007,CH004,49,48900,7.23
V005,L003,D0001,B007,CH004,35,41300,6.39
V005,L004,D0001,B007,CH004,27,51100,4.06
V005,L005,D0001,B007,CH004,51,49300,7.49
V005,L006,D0001,B007,CH004,37,49000,5.77
V005,L007,D0001,B007,CH004,27,52400,3.65
V005,L008,D0001,B007,CH004,28,50500,4.21
V005,L009,D0001,B007,CH004,43,50800,6.47
V005,L010,D0001,B007,CH004,28,46400,4.47
V006,L001,D0001,B003,CH003,26,26500,5.35
V006,L002,D0001,B003,CH003,52,36000,7.67
V006,L003,D0001,B003,CH003,33,27800,6.02
V006,L004,D0001,B003,CH003,46,35200,6.92
V006,L005,D0001,B003,CH003,37,37400,5.43
V006,L006,D0001,B003,CH003,48,32900,7.49
V006,L007,D0001,B003,CH003,47,39700,6.36
V006,L008,D0001,B003,CH003,38,34600,5.71
V006,L009,D0001,B003,CH003,30,34900,4.51
V006,L010,D0001,B003,CH003,42,32600,6.71
V007,L001,D0001,B007,CH004,30,32300,6.17
V007,L002,D0001,B007,CH004,45,43300,6.64
V007,L003,D0001,B007,CH004,27,40000,4.93
V007,L004,D0001,B007,CH004,44,45400,6.62
V007,L005,D0001,B007,CH004,42,46200,6.17
V007,L006,D0001,B007,CH004,33,42900,5.15
V007,L007,D0001,B007,CH004,46,47000,6.22
V007,L008,D0001,B007,CH004,42,47700,6.32
V007,L009,D0001,B007,CH004,41,47700,6.17
V007,L010,D0001,B007,CH004,37,46500,5.91
V008,L001,D0001,B002,CH003,27,14900,5.56
V008,L002,D0001,B002,CH003,36,21400,5.31
V008,L003,D0001,B002,CH003,29,17500,5.29
V008,L004,D0001,B002,CH003,36,22500,5.41
V008,L005,D0001,B002,CH003,31,22900,4.55
V008,L006,D0001,B002,CH003,37,22700,5.77
V008,L007,D0001,B002,CH003,58,24000,7.85
V008,L008,D0001,B002,CH003,44,24200,6.62
V008,L009,D0001,B002,CH003,32,20800,4.81
V008,L010,D0001,B002,CH003,32,20700,5.11
V009,L001,D0001,B003,CH003,21,21100,4.32
V009,L002,D0001,B003,CH003,30,28200,4.42
V009,L003,D0001,B003,CH003,13,25700,2.37
V009,L004,D0001,B003,CH003,35,29100,5.26
V009,L005,D0001,B003,CH003,25,32000,3.67
V009,L006,D0001,B003,CH003,26,28200,4.06
V009,L007,D0001,B003,CH003,28,31000,3.79
V009,L008,D0001,B003,CH003,31,30400,4.66
V009,L009,D0001,B003,CH003,30,30600,4.51
V009,L010,D0001,B003,CH003,28,27800,4.47
V010,L001,D0001,B007,CH004,18,42000,3.7
V010,L002,D0001,B007,CH004,25,59500,3.69
V010,L003,D0001,B007,CH004,18,49500,3.28
V010,L004,D0001,B007,CH004,18,58100,2.71
V010,L005,D0001,B007,CH004,26,58800,3.82
V010,L006,D0001,B007,CH004,26,58000,4.06
V010,L007,D0001,B007,CH004,22,68200,2.98
V010,L008,D0001,B007,CH004,29,59500,4.36
V010,L009,D0001,B007,CH004,30,62000,4.51
V010,L010,D0001,B007,CH004,22,60200,3.51
V011,L001,D0001,B005,CH003,18,38500,3.7
V011,L002,D0001,B005,CH003,25,57900,3.69
V011,L003,D0001,B005,CH003,18,46300,3.28
V011,L004,D0001,B005,CH003,14,56600,2.11
V011,L005,D0001,B005,CH003,17,54700,2.5
V011,L006,D0001,B005,CH003,18,50700,2.81
V011,L007,D0001,B005,CH003,21,58300,2.84
V011,L008,D0001,B005,CH003,17,58900,2.56
V011,L009,D0001,B005,CH003,21,55700,3.16
V011,L010,D0001,B005,CH003,20,52600,3.19
V012,L001,D0001,B006,CH003,21,33600,4.32
V012,L002,D0001,B006,CH003,45,47300,6.64
V012,L003,D0001,B006,CH003,30,36600,5.47
V012,L004,D0001,B006,CH003,24,43700,3.61
V012,L005,D0001,B006,CH003,38,47500,5.58
V012,L006,D0001,B006,CH003,28,44500,4.37
V012,L007,D0001,B006,CH003,35,46800,4.74
V012,L008,D0001,B006,CH003,28,47200,4.21
V012,L009,D0001,B006,CH003,45,42700,6.77
V012,L010,D0001,B006,CH003,36,42700,5.75
V013,L001,D0001,B001,CH002,21,23200,4.32
V013,L002,D0001,B001,CH002,23,31800,3.39
V013,L003,D0001,B001,CH002,31,27600,5.66
V013,L004,D0001,B001,CH002,28,32400,4.21
V013,L005,D0001,B001,CH002,30,31400,4.41
V013,L006,D0001,B001,CH002,19,31200,2.96
V013,L007,D0001,B001,CH002,35,32900,4.74
V013,L008,D0001,B001,CH002,27,34800,4.06
V013,L009,D0001,B001,CH002,29,32000,4.36
V013,L010,D0001,B001,CH002,36,33000,5.75
V014,L001,D0001,B004,CH003,18,29800,3.7
V014,L002,D0001,B004,CH003,33,39300,4.87
V014,L003,D0001,B004,CH003,23,34200,4.2
V014,L004,D0001,B004,CH003,27,40600,4.06
V014,L005,D0001,B004,CH003,26,39000,3.82
V014,L006,D0001,B004,CH003,27,38900,4.21
V014,L007,D0001,B004,CH003,26,41800,3.52
V014,L008,D0001,B004,CH003,30,43300,4.51
V014,L009,D0001,B004,CH003,26,39100,3.91
V014,L010,D0001,B004,CH003,30,40500,4.79
V015,L001,D0001,B002,CH004,22,24400,4.53
V015,L002,D0001,B002,CH004,16,37000,2.36
V015,L003,D0001,B002,CH004,19,30200,3.47
V015,L004,D0001,B002,CH004,30,39000,4.51
V015,L005,D0001,B002,CH004,20,36500,2.94
V015,L006,D0001,B002,CH004,17,36300,2.65
V015,L007,D0001,B002,CH004,18,38800,2.44
V015,L008,D0001,B002,CH004,28,39400,4.21
V015,L009,D0001,B002,CH004,27,37600,4.06
V015,L010,D0001,B002,CH004,18,35900,2.88
V016,L001,D0001,B008,CH004,29,37100,5.97
V016,L002,D0001,B008,CH004,33,49100,4.87
V016,L003,D0001,B008,CH004,27,41200,4.93
V016,L004,D0001,B008,CH004,32,55900,4.81
V016,L005,D0001,B008,CH004,35,50300,5.14
V016,L006,D0001,B008,CH004,30,50500,4.68
V016,L007,D0001,B008,CH004,43,52900,5.82
V016,L008,D0001,B008,CH004,35,52900,5.26
V016,L009,D0001,B008,CH004,33,52600,4.96
V016,L010,D0001,B008,CH004,27,53000,4.31
V017,L001,D0001,B010,CH004,10,66000,2.06
V017,L002,D0001,B010,CH004,11,97600,1.62
V017,L003,D0001,B010,CH004,11,81700,2.01
V017,L004,D0001,B010,CH004,17,94900,2.56
V017,L005,D0001,B010,CH004,10,99700,1.47
V017,L006,D0001,B010,CH004,10,95300,1.56
V017,L007,D0001,B010,CH004,11,99600,1.49
V017,L008,D0001,B010,CH004,12,95200,1.8
V017,L009,D0001,B010,CH004,10,100300,1.5
V017,L010,D0001,B010,CH004,14,89900,2.24
V018,L001,D0001,B004,CH002,19,22500,3.91
V018,L002,D0001,B004,CH002,29,33600,4.28
V018,L003,D0001,B004,CH002,28,26700,5.11
V018,L004,D0001,B004,CH002,34,34400,5.11
V018,L005,D0001,B004,CH002,35,34800,5.14
V018,L006,D0001,B004,CH002,33,32000,5.15
V018,L007,D0001,B004,CH002,32,33700,4.33
V018,L008,D0001,B004,CH002,29,35300,4.36
V018,L009,D0001,B004,CH002,25,33500,3.76
V018,L010,D0001,B004,CH002,26,32200,4.15
V019,L001,D0001,B005,CH002,13,29400,2.67
V019,L002,D0001,B005,CH002,15,43300,2.21
V019,L003,D0001,B005,CH002,8,36400,1.46
V019,L004,D0001,B005,CH002,26,45800,3.91
V019,L005,D0001,B005,CH002,20,42800,2.94
V019,L006,D0001,B005,CH002,16,43400,2.5
V019,L007,D0001,B005,CH002,20,43200,2.71
V019,L008,D0001,B005,CH002,20,46100,3.01
V019,L009,D0001,B005,CH002,16,40100,2.41
V019,L010,D0001,B005,CH002,16,42800,2.56
V020,L001,D0001,B003,CH002,29,27100,5.97
V020,L002,D0001,B003,CH002,36,38900,5.31
V020,L003,D0001,B003,CH002,34,30900,6.2
V020,L004,D0001,B003,CH002,40,38000,6.02
V020,L005,D0001,B003,CH002,41,37500,6.02
V020,L006,D0001,B003,CH002,42,39000,6.55
V020,L007,D0001,B003,CH002,52,41100,7.04
V020,L008,D0001,B003,CH002,43,41000,6.47
V020,L009,D0001,B003,CH002,43,39000,6.47
V020,L010,D0001,B003,CH002,39,36100,6.23
V001,L001,D0002,B004,CH004,36,31100,7.66
V001,L002,D0002,B004,CH004,52,43700,8.2
V001,L003,D0002,B004,CH004,53,33500,9.35
V001,L004,D0002,B004,CH004,62,43600,8.52
V001,L005,D0002,B004,CH004,61,44700,9.27
V001,L006,D0002,B004,CH004,51,40600,7.62
V001,L007,D0002,B004,CH004,51,43500,7.3
V001,L008,D0002,B004,CH004,53,42500,7.65
V001,L009,D0002,B004,CH004,44,41300,6.75
V001,L010,D0002,B004,CH004,64,39400,9.74
V002,L001,D0002,B006,CH004,38,33300,8.09
V002,L002,D0002,B006,CH004,51,45600,8.04
V002,L003,D0002,B006,CH004,37,39400,6.53
V002,L004,D0002,B006,CH004,61,50400,8.38
V002,L005,D0002,B006,CH004,53,51800,8.05
V002,L006,D0002,B006,CH004,42,46200,6.28
V002,L007,D0002,B006,CH004,51,50900,7.3
V002,L008,D0002,B006,CH004,44,49500,6.35
V002,L009,D0002,B006,CH004,48,48300,7.36
V002,L010,D0002,B006,CH004,57,46200,8.68
V003,L001,D0002,B003,CH003,26,22800,5.53
V003,L002,D0002,B003,CH003,39,30700,6.15
V003,L003,D0002,B003,CH003,34,25200,6.0
V003,L004,D0002,B003,CH003,51,32000,7.01
V003,L005,D0002,B003,CH003,33,31600,5.02
V003,L006,D0002,B003,CH003,53,30700,7.92
V003,L007,D0002,B003,CH003,41,33000,5.87
V003,L008,D0002,B003,CH003,43,30900,6.2
V003,L009,D0002,B003,CH003,39,29300,5.98
V003,L010,D0002,B003,CH003,41,30400,6.24
V004,L001,D0002,B006,CH004,33,31300,7.02
V004,L002,D0002,B006,CH004,47,39500,7.41
V004,L003,D0002,B006,CH004,38,35000,6.7
V004,L004,D0002,B006,CH004,57,41900,7.83
V004,L005,D0002,B006,CH004,43,41600,6.53
V004,L006,D0002,B006,CH004,42,39700,6.28
V004,L007,D0002,B006,CH004,48,46900,6.87
V004,L008,D0002,B006,CH004,41,42700,5.92
V004,L009,D0002,B006,CH004,39,43300,5.98
V004,L010,D0002,B006,CH004,35,38800,5.33
V005,L001,D0002,B007,CH004,33,36300,7.02
V005,L002,D0002,B007,CH004,38,49500,5.99
V005,L003,D0002,B007,CH004,37,40300,6.53
V005,L004,D0002,B007,CH004,50,48700,6.87
V005,L005,D0002,B007,CH004,36,51800,5.47
V005,L006,D0002,B007,CH004,38,47500,5.68
V005,L007,D0002,B007,CH004,50,52900,7.15
V005,L008,D0002,B007,CH004,39,48100,5.63
V005,L009,D0002,B007,CH004,50,49700,7.67
V005,L010,D0002,B007,CH004,42,47000,6.39
V006,L001,D0002,B003,CH003,25,25000,5.32
V006,L002,D0002,B003,CH003,28,35500,4.42
V006,L003,D0002,B003,CH003,40,27600,7.05
V006,L004,D0002,B003,CH003,42,35400,5.77
V006,L005,D0002,B003,CH003,35,37100,5.32
V006,L006,D0002,B003,CH003,45,36000,6.73
V006,L007,D0002,B003,CH003,37,35900,5.29
V006,L008,D0002,B003,CH003,35,36900,5.05
V006,L009,D0002,B003,CH003,41,36000,6.29
V006,L010,D0002,B003,CH003,34,32400,5.18
V007,L001,D0002,B007,CH004,22,33600,4.68
V007,L002,D0002,B007,CH004,41,47200,6.47
V007,L003,D0002,B007,CH004,25,36000,4.41
V007,L004,D0002,B007,CH004,34,47200,4.67
V007,L005,D0002,B007,CH004,39,46200,5.93
V007,L006,D0002,B007,CH004,33,45800,4.93
V007,L007,D0002,B007,CH004,48,47900,6.87
V007,L008,D0002,B007,CH004,41,47300,5.92
V007,L009,D0002,B007,CH004,46,45800,7.06
V007,L010,D0002,B007,CH004,54,44300,8.22
V008,L001,D0002,B002,CH003,19,16000,4.04
V008,L002,D0002,B002,CH003,32,22800,5.05
V008,L003,D0002,B002,CH003,29,17600,5.11
V008,L004,D0002,B002,CH003,39,23300,5.36
V008,L005,D0002,B002,CH003,31,21900,4.71
V008,L006,D0002,B002,CH003,30,21500,4.48
V008,L007,D0002,B002,CH003,34,23700,4.86
V008,L008,D0002,B002,CH003,56,21900,8.08
V008,L009,D0002,B002,CH003,38,22300,5.83
V008,L010,D0002,B002,CH003,34,20300,5.18
V009,L001,D0002,B003,CH003,14,21200,2.98
V009,L002,D0002,B003,CH003,31,30600,4.89
V009,L003,D0002,B003,CH003,24,24100,4.23
V009,L004,D0002,B003,CH003,30,30600,4.12
V009,L005,D0002,B003,CH003,28,32000,4.26
V009,L006,D0002,B003,CH003,28,28500,4.19
V009,L007,D0002,B003,CH003,33,33500,4.72
V009,L008,D0002,B003,CH003,38,29400,5.48
V009,L009,D0002,B003,CH003,24,28600,3.68
V009,L010,D0002,B003,CH003,23,30600,3.5
V010,L001,D0002,B007,CH004,27,43600,5.74
V010,L002,D0002,B007,CH004,25,57200,3.94
V010,L003,D0002,B007,CH004,17,47600,3.0
V010,L004,D0002,B007,CH004,22,63400,3.02
V010,L005,D0002,B007,CH004,30,62100,4.56
V010,L006,D0002,B007,CH004,21,61400,3.14
V010,L007,D0002,B007,CH004,29,65900,4.15
V010,L008,D0002,B007,CH004,37,61200,5.34
V010,L009,D0002,B007,CH004,22,62800,3.37
V010,L010,D0002,B007,CH004,25,62200,3.81
V011,L001,D0002,B005,CH003,19,39400,4.04
V011,L002,D0002,B005,CH003,18,57600,2.84
V011,L003,D0002,B005,CH003,19,44100,3.35
V011,L004,D0002,B005,CH003,19,59800,2.61
V011,L005,D0002,B005,CH003,24,56600,3.65
V011,L006,D0002,B005,CH003,24,56900,3.59
V011,L007,D0002,B005,CH003,23,58100,3.29
V011,L008,D0002,B005,CH003,23,57300,3.32
V011,L009,D0002,B005,CH003,20,52900,3.07
V011,L010,D0002,B005,CH003,18,54800,2.74
V012,L001,D0002,B006,CH003,25,32500,5.32
V012,L002,D0002,B006,CH003,29,47500,4.57
V012,L003,D0002,B006,CH003,39,34900,6.88
V012,L004,D0002,B006,CH003,27,47000,3.71
V012,L005,D0002,B006,CH003,41,45400,6.23
V012,L006,D0002,B006,CH003,27,46500,4.04
V012,L007,D0002,B006,CH003,37,47000,5.29
V012,L008,D0002,B006,CH003,29,48000,4.18
V012,L009,D0002,B006,CH003,39,44000,5.98
V012,L010,D0002,B006,CH003,29,43900,4.41
V013,L001,D0002,B001,CH002,24,23200,5.11
V013,L002,D0002,B001,CH002,30,30600,4.73
V013,L003,D0002,B001,CH002,34,25100,6.0
V013,L004,D0002,B001,CH002,39,34200,5.36
V013,L005,D0002,B001,CH002,29,32000,4.41
V013,L006,D0002,B001,CH002,37,30200,5.53
V013,L007,D0002,B001,CH002,24,33900,3.43
V013,L008,D0002,B001,CH002,37,34100,5.34
V013,L009,D0002,B001,CH002,29,32000,4.45
V013,L010,D0002,B001,CH002,28,32600,4.26
V014,L001,D0002,B004,CH003,22,30000,4.68
V014,L002,D0002,B004,CH003,20,40900,3.15
V014,L003,D0002,B004,CH003,25,32900,4.41
V014,L004,D0002,B004,CH003,27,39300,3.71
V014,L005,D0002,B004,CH003,26,42600,3.95
V014,L006,D0002,B004,CH003,29,41100,4.33
V014,L007,D0002,B004,CH003,33,40700,4.72
V014,L008,D0002,B004,CH003,28,44000,4.04
V014,L009,D0002,B004,CH003,31,40600,4.75
V014,L010,D0002,B004,CH003,33,40500,5.02
V015,L001,D0002,B002,CH004,18,26000,3.83
V015,L002,D0002,B002,CH004,25,36900,3.94
V015,L003,D0002,B002,CH004,13,28600,2.29
V015,L004,D0002,B002,CH004,26,38900,3.57
V015,L005,D0002,B002,CH004,25,35700,3.8
V015,L006,D0002,B002,CH004,32,33800,4.78
V015,L007,D0002,B002,CH004,30,39000,4.29
V015,L008,D0002,B002,CH004,27,35500,3.9
V015,L009,D0002,B002,CH004,19,36700,2.91
V015,L010,D0002,B002,CH004,18,34000,2.74
V016,L001,D0002,B008,CH004,20,36000,4.26
V016,L002,D0002,B008,CH004,36,53600,5.68
V016,L003,D0002,B008,CH004,32,44500,5.64
V016,L004,D0002,B008,CH004,32,54900,4.4
V016,L005,D0002,B008,CH004,26,52100,3.95
V016,L006,D0002,B008,CH004,34,51000,5.08
V016,L007,D0002,B008,CH004,32,59300,4.58
V016,L008,D0002,B008,CH004,29,57300,4.18
V016,L009,D0002,B008,CH004,31,50000,4.75
V016,L010,D0002,B008,CH004,27,48000,4.11
V017,L001,D0002,B010,CH004,6,70300,1.28
V017,L002,D0002,B010,CH004,12,91700,1.89
V017,L003,D0002,B010,CH004,5,82400,0.88
V017,L004,D0002,B010,CH004,9,92900,1.24
V017,L005,D0002,B010,CH004,11,96500,1.67
V017,L006,D0002,B010,CH004,10,94100,1.49
V017,L007,D0002,B010,CH004,13,107500,1.86
V017,L008,D0002,B010,CH004,13,99500,1.88
V017,L009,D0002,B010,CH004,6,97900,0.92
V017,L010,D0002,B010,CH004,7,89400,1.07
V018,L001,D0002,B004,CH002,20,22600,4.26
V018,L002,D0002,B004,CH002,27,32700,4.26
V018,L003,D0002,B004,CH002,22,26000,3.88
V018,L004,D0002,B004,CH002,47,32700,6.46
V018,L005,D0002,B004,CH002,27,32900,4.1
V018,L006,D0002,B004,CH002,24,32200,3.59
V018,L007,D0002,B004,CH002,41,36400,5.87
V018,L008,D0002,B004,CH002,26,33900,3.75
V018,L009,D0002,B004,CH002,27,33500,4.14
V018,L010,D0002,B004,CH002,28,33100,4.26
V019,L001,D0002,B005,CH002,18,30400,3.83
V019,L002,D0002,B005,CH002,16,41400,2.52
V019,L003,D0002,B005,CH002,21,32600,3.7
V019,L004,D0002,B005,CH002,17,43700,2.34
V019,L005,D0002,B005,CH002,17,41500,2.58
V019,L006,D0002,B005,CH002,20,42900,2.99
V019,L007,D0002,B005,CH002,18,46700,2.58
V019,L008,D0002,B005,CH002,11,41600,1.59
V019,L009,D0002,B005,CH002,16,43600,2.45
V019,L010,D0002,B005,CH002,22,41900,3.35
V020,L001,D0002,B003,CH002,25,28000,5.32
V020,L002,D0002,B003,CH002,37,38000,5.84
V020,L003,D0002,B003,CH002,23,32700,4.06
V020,L004,D0002,B003,CH002,37,38500,5.08
V020,L005,D0002,B003,CH002,43,37400,6.53
V020,L006,D0002,B003,CH002,49,38800,7.32
V020,L007,D0002,B003,CH002,26,39300,3.72
V020,L008,D0002,B003,CH002,43,38500,6.2
V020,L009,D0002,B003,CH002,43,38900,6.6
V020,L010,D0002,B003,CH002,38,36000,5.78
V001,L001,D0003,B004,CH004,48,30500,9.28
V001,L002,D0003,B004,CH004,50,43900,6.96
V001,L003,D0003,B004,CH004,34,34300,6.23
V001,L004,D0003,B004,CH004,62,41600,8.62
V001,L005,D0003,B004,CH004,58,43100,8.52
V001,L006,D0003,B004,CH004,45,41500,7.32
V001,L007,D0003,B004,CH004,64,47700,8.76
V001,L008,D0003,B004,CH004,49,43300,6.81
V001,L009,D0003,B004,CH004,44,39700,6.04
V001,L010,D0003,B004,CH004,54,40100,7.64
V002,L001,D0003,B006,CH004,37,32600,7.16
V002,L002,D0003,B006,CH004,55,50500,7.66
V002,L003,D0003,B006,CH004,42,41600,7.69
V002,L004,D0003,B006,CH004,47,51300,6.54
V002,L005,D0003,B006,CH004,58,48400,8.52
V002,L006,D0003,B006,CH004,41,46200,6.67
V002,L007,D0003,B006,CH004,54,49000,7.39
V002,L008,D0003,B006,CH004,47,48100,6.53
V002,L009,D0003,B006,CH004,58,46300,7.96
V002,L010,D0003,B006,CH004,49,44800,6.93
V003,L001,D0003,B003,CH003,44,22800,8.51
V003,L002,D0003,B003,CH003,56,31300,7.8
V003,L003,D0003,B003,CH003,39,24700,7.14
V003,L004,D0003,B003,CH003,57,29200,7.93
V003,L005,D0003,B003,CH003,60,31600,8.81
V003,L006,D0003,B003,CH003,48,28800,7.8
V003,L007,D0003,B003,CH003,42,34100,5.75
V003,L008,D0003,B003,CH003,52,29400,7.22
V003,L009,D0003,B003,CH003,49,30800,6.72
V003,L010,D0003,B003,CH003,44,30300,6.22
V004,L001,D0003,B006,CH004,28,30300,5.42
V004,L002,D0003,B006,CH004,41,40000,5.71
V004,L003,D0003,B006,CH004,31,36300,5.68
V004,L004,D0003,B006,CH004,63,41300,8.76
V004,L005,D0003,B006,CH004,51,45100,7.49
V004,L006,D0003,B006,CH004,48,42000,7.8
V004,L007,D0003,B006,CH004,53,47500,7.25
V004,L008,D0003,B006,CH004,42,41700,5.83
V004,L009,D0003,B006,CH004,51,44400,7.0
V004,L010,D0003,B006,CH004,42,40400,5.94
V005,L001,D0003,B007,CH004,28,33400,5.42
V005,L002,D0003,B007,CH004,41,47500,5.71
V005,L003,D0003,B007,CH004,25,37100,4.58
V005,L004,D0003,B007,CH004,50,51700,6.95
V005,L005,D0003,B007,CH004,47,51500,6.9
V005,L006,D0003,B007,CH004,40,45000,6.5
V005,L007,D0003,B007,CH004,57,53000,7.8
V005,L008,D0003,B007,CH004,47,49100,6.53
V005,L009,D0003,B007,CH004,44,49400,6.04
V005,L010,D0003,B007,CH004,51,47100,7.21
V006,L001,D0003,B003,CH003,34,26300,6.58
V006,L002,D0003,B003,CH003,45,34300,6.27
V006,L003,D0003,B003,CH003,31,28100,5.68
V006,L004,D0003,B003,CH003,43,36800,5.98
V006,L005,D0003,B003,CH003,27,34200,3.96
V006,L006,D0003,B003,CH003,36,36100,5.85
V006,L007,D0003,B003,CH003,55,37100,7.52
V006,L008,D0003,B003,CH003,33,35000,4.58
V006,L009,D0003,B003,CH003,47,35100,6.45
V006,L010,D0003,B003,CH003,33,32600,4.67
V007,L001,D0003,B007,CH004,27,31400,5.22
V007,L002,D0003,B007,CH004,42,45000,5.85
V007,L003,D0003,B007,CH004,36,37400,6.59
V007,L004,D0003,B007,CH004,35,47700,4.87
V007,L005,D0003,B007,CH004,43,44400,6.31
V007,L006,D0003,B007,CH004,27,43600,4.39
V007,L007,D0003,B007,CH004,43,47500,5.88
V007,L008,D0003,B007,CH004,39,46900,5.42
V007,L009,D0003,B007,CH004,37,46400,5.08
V007,L010,D0003,B007,CH004,45,46300,6.36
V008,L001,D0003,B002,CH003,33,16400,6.38
V008,L002,D0003,B002,CH003,50,22800,6.96
V008,L003,D0003,B002,CH003,30,17000,5.49
V008,L004,D0003,B002,CH003,27,22700,3.76
V008,L005,D0003,B002,CH003,34,23500,4.99
V008,L006,D0003,B002,CH003,28,20400,4.55
V008,L007,D0003,B002,CH003,35,22400,4.79
V008,L008,D0003,B002,CH003,39,23600,5.42
V008,L009,D0003,B002,CH003,45,21700,6.17
V008,L010,D0003,B002,CH003,41,21900,5.8
V009,L001,D0003,B003,CH003,18,22800,3.48
V009,L002,D0003,B003,CH003,36,29500,5.01
V009,L003,D0003,B003,CH003,37,25900,6.78
V009,L004,D0003,B003,CH003,26,32700,3.62
V009,L005,D0003,B003,CH003,32,32300,4.7
V009,L006,D0003,B003,CH003,25,27900,4.07
V009,L007,D0003,B003,CH003,30,30700,4.1
V009,L008,D0003,B003,CH003,33,32200,4.58
V009,L009,D0003,B003,CH003,35,29200,4.8
V009,L010,D0003,B003,CH003,35,30500,4.95
V010,L001,D0003,B007,CH004,18,42700,3.48
V010,L002,D0003,B007,CH004,22,56700,3.06
V010,L003,D0003,B007,CH004,12,49500,2.2
V010,L004,D0003,B007,CH004,29,62700,4.03
V010,L005,D0003,B007,CH004,27,63800,3.96
V010,L006,D0003,B007,CH004,19,61800,3.09
V010,L007,D0003,B007,CH004,21,65800,2.87
V010,L008,D0003,B007,CH004,39,59800,5.42
V010,L009,D0003,B007,CH004,26,59100,3.57
V010,L010,D0003,B007,CH004,26,56600,3.68
V011,L001,D0003,B005,CH003,19,40400,3.68
V011,L002,D0003,B005,CH003,16,55000,2.23
V011,L003,D0003,B005,CH003,19,43000,3.48
V011,L004,D0003,B005,CH003,24,59200,3.34
V011,L005,D0003,B005,CH003,23,54600,3.38
V011,L006,D0003,B005,CH003,21,55800,3.41
V011,L007,D0003,B005,CH003,19,61600,2.6
V011,L008,D0003,B005,CH003,24,54300,3.33
V011,L009,D0003,B005,CH003,20,55600,2.74
V011,L010,D0003,B005,CH003,25,56500,3.54
V012,L001,D0003,B006,CH003,28,31800,5.42
V012,L002,D0003,B006,CH003,31,44800,4.32
V012,L003,D0003,B006,CH003,27,38200,4.95
V012,L004,D0003,B006,CH003,25,43700,3.48
V012,L005,D0003,B006,CH003,30,48300,4.41
V012,L006,D0003,B006,CH003,33,46700,5.37
V012,L007,D0003,B006,CH003,40,49800,5.47
V012,L008,D0003,B006,CH003,45,49400,6.25
V012,L009,D0003,B006,CH003,31,47600,4.25
V012,L010,D0003,B006,CH003,34,44100,4.81
V013,L001,D0003,B001,CH002,22,23800,4.26
V013,L002,D0003,B001,CH002,26,31800,3.62
V013,L003,D0003,B001,CH002,35,25400,6.41
V013,L004,D0003,B001,CH002,38,32200,5.29
V013,L005,D0003,B001,CH002,25,32700,3.67
V013,L006,D0003,B001,CH002,27,30700,4.39
V013,L007,D0003,B001,CH002,25,34100,3.42
V013,L008,D0003,B001,CH002,34,32900,4.72
V013,L009,D0003,B001,CH002,45,31100,6.17
V013,L010,D0003,B001,CH002,24,33000,3.39
V014,L001,D0003,B004,CH003,20,27400,3.87
V014,L002,D0003,B004,CH003,34,41600,4.74
V014,L003,D0003,B004,CH003,27,34000,4.95
V014,L004,D0003,B004,CH003,18,43500,2.5
V014,L005,D0003,B004,CH003,20,40000,2.94
V014,L006,D0003,B004,CH003,29,41000,4.72
V014,L007,D0003,B004,CH003,35,41300,4.79
V014,L008,D0003,B004,CH003,24,43500,3.33
V014,L009,D0003,B004,CH003,33,39100,4.53
V014,L010,D0003,B004,CH003,32,41200,4.53
V015,L001,D0003,B002,CH004,23,25000,4.45
V015,L002,D0003,B002,CH004,31,34700,4.32
V015,L003,D0003,B002,CH004,20,30600,3.66
V015,L004,D0003,B002,CH004,20,38600,2.78
V015,L005,D0003,B002,CH004,18,36000,2.64
V015,L006,D0003,B002,CH004,18,33200,2.93
V015,L007,D0003,B002,CH004,25,41200,3.42
V015,L008,D0003,B002,CH004,26,39400,3.61
V015,L009,D0003,B002,CH004,23,34500,3.16
V015,L010,D0003,B002,CH004,33,37200,4.67
V016,L001,D0003,B008,CH004,20,36500,3.87
V016,L002,D0003,B008,CH004,45,49800,6.27
V016,L003,D0003,B008,CH004,20,40300,3.66
V016,L004,D0003,B008,CH004,31,54800,4.31
V016,L005,D0003,B008,CH004,32,54400,4.7
V016,L006,D0003,B008,CH004,33,52500,5.37
V016,L007,D0003,B008,CH004,34,55500,4.65
V016,L008,D0003,B008,CH004,36,53700,5.0
V016,L009,D0003,B008,CH004,33,51600,4.53
V016,L010,D0003,B008,CH004,42,48500,5.94
V017,L001,D0003,B010,CH004,4,68800,0.77
V017,L002,D0003,B010,CH004,11,93700,1.53
V017,L003,D0003,B010,CH004,13,78600,2.38
V017,L004,D0003,B010,CH004,13,96500,1.81
V017,L005,D0003,B010,CH004,10,95400,1.47
V017,L006,D0003,B010,CH004,13,92100,2.11
V017,L007,D0003,B010,CH004,11,98400,1.5
V017,L008,D0003,B010,CH004,9,97500,1.25
V017,L009,D0003,B010,CH004,16,97300,2.19
V017,L010,D0003,B010,CH004,15,93200,2.12
V018,L001,D0003,B004,CH002,22,23700,4.26
V018,L002,D0003,B004,CH002,25,34300,3.48
V018,L003,D0003,B004,CH002,24,27000,4.4
V018,L004,D0003,B004,CH002,33,35400,4.59
V018,L005,D0003,B004,CH002,27,34900,3.96
V018,L006,D0003,B004,CH002,22,33500,3.58
V018,L007,D0003,B004,CH002,25,33600,3.42
V018,L008,D0003,B004,CH002,28,34700,3.89
V018,L009,D0003,B004,CH002,36,32000,4.94
V018,L010,D0003,B004,CH002,32,30500,4.53
V019,L001,D0003,B005,CH002,16,30700,3.09
V019,L002,D0003,B005,CH002,19,42200,2.65
V019,L003,D0003,B005,CH002,13,34000,2.38
V019,L004,D0003,B005,CH002,26,45300,3.62
V019,L005,D0003,B005,CH002,15,40800,2.2
V019,L006,D0003,B005,CH002,19,41300,3.09
V019,L007,D0003,B005,CH002,24,46100,3.28
V019,L008,D0003,B005,CH002,21,44500,2.92
V019,L009,D0003,B005,CH002,14,41700,1.92
V019,L010,D0003,B005,CH002,12,43500,1.7
V020,L001,D0003,B003,CH002,28,27500,5.42
V020,L002,D0003,B003,CH002,42,36200,5.85
V020,L003,D0003,B003,CH002,31,32100,5.68
V020,L004,D0003,B003,CH002,52,37600,7.23
V020,L005,D0003,B003,CH002,44,37300,6.46
V020,L006,D0003,B003,CH002,43,36300,6.99
V020,L007,D0003,B003,CH002,39,40000,5.34
V020,L008,D0003,B003,CH002,53,38200,7.36
V020,L009,D0003,B003,CH002,42,38600,5.76
V020,L010,D0003,B003,CH002,38,36600,5.37
V001,L001,D0004,B004,CH004,38,29600,7.14
V001,L002,D0004,B004,CH004,55,42400,8.06
V001,L003,D0004,B004,CH004,36,32500,6.2
V001,L004,D0004,B004,CH004,47,43100,6.55
V001,L005,D0004,B004,CH004,46,41000,6.78
V001,L006,D0004,B004,CH004,45,42600,6.63
V001,L007,D0004,B004,CH004,65,47400,8.52
V001,L008,D0004,B004,CH004,56,44200,7.64
V001,L009,D0004,B004,CH004,47,44100,6.95
V001,L010,D0004,B004,CH004,40,42800,5.98
V002,L001,D0004,B006,CH004,43,33700,8.08
V002,L002,D0004,B006,CH004,58,46600,8.5
V002,L003,D0004,B006,CH004,37,38100,6.37
V002,L004,D0004,B006,CH004,60,46800,8.36
V002,L005,D0004,B006,CH004,63,46300,9.29
V002,L006,D0004,B006,CH004,53,44600,7.81
V002,L007,D0004,B006,CH004,63,49700,8.26
V002,L008,D0004,B006,CH004,55,48100,7.5
V002,L009,D0004,B006,CH004,47,50400,6.95
V002,L010,D0004,B006,CH004,57,47400,8.52
V003,L001,D0004,B003,CH003,30,21700,5.64
V003,L002,D0004,B003,CH003,51,28700,7.48
V003,L003,D0004,B003,CH003,41,25900,7.06
V003,L004,D0004,B003,CH003,59,30500,8.22
V003,L005,D0004,B003,CH003,42,30300,6.19
V003,L006,D0004,B003,CH003,49,28000,7.22
V003,L007,D0004,B003,CH003,51,34000,6.68
V003,L008,D0004,B003,CH003,66,32700,9.0
V003,L009,D0004,B003,CH003,48,28900,7.1
V003,L010,D0004,B003,CH003,57,30200,8.52
V004,L001,D0004,B006,CH004,37,29500,6.95
V004,L002,D0004,B006,CH004,53,42900,7.77
V004,L003,D0004,B006,CH004,53,34900,9.12
V004,L004,D0004,B006,CH004,42,41500,5.85
V004,L005,D0004,B006,CH004,47,43400,6.93
V004,L006,D0004,B006,CH004,39,43500,5.74
V004,L007,D0004,B006,CH004,52,43000,6.82
V004,L008,D0004,B006,CH004,46,43000,6.28
V004,L009,D0004,B006,CH004,40,42400,5.92
V004,L010,D0004,B006,CH004,42,40900,6.28
V005,L001,D0004,B007,CH004,31,34300,5.83
V005,L002,D0004,B007,CH004,40,50200,5.87
V005,L003,D0004,B007,CH004,28,39300,4.82
V005,L004,D0004,B007,CH004,33,48200,4.6
V005,L005,D0004,B007,CH004,39,47200,5.75
V005,L006,D0004,B007,CH004,48,49800,7.07
V005,L007,D0004,B007,CH004,51,52200,6.68
V005,L008,D0004,B007,CH004,43,50600,5.87
V005,L009,D0004,B007,CH004,52,47900,7.69
V005,L010,D0004,B007,CH004,41,44300,6.13
V006,L001,D0004,B003,CH003,27,24000,5.08
V006,L002,D0004,B003,CH003,35,33100,5.13
V006,L003,D0004,B003,CH003,33,28800,5.68
V006,L004,D0004,B003,CH003,35,37400,4.87
V006,L005,D0004,B003,CH003,34,37200,5.01
V006,L006,D0004,B003,CH003,41,32300,6.04
V006,L007,D0004,B003,CH003,51,35900,6.68
V006,L008,D0004,B003,CH003,45,36300,6.14
V006,L009,D0004,B003,CH003,36,34700,5.33
V006,L010,D0004,B003,CH003,43,33400,6.43
V007,L001,D0004,B007,CH004,25,33400,4.7
V007,L002,D0004,B007,CH004,33,46700,4.84
V007,L003,D0004,B007,CH004,31,35900,5.34
V007,L004,D0004,B007,CH004,35,47600,4.87
V007,L005,D0004,B007,CH004,32,44700,4.72
V007,L006,D0004,B007,CH004,36,44800,5.3
V007,L007,D0004,B007,CH004,46,48600,6.03
V007,L008,D0004,B007,CH004,47,45900,6.41
V007,L009,D0004,B007,CH004,42,48000,6.21
V007,L010,D0004,B007,CH004,42,42700,6.28
V008,L001,D0004,B002,CH003,32,16200,6.02
V008,L002,D0004,B002,CH003,41,22400,6.01
V008,L003,D0004,B002,CH003,31,17000,5.34
V008,L004,D0004,B002,CH003,36,24000,5.01
V008,L005,D0004,B002,CH003,46,22500,6.78
V008,L006,D0004,B002,CH003,43,21600,6.33
V008,L007,D0004,B002,CH003,26,25100,3.41
V008,L008,D0004,B002,CH003,45,21900,6.14
V008,L009,D0004,B002,CH003,35,21500,5.18
V008,L010,D0004,B002,CH003,28,20800,4.19
V009,L001,D0004,B003,CH003,23,22300,4.32
V009,L002,D0004,B003,CH003,33,31400,4.84
V009,L003,D0004,B003,CH003,27,25100,4.65
V009,L004,D0004,B003,CH003,29,31700,4.04
V009,L005,D0004,B003,CH003,28,30000,4.13
V009,L006,D0004,B003,CH003,35,28300,5.15
V009,L007,D0004,B003,CH003,41,33200,5.37
V009,L008,D0004,B003,CH003,32,31400,4.37
V009,L009,D0004,B003,CH003,32,29000,4.73
V009,L010,D0004,B003,CH003,32,30600,4.78
V010,L001,D0004,B007,CH004,22,41700,4.14
V010,L002,D0004,B007,CH004,25,56900,3.67
V010,L003,D0004,B007,CH004,26,50500,4.48
V010,L004,D0004,B007,CH004,31,64900,4.32
V010,L005,D0004,B007,CH004,23,62500,3.39
V010,L006,D0004,B007,CH004,19,62100,2.8
V010,L007,D0004,B007,CH004,32,62300,4.19
V010,L008,D0004,B007,CH004,33,63100,4.5
V010,L009,D0004,B007,CH004,16,58100,2.37
V010,L010,D0004,B007,CH004,24,56000,3.59
V011,L001,D0004,B005,CH003,22,38000,4.14
V011,L002,D0004,B005,CH003,17,53200,2.49
V011,L003,D0004,B005,CH003,19,43200,3.27
V011,L004,D0004,B005,CH003,27,54000,3.76
V011,L005,D0004,B005,CH003,19,58000,2.8
V011,L006,D0004,B005,CH003,21,54700,3.09
V011,L007,D0004,B005,CH003,24,56700,3.15
V011,L008,D0004,B005,CH003,29,54900,3.96
V011,L009,D0004,B005,CH003,27,54600,3.99
V011,L010,D0004,B005,CH003,17,50700,2.54
V012,L001,D0004,B006,CH003,36,33400,6.77
V012,L002,D0004,B006,CH003,43,47300,6.3
V012,L003,D0004,B006,CH003,28,38600,4.82
V012,L004,D0004,B006,CH003,43,46000,5.99
V012,L005,D0004,B006,CH003,28,43300,4.13
V012,L006,D0004,B006,CH003,48,46100,7.07
V012,L007,D0004,B006,CH003,40,46300,5.24
V012,L008,D0004,B006,CH003,31,46300,4.23
V012,L009,D0004,B006,CH003,33,44500,4.88
V012,L010,D0004,B006,CH003,32,43500,4.78
V013,L001,D0004,B001,CH002,29,21700,5.45
V013,L002,D0004,B001,CH002,30,31300,4.4
V013,L003,D0004,B001,CH002,31,27300,5.34
V013,L004,D0004,B001,CH002,26,34600,3.62
V013,L005,D0004,B001,CH002,26,30800,3.83
V013,L006,D0004,B001,CH002,26,31100,3.83
V013,L007,D0004,B001,CH002,26,33800,3.41
V013,L008,D0004,B001,CH002,27,32300,3.68
V013,L009,D0004,B001,CH002,33,33900,4.88
V013,L010,D0004,B001,CH002,31,31200,4.63
V014,L001,D0004,B004,CH003,19,28900,3.57
V014,L002,D0004,B004,CH003,29,42200,4.25
V014,L003,D0004,B004,CH003,24,32500,4.13
V014,L004,D0004,B004,CH003,43,42800,5.99
V014,L005,D0004,B004,CH003,25,40000,3.69
V014,L006,D0004,B004,CH003,26,40600,3.83
V014,L007,D0004,B004,CH003,34,41100,4.46
V014,L008,D0004,B004,CH003,26,39400,3.55
V014,L009,D0004,B004,CH003,35,42200,5.18
V014,L010,D0004,B004,CH003,31,37200,4.63
V015,L001,D0004,B002,CH004,20,26200,3.76
V015,L002,D0004,B002,CH004,19,34400,2.79
V015,L003,D0004,B002,CH004,14,29600,2.41
V015,L004,D0004,B002,CH004,17,38900,2.37
V015,L005,D0004,B002,CH004,23,37400,3.39
V015,L006,D0004,B002,CH004,19,36700,2.8
V015,L007,D0004,B002,CH004,25,39600,3.28
V015,L008,D0004,B002,CH004,24,36900,3.27
V015,L009,D0004,B002,CH004,20,34900,2.96
V015,L010,D0004,B002,CH004,26,34100,3.89
V016,L001,D0004,B008,CH004,25,36100,4.7
V016,L002,D0004,B008,CH004,31,49000,4.55
V016,L003,D0004,B008,CH004,36,40400,6.2
V016,L004,D0004,B008,CH004,38,52400,5.29
V016,L005,D0004,B008,CH004,38,52000,5.6
V016,L006,D0004,B008,CH004,29,52700,4.27
V016,L007,D0004,B008,CH004,36,57600,4.72
V016,L008,D0004,B008,CH004,27,56700,3.68
V016,L009,D0004,B008,CH004,33,50700,4.88
V016,L010,D0004,B008,CH004,28,48500,4.19
V017,L001,D0004,B010,CH004,7,68600,1.32
V017,L002,D0004,B010,CH004,10,93700,1.47
V017,L003,D0004,B010,CH004,13,80300,2.24
V017,L004,D0004,B010,CH004,13,99200,1.81
V017,L005,D0004,B010,CH004,18,95600,2.65
V017,L006,D0004,B010,CH004,17,89400,2.5
V017,L007,D0004,B010,CH004,16,101300,2.1
V017,L008,D0004,B010,CH004,12,103900,1.64
V017,L009,D0004,B010,CH004,20,100400,2.96
V017,L010,D0004,B010,CH004,13,96800,1.94
V018,L001,D0004,B004,CH002,17,24700,3.2
V018,L002,D0004,B004,CH002,24,31400,3.52
V018,L003,D0004,B004,CH002,27,27900,4.65
V018,L004,D0004,B004,CH002,41,32100,5.71
V018,L005,D0004,B004,CH002,36,33600,5.31
V018,L006,D0004,B004,CH002,26,33100,3.83
V018,L007,D0004,B004,CH002,34,35500,4.46
V018,L008,D0004,B004,CH002,29,35400,3.96
V018,L009,D0004,B004,CH002,30,32300,4.44
V018,L010,D0004,B004,CH002,19,32100,2.84
V019,L001,D0004,B005,CH002,12,30200,2.26
V019,L002,D0004,B005,CH002,14,41000,2.05
V019,L003,D0004,B005,CH002,18,33700,3.1
V019,L004,D0004,B005,CH002,18,42700,2.51
V019,L005,D0004,B005,CH002,24,44700,3.54
V019,L006,D0004,B005,CH002,20,39500,2.95
V019,L007,D0004,B005,CH002,16,47200,2.1
V019,L008,D0004,B005,CH002,11,41100,1.5
V019,L009,D0004,B005,CH002,18,44400,2.66
V019,L010,D0004,B005,CH002,25,42100,3.74
V020,L001,D0004,B003,CH002,37,26200,6.95
V020,L002,D0004,B003,CH002,41,37500,6.01
V020,L003,D0004,B003,CH002,28,31200,4.82
V020,L004,D0004,B003,CH002,45,39300,6.27
V020,L005,D0004,B003,CH002,41,38500,6.05
V020,L006,D0004,B003,CH002,39,35600,5.74
V020,L007,D0004,B003,CH002,34,39000,4.46
V020,L008,D0004,B003,CH002,49,39500,6.68
V020,L009,D0004,B003,CH002,32,39600,4.73
V020,L010,D0004,B003,CH002,41,37400,6.13
V001,L001,D0005,B004,CH004,38,29600,7.71
V001,L002,D0005,B004,CH004,42,40300,5.71
V001,L003,D0005,B004,CH004,39,32500,6.41
V001,L004,D0005,B004,CH004,62,42500,8.34
V001,L005,D0005,B004,CH004,70,45100,9.67
V001,L006,D0005,B004,CH004,56,43500,7.83
V001,L007,D0005,B004,CH004,63,48100,8.11
V001,L008,D0005,B004,CH004,62,42500,8.33
V001,L009,D0005,B004,CH004,46,39700,6.6
V001,L010,D0005,B004,CH004,61,42700,9.0
V002,L001,D0005,B006,CH004,39,32600,7.91
V002,L002,D0005,B006,CH004,54,46000,7.35
V002,L003,D0005,B006,CH004,47,39300,7.73
V002,L004,D0005,B006,CH004,63,52000,8.48
V002,L005,D0005,B006,CH004,51,47000,7.04
V002,L006,D0005,B006,CH004,62,48200,8.67
V002,L007,D0005,B006,CH004,71,54000,9.14
V002,L008,D0005,B006,CH004,56,49500,7.53
V002,L009,D0005,B006,CH004,66,46300,9.47
V002,L010,D0005,B006,CH004,50,48700,7.37
V003,L001,D0005,B003,CH003,34,21400,6.9
V003,L002,D0005,B003,CH003,47,28700,6.39
V003,L003,D0005,B003,CH003,46,23600,7.57
V003,L004,D0005,B003,CH003,44,30300,5.92
V003,L005,D0005,B003,CH003,54,31300,7.46
V003,L006,D0005,B003,CH003,48,27800,6.71
V003,L007,D0005,B003,CH003,56,33300,7.21
V003,L008,D0005,B003,CH003,39,30000,5.24
V003,L009,D0005,B003,CH003,43,28600,6.17
V003,L010,D0005,B003,CH003,40,28300,5.9
V004,L001,D0005,B006,CH004,41,28400,8.32
V004,L002,D0005,B006,CH004,52,40100,7.07
V004,L003,D0005,B006,CH004,43,36200,7.07
V004,L004,D0005,B006,CH004,46,42600,6.19
V004,L005,D0005,B006,CH004,38,42600,5.25
V004,L006,D0005,B006,CH004,58,41900,8.11
V004,L007,D0005,B006,CH004,62,45100,7.98
V004,L008,D0005,B006,CH004,51,42100,6.85
V004,L009,D0005,B006,CH004,49,44200,7.03
V004,L010,D0005,B006,CH004,53,39900,7.82
V005,L001,D0005,B007,CH004,30,36100,6.09
V005,L002,D0005,B007,CH004,43,46200,5.85
V005,L003,D0005,B007,CH004,34,39600,5.59
V005,L004,D0005,B007,CH004,54,50700,7.27
V005,L005,D0005,B007,CH004,50,49300,6.91
V005,L006,D0005,B007,CH004,39,47200,5.45
V005,L007,D0005,B007,CH004,63,54700,8.11
V005,L008,D0005,B007,CH004,50,47900,6.72
V005,L009,D0005,B007,CH004,38,45200,5.45
V005,L010,D0005,B007,CH004,35,47100,5.16
V006,L001,D0005,B003,CH003,25,24800,5.07
V006,L002,D0005,B003,CH003,45,34900,6.12
V006,L003,D0005,B003,CH003,42,28400,6.91
V006,L004,D0005,B003,CH003,41,36900,5.52
V006,L005,D0005,B003,CH003,39,34700,5.39
V006,L006,D0005,B003,CH003,38,36300,5.31
V006,L007,D0005,B003,CH003,42,39800,5.41
V006,L008,D0005,B003,CH003,43,37400,5.78
V006,L009,D0005,B003,CH003,48,37000,6.89
V006,L010,D0005,B003,CH003,52,35500,7.67
V007,L001,D0005,B007,CH004,33,31200,6.69
V007,L002,D0005,B007,CH004,45,44400,6.12
V007,L003,D0005,B007,CH004,43,38600,7.07
V007,L004,D0005,B007,CH004,42,49100,5.65
V007,L005,D0005,B007,CH004,34,48500,4.7
V007,L006,D0005,B007,CH004,44,45900,6.15
V007,L007,D0005,B007,CH004,39,47900,5.02
V007,L008,D0005,B007,CH004,41,46800,5.51
V007,L009,D0005,B007,CH004,32,45200,4.59
V007,L010,D0005,B007,CH004,46,47100,6.78
V008,L001,D0005,B002,CH003,24,15000,4.87
V008,L002,D0005,B002,CH003,36,21600,4.9
V008,L003,D0005,B002,CH003,19,18200,3.12
V008,L004,D0005,B002,CH003,37,22600,4.98
V008,L005,D0005,B002,CH003,46,22000,6.35
V008,L006,D0005,B002,CH003,44,21900,6.15
V008,L007,D0005,B002,CH003,46,23500,5.92
V008,L008,D0005,B002,CH003,41,22000,5.51
V008,L009,D0005,B002,CH003,33,22500,4.73
V008,L010,D0005,B002,CH003,27,22600,3.98
V009,L001,D0005,B003,CH003,24,21600,4.87
V009,L002,D0005,B003,CH003,21,29400,2.86
V009,L003,D0005,B003,CH003,34,25400,5.59
V009,L004,D0005,B003,CH003,38,30100,5.11
V009,L005,D0005,B003,CH003,42,29100,5.8
V009,L006,D0005,B003,CH003,32,29200,4.48
V009,L007,D0005,B003,CH003,33,31600,4.25
V009,L008,D0005,B003,CH003,49,31300,6.59
V009,L009,D0005,B003,CH003,33,29400,4.73
V009,L010,D0005,B003,CH003,32,30100,4.72
V010,L001,D0005,B007,CH004,19,41600,3.85
V010,L002,D0005,B007,CH004,32,57300,4.35
V010,L003,D0005,B007,CH004,21,51800,3.45
V010,L004,D0005,B007,CH004,24,58600,3.23
V010,L005,D0005,B007,CH004,16,62700,2.21
V010,L006,D0005,B007,CH004,26,58600,3.64
V010,L007,D0005,B007,CH004,21,62100,2.7
V010,L008,D0005,B007,CH004,25,65500,3.36
V010,L009,D0005,B007,CH004,24,63100,3.44
V010,L010,D0005,B007,CH004,23,56200,3.39
V011,L001,D0005,B005,CH003,13,40400,2.64
V011,L002,D0005,B005,CH003,27,51700,3.67
V011,L003,D0005,B005,CH003,21,47300,3.45
V011,L004,D0005,B005,CH003,22,58900,2.96
V011,L005,D0005,B005,CH003,28,55400,3.87
V011,L006,D0005,B005,CH003,28,52000,3.92
V011,L007,D0005,B005,CH003,29,56500,3.73
V011,L008,D0005,B005,CH003,24,59500,3.23
V011,L009,D0005,B005,CH003,20,55900,2.87
V011,L010,D0005,B005,CH003,22,56500,3.24
V012,L001,D0005,B006,CH003,25,34000,5.07
V012,L002,D0005,B006,CH003,56,43900,7.62
V012,L003,D0005,B006,CH003,30,36600,4.93
V012,L004,D0005,B006,CH003,30,44100,4.04
V012,L005,D0005,B006,CH003,34,47900,4.7
V012,L006,D0005,B006,CH003,27,44500,3.78
V012,L007,D0005,B006,CH003,39,51000,5.02
V012,L008,D0005,B006,CH003,45,47700,6.05
V012,L009,D0005,B006,CH003,21,46700,3.01
V012,L010,D0005,B006,CH003,33,43900,4.87
V013,L001,D0005,B001,CH002,20,22100,4.06
V013,L002,D0005,B001,CH002,37,31100,5.03
V013,L003,D0005,B001,CH002,31,27100,5.1
V013,L004,D0005,B001,CH002,34,31600,4.58
V013,L005,D0005,B001,CH002,27,30700,3.73
V013,L006,D0005,B001,CH002,26,33100,3.64
V013,L007,D0005,B001,CH002,28,33300,3.6
V013,L008,D0005,B001,CH002,28,31700,3.76
V013,L009,D0005,B001,CH002,38,32800,5.45
V013,L010,D0005,B001,CH002,35,31600,5.16
V014,L001,D0005,B004,CH003,19,28200,3.85
V014,L002,D0005,B004,CH003,39,40100,5.31
V014,L003,D0005,B004,CH003,25,33900,4.11
V014,L004,D0005,B004,CH003,32,40900,4.31
V014,L005,D0005,B004,CH003,30,39700,4.14
V014,L006,D0005,B004,CH003,33,40200,4.62
V014,L007,D0005,B004,CH003,28,41900,3.6
V014,L008,D0005,B004,CH003,24,40600,3.23
V014,L009,D0005,B004,CH003,36,40000,5.16
V014,L010,D0005,B004,CH003,27,41100,3.98
V015,L001,D0005,B002,CH004,22,25500,4.46
V015,L002,D0005,B002,CH004,26,38000,3.54
V015,L003,D0005,B002,CH004,21,30800,3.45
V015,L004,D0005,B002,CH004,18,35800,2.42
V015,L005,D0005,B002,CH004,19,38400,2.62
V015,L006,D0005,B002,CH004,27,36500,3.78
V015,L007,D0005,B002,CH004,26,38800,3.35
V015,L008,D0005,B002,CH004,24,38000,3.23
V015,L009,D0005,B002,CH004,29,35400,4.16
V015,L010,D0005,B002,CH004,25,37200,3.69
V016,L001,D0005,B008,CH004,14,38000,2.84
V016,L002,D0005,B008,CH004,27,49700,3.67
V016,L003,D0005,B008,CH004,35,42500,5.76
V016,L004,D0005,B008,CH004,44,51700,5.92
V016,L005,D0005,B008,CH004,43,50500,5.94
V016,L006,D0005,B008,CH004,32,52200,4.48
V016,L007,D0005,B008,CH004,33,58000,4.25
V016,L008,D0005,B008,CH004,39,54600,5.24
V016,L009,D0005,B008,CH004,43,51700,6.17
V016,L010,D0005,B008,CH004,29,48500,4.28
V017,L001,D0005,B010,CH004,9,66000,1.83
V017,L002,D0005,B010,CH004,16,93500,2.18
V017,L003,D0005,B010,CH004,10,78000,1.64
V017,L004,D0005,B010,CH004,20,99900,2.69
V017,L005,D0005,B010,CH004,16,100800,2.21
V017,L006,D0005,B010,CH004,14,98400,1.96
V017,L007,D0005,B010,CH004,5,100600,0.64
V017,L008,D0005,B010,CH004,9,94300,1.21
V017,L009,D0005,B010,CH004,13,95900,1.87
V017,L010,D0005,B010,CH004,9,92400,1.33
V018,L001,D0005,B004,CH002,24,24800,4.87
V018,L002,D0005,B004,CH002,30,33300,4.08
V018,L003,D0005,B004,CH002,27,26800,4.44
V018,L004,D0005,B004,CH002,25,34600,3.36
V018,L005,D0005,B004,CH002,38,34800,5.25
V018,L006,D0005,B004,CH002,36,32900,5.03
V018,L007,D0005,B004,CH002,35,35000,4.5
V018,L008,D0005,B004,CH002,27,34900,3.63
V018,L009,D0005,B004,CH002,29,31800,4.16
V018,L010,D0005,B004,CH002,16,33100,2.36
V019,L001,D0005,B005,CH002,19,30900,3.85
V019,L002,D0005,B005,CH002,11,39800,1.5
V019,L003,D0005,B005,CH002,11,34800,1.81
V019,L004,D0005,B005,CH002,23,44200,3.1
V019,L005,D0005,B005,CH002,12,42800,1.66
V019,L006,D0005,B005,CH002,10,41700,1.4
V019,L007,D0005,B005,CH002,20,47200,2.57
V019,L008,D0005,B005,CH002,25,42600,3.36
V019,L009,D0005,B005,CH002,20,43500,2.87
V019,L010,D0005,B005,CH002,22,42100,3.24
V020,L001,D0005,B003,CH002,21,26100,4.26
V020,L002,D0005,B003,CH002,49,36300,6.67
V020,L003,D0005,B003,CH002,29,32400,4.77
V020,L004,D0005,B003,CH002,44,39600,5.92
V020,L005,D0005,B003,CH002,37,38100,5.11
V020,L006,D0005,B003,CH002,35,35700,4.9
V020,L007,D0005,B003,CH002,38,40500,4.89
V020,L008,D0005,B003,CH002,42,40600,5.65
V020,L009,D0005,B003,CH002,36,36100,5.16
V020,L010,D0005,B003,CH002,41,36500,6.05
V001,L001,D0006,B004,CH004,38,31800,7.16
V001,L002,D0006,B004,CH004,58,42900,8.23
V001,L003,D0006,B004,CH004,46,34800,7.86
V001,L004,D0006,B004,CH004,33,41800,4.64
V001,L005,D0006,B004,CH004,63,43600,8.31
V001,L006,D0006,B004,CH004,53,39700,7.57
V001,L007,D0006,B004,CH004,50,44300,6.79
V001,L008,D0006,B004,CH004,58,42400,7.42
V001,L009,D0006,B004,CH004,51,43100,7.63
V001,L010,D0006,B004,CH004,48,42200,7.01
V002,L001,D0006,B006,CH004,31,33300,5.84
V002,L002,D0006,B006,CH004,68,49800,9.65
V002,L003,D0006,B006,CH004,43,40400,7.35
V002,L004,D0006,B006,CH004,54,48400,7.59
V002,L005,D0006,B006,CH004,62,50100,8.18
V002,L006,D0006,B006,CH004,45,44600,6.43
V002,L007,D0006,B006,CH004,71,50900,9.65
V002,L008,D0006,B006,CH004,58,50000,7.42
V002,L009,D0006,B006,CH004,49,48600,7.34
V002,L010,D0006,B006,CH004,52,49600,7.59
V003,L001,D0006,B003,CH003,33,22900,6.21
V003,L002,D0006,B003,CH003,50,31000,7.09
V003,L003,D0006,B003,CH003,36,25600,6.15
V003,L004,D0006,B003,CH003,51,31900,7.17
V003,L005,D0006,B003,CH003,44,30900,5.8
V003,L006,D0006,B003,CH003,55,30400,7.86
V003,L007,D0006,B003,CH003,40,33900,5.43
V003,L008,D0006,B003,CH003,61,32200,7.8
V003,L009,D0006,B003,CH003,43,29800,6.44
V003,L010,D0006,B003,CH003,47,30800,6.86
V004,L001,D0006,B006,CH004,41,31600,7.72
V004,L002,D0006,B006,CH004,54,41100,7.66
V004,L003,D0006,B006,CH004,34,33300,5.81
V004,L004,D0006,B006,CH004,55,44700,7.74
V004,L005,D0006,B006,CH004,55,45000,7.26
V004,L006,D0006,B006,CH004,49,41200,7.0
V004,L007,D0006,B006,CH004,50,44300,6.79
V004,L008,D0006,B006,CH004,63,44800,8.06
V004,L009,D0006,B006,CH004,47,40100,7.04
V004,L010,D0006,B006,CH004,38,41200,5.55
V005,L001,D0006,B007,CH004,33,33300,6.21
V005,L002,D0006,B007,CH004,46,47500,6.52
V005,L003,D0006,B007,CH004,37,37200,6.32
V005,L004,D0006,B007,CH004,32,50400,4.5
V005,L005,D0006,B007,CH004,39,50500,5.15
V005,L006,D0006,B007,CH004,34,44300,4.86
V005,L007,D0006,B007,CH004,39,52700,5.3
V005,L008,D0006,B007,CH004,51,47900,6.52
V005,L009,D0006,B007,CH004,40,46300,5.99
V005,L010,D0006,B007,CH004,53,46600,7.74
V006,L001,D0006,B003,CH003,42,24600,7.91
V006,L002,D0006,B003,CH003,38,36300,5.39
V006,L003,D0006,B003,CH003,38,28700,6.5
V006,L004,D0006,B003,CH003,45,35500,6.33
V006,L005,D0006,B003,CH003,49,34300,6.46
V006,L006,D0006,B003,CH003,34,35000,4.86
V006,L007,D0006,B003,CH003,39,38800,5.3
V006,L008,D0006,B003,CH003,51,38200,6.52
V006,L009,D0006,B003,CH003,38,35200,5.69
V006,L010,D0006,B003,CH003,38,32600,5.55
V007,L001,D0006,B007,CH004,42,34400,7.91
V007,L002,D0006,B007,CH004,41,43300,5.82
V007,L003,D0006,B007,CH004,30,38900,5.13
V007,L004,D0006,B007,CH004,39,47200,5.49
V007,L005,D0006,B007,CH004,48,48700,6.33
V007,L006,D0006,B007,CH004,44,43100,6.29
V007,L007,D0006,B007,CH004,43,47500,5.84
V007,L008,D0006,B007,CH004,43,48700,5.5
V007,L009,D0006,B007,CH004,34,44900,5.09
V007,L010,D0006,B007,CH004,42,46100,6.13
V008,L001,D0006,B002,CH003,32,16600,6.03
V008,L002,D0006,B002,CH003,35,20900,4.96
V008,L003,D0006,B002,CH003,32,17900,5.47
V008,L004,D0006,B002,CH003,42,21500,5.91
V008,L005,D0006,B002,CH003,35,21400,4.62
V008,L006,D0006,B002,CH003,39,22500,5.57
V008,L007,D0006,B002,CH003,44,23100,5.98
V008,L008,D0006,B002,CH003,29,23500,3.71
V008,L009,D0006,B002,CH003,41,23300,6.14
V008,L010,D0006,B002,CH003,36,22600,5.26
V009,L001,D0006,B003,CH003,21,21100,3.95
V009,L002,D0006,B003,CH003,34,30500,4.82
V009,L003,D0006,B003,CH003,25,25400,4.27
V009,L004,D0006,B003,CH003,30,30800,4.22
V009,L005,D0006,B003,CH003,46,31800,6.07
V009,L006,D0006,B003,CH003,31,27900,4.43
V009,L007,D0006,B003,CH003,42,32600,5.71
V009,L008,D0006,B003,CH003,38,32700,4.86
V009,L009,D0006,B003,CH003,26,29100,3.89
V009,L010,D0006,B003,CH003,30,29000,4.38
V010,L001,D0006,B007,CH004,14,42900,2.64
V010,L002,D0006,B007,CH004,27,59200,3.83
V010,L003,D0006,B007,CH004,14,47600,2.39
V010,L004,D0006,B007,CH004,30,59000,4.22
V010,L005,D0006,B007,CH004,24,63600,3.17
V010,L006,D0006,B007,CH004,22,55300,3.14
V010,L007,D0006,B007,CH004,27,65800,3.67
V010,L008,D0006,B007,CH004,23,65600,2.94
V010,L009,D0006,B007,CH004,26,60300,3.89
V010,L010,D0006,B007,CH004,33,62300,4.82
V011,L001,D0006,B005,CH003,22,41700,4.14
V011,L002,D0006,B005,CH003,19,55300,2.7
V011,L003,D0006,B005,CH003,24,45900,4.1
V011,L004,D0006,B005,CH003,28,54800,3.94
V011,L005,D0006,B005,CH003,26,53200,3.43
V011,L006,D0006,B005,CH003,25,54300,3.57
V011,L007,D0006,B005,CH003,24,56500,3.26
V011,L008,D0006,B005,CH003,15,57000,1.92
V011,L009,D0006,B005,CH003,19,56000,2.84
V011,L010,D0006,B005,CH003,16,53700,2.34
V012,L001,D0006,B006,CH003,25,34000,4.71
V012,L002,D0006,B006,CH003,38,42800,5.39
V012,L003,D0006,B006,CH003,25,37400,4.27
V012,L004,D0006,B006,CH003,40,44000,5.63
V012,L005,D0006,B006,CH003,44,45100,5.8
V012,L006,D0006,B006,CH003,36,45000,5.14
V012,L007,D0006,B006,CH003,37,50600,5.03
V012,L008,D0006,B006,CH003,43,46400,5.5
V012,L009,D0006,B006,CH003,24,45800,3.59
V012,L010,D0006,B006,CH003,35,42900,5.11
V013,L001,D0006,B001,CH002,20,22700,3.77
V013,L002,D0006,B001,CH002,24,31200,3.4
V013,L003,D0006,B001,CH002,36,26000,6.15
V013,L004,D0006,B001,CH002,34,33500,4.78
V013,L005,D0006,B001,CH002,54,31900,7.12
V013,L006,D0006,B001,CH002,41,29800,5.86
V013,L007,D0006,B001,CH002,33,33000,4.48
V013,L008,D0006,B001,CH002,33,34100,4.22
V013,L009,D0006,B001,CH002,33,33400,4.94
V013,L010,D0006,B001,CH002,36,31500,5.26
V014,L001,D0006,B004,CH003,17,28900,3.2
V014,L002,D0006,B004,CH003,27,41200,3.83
V014,L003,D0006,B004,CH003,25,32700,4.27
V014,L004,D0006,B004,CH003,27,41100,3.8
V014,L005,D0006,B004,CH003,25,40900,3.3
V014,L006,D0006,B004,CH003,30,39900,4.29
V014,L007,D0006,B004,CH003,31,45000,4.21
V014,L008,D0006,B004,CH003,46,40100,5.88
V014,L009,D0006,B004,CH003,31,39800,4.64
V014,L010,D0006,B004,CH003,35,40700,5.11
V015,L001,D0006,B002,CH004,17,24400,3.2
V015,L002,D0006,B002,CH004,26,37500,3.69
V015,L003,D0006,B002,CH004,18,28900,3.08
V015,L004,D0006,B002,CH004,26,38400,3.66
V015,L005,D0006,B002,CH004,24,38500,3.17
V015,L006,D0006,B002,CH004,23,33600,3.29
V015,L007,D0006,B002,CH004,23,38000,3.12
V015,L008,D0006,B002,CH004,22,39100,2.81
V015,L009,D0006,B002,CH004,26,34200,3.89
V015,L010,D0006,B002,CH004,27,36300,3.94
V016,L001,D0006,B008,CH004,33,36200,6.21
V016,L002,D0006,B008,CH004,27,51400,3.83
V016,L003,D0006,B008,CH004,36,42300,6.15
V016,L004,D0006,B008,CH004,38,55200,5.34
V016,L005,D0006,B008,CH004,22,50100,2.9
V016,L006,D0006,B008,CH004,32,49400,4.57
V016,L007,D0006,B008,CH004,25,56300,3.4
V016,L008,D0006,B008,CH004,45,57200,5.75
V016,L009,D0006,B008,CH004,37,54700,5.54
V016,L010,D0006,B008,CH004,31,49500,4.53
V017,L001,D0006,B010,CH004,10,68600,1.88
V017,L002,D0006,B010,CH004,18,94000,2.55
V017,L003,D0006,B010,CH004,5,73800,0.85
V017,L004,D0006,B010,CH004,16,97600,2.25
V017,L005,D0006,B010,CH004,10,100500,1.32
V017,L006,D0006,B010,CH004,11,87700,1.57
V017,L007,D0006,B010,CH004,11,108100,1.49
V017,L008,D0006,B010,CH004,13,93600,1.66
V017,L009,D0006,B010,CH004,12,90100,1.8
V017,L010,D0006,B010,CH004,8,97300,1.17
V018,L001,D0006,B004,CH002,22,22300,4.14
V018,L002,D0006,B004,CH002,26,33800,3.69
V018,L003,D0006,B004,CH002,18,25800,3.08
V018,L004,D0006,B004,CH002,32,35400,4.5
V018,L005,D0006,B004,CH002,28,33300,3.69
V018,L006,D0006,B004,CH002,32,33200,4.57
V018,L007,D0006,B004,CH002,36,35500,4.89
V018,L008,D0006,B004,CH002,26,32900,3.32
V018,L009,D0006,B004,CH002,30,33200,4.49
V018,L010,D0006,B004,CH002,25,31600,3.65
V019,L001,D0006,B005,CH002,13,29200,2.45
V019,L002,D0006,B005,CH002,18,40400,2.55
V019,L003,D0006,B005,CH002,25,33000,4.27
V019,L004,D0006,B005,CH002,19,42100,2.67
V019,L005,D0006,B005,CH002,20,44200,2.64
V019,L006,D0006,B005,CH002,19,39700,2.71
V019,L007,D0006,B005,CH002,22,44600,2.99
V019,L008,D0006,B005,CH002,30,44100,3.84
V019,L009,D0006,B005,CH002,19,40100,2.84
V019,L010,D0006,B005,CH002,18,41200,2.63
V020,L001,D0006,B003,CH002,25,26200,4.71
V020,L002,D0006,B003,CH002,31,39800,4.4
V020,L003,D0006,B003,CH002,38,30600,6.5
V020,L004,D0006,B003,CH002,40,40800,5.63
V020,L005,D0006,B003,CH002,40,38700,5.28
V020,L006,D0006,B003,CH002,45,36400,6.43
V020,L007,D0006,B003,CH002,49,41400,6.66
V020,L008,D0006,B003,CH002,34,40500,4.35
V020,L009,D0006,B003,CH002,42,37200,6.29
V020,L010,D0006,B003,CH002,37,35400,5.4
V001,L001,D0007,B004,CH004,36,30000,7.39
V001,L002,D0007,B004,CH004,57,42300,8.37
V001,L003,D0007,B004,CH004,43,33400,7.79
V001,L004,D0007,B004,CH004,52,44300,7.62
V001,L005,D0007,B004,CH004,59,40300,8.13
V001,L006,D0007,B004,CH004,51,39900,7.63
V001,L007,D0007,B004,CH004,45,47800,6.09
V001,L008,D0007,B004,CH004,62,41100,8.73
V001,L009,D0007,B004,CH004,63,41400,9.69
V001,L010,D0007,B004,CH004,44,39800,6.94
V002,L001,D0007,B006,CH004,37,35500,7.6
V002,L002,D0007,B006,CH004,47,49800,6.9
V002,L003,D0007,B006,CH004,36,37400,6.52
V002,L004,D0007,B006,CH004,52,51500,7.62
V002,L005,D0007,B006,CH004,62,46300,8.54
V002,L006,D0007,B006,CH004,54,45500,8.08
V002,L007,D0007,B006,CH004,54,48800,7.31
V002,L008,D0007,B006,CH004,56,51700,7.89
V002,L009,D0007,B006,CH004,54,45200,8.31
V002,L010,D0007,B006,CH004,51,44500,8.04
V003,L001,D0007,B003,CH003,42,20500,8.62
V003,L002,D0007,B003,CH003,47,31600,6.9
V003,L003,D0007,B003,CH003,42,23600,7.61
V003,L004,D0007,B003,CH003,48,31300,7.04
V003,L005,D0007,B003,CH003,54,31000,7.44
V003,L006,D0007,B003,CH003,37,30900,5.54
V003,L007,D0007,B003,CH003,55,33000,7.44
V003,L008,D0007,B003,CH003,44,32600,6.2
V003,L009,D0007,B003,CH003,52,29300,8.0
V003,L010,D0007,B003,CH003,48,29900,7.57
V004,L001,D0007,B006,CH004,22,31300,4.52
V004,L002,D0007,B006,CH004,49,41000,7.2
V004,L003,D0007,B006,CH004,26,32700,4.71
V004,L004,D0007,B006,CH004,43,42400,6.3
V004,L005,D0007,B006,CH004,47,43500,6.47
V004,L006,D0007,B006,CH004,60,42700,8.98
V004,L007,D0007,B006,CH004,55,46100,7.44
V004,L008,D0007,B006,CH004,46,44000,6.48
V004,L009,D0007,B006,CH004,39,42300,6.0
V004,L010,D0007,B006,CH004,42,39500,6.62
V005,L001,D0007,B007,CH004,36,36100,7.39
V005,L002,D0007,B007,CH004,37,49500,5.43
V005,L003,D0007,B007,CH004,35,41500,6.34
V005,L004,D0007,B007,CH004,29,46500,4.25
V005,L005,D0007,B007,CH004,42,49500,5.79
V005,L006,D0007,B007,CH004,37,44300,5.54
V005,L007,D0007,B007,CH004,48,52400,6.5
V005,L008,D0007,B007,CH004,36,52400,5.07
V005,L009,D0007,B007,CH004,46,49500,7.08
V005,L010,D0007,B007,CH004,41,45400,6.47
V006,L001,D0007,B003,CH003,23,26600,4.72
V006,L002,D0007,B003,CH003,33,34800,4.85
V006,L003,D0007,B003,CH003,21,27700,3.8
V006,L004,D0007,B003,CH003,40,36800,5.87
V006,L005,D0007,B003,CH003,43,35200,5.92
V006,L006,D0007,B003,CH003,39,35600,5.84
V006,L007,D0007,B003,CH003,50,39500,6.77
V006,L008,D0007,B003,CH003,43,36700,6.06
V006,L009,D0007,B003,CH003,39,36600,6.0
V006,L010,D0007,B003,CH003,33,35500,5.21
V007,L001,D0007,B007,CH004,27,34700,5.54
V007,L002,D0007,B007,CH004,32,44900,4.7
V007,L003,D0007,B007,CH004,29,39900,5.25
V007,L004,D0007,B007,CH004,37,47400,5.43
V007,L005,D0007,B007,CH004,41,49300,5.65
V007,L006,D0007,B007,CH004,39,47500,5.84
V007,L007,D0007,B007,CH004,50,46900,6.77
V007,L008,D0007,B007,CH004,36,45100,5.07
V007,L009,D0007,B007,CH004,26,46400,4.0
V007,L010,D0007,B007,CH004,34,42500,5.36
V008,L001,D0007,B002,CH003,21,16700,4.31
V008,L002,D0007,B002,CH003,42,22300,6.17
V008,L003,D0007,B002,CH003,30,17100,5.43
V008,L004,D0007,B002,CH003,34,23500,4.99
V008,L005,D0007,B002,CH003,27,21700,3.72
V008,L006,D0007,B002,CH003,32,22200,4.79
V008,L007,D0007,B002,CH003,43,22400,5.82
V008,L008,D0007,B002,CH003,38,22300,5.35
V008,L009,D0007,B002,CH003,26,22800,4.0
V008,L010,D0007,B002,CH003,35,22400,5.52
V009,L001,D0007,B003,CH003,25,21200,5.13
V009,L002,D0007,B003,CH003,34,29900,4.99
V009,L003,D0007,B003,CH003,29,24300,5.25
V009,L004,D0007,B003,CH003,34,31600,4.99
V009,L005,D0007,B003,CH003,30,32400,4.13
V009,L006,D0007,B003,CH003,39,30600,5.84
V009,L007,D0007,B003,CH003,39,32800,5.28
V009,L008,D0007,B003,CH003,38,30100,5.35
V009,L009,D0007,B003,CH003,22,29400,3.38
V009,L010,D0007,B003,CH003,33,30200,5.21
V010,L001,D0007,B007,CH004,19,44900,3.9
V010,L002,D0007,B007,CH004,22,56700,3.23
V010,L003,D0007,B007,CH004,30,46500,5.43
V010,L004,D0007,B007,CH004,29,59600,4.25
V010,L005,D0007,B007,CH004,32,62800,4.41
V010,L006,D0007,B007,CH004,30,61200,4.49
V010,L007,D0007,B007,CH004,29,65800,3.92
V010,L008,D0007,B007,CH004,26,65300,3.66
V010,L009,D0007,B007,CH004,20,63000,3.08
V010,L010,D0007,B007,CH004,33,58200,5.21
V011,L001,D0007,B005,CH003,20,40300,4.11
V011,L002,D0007,B005,CH003,23,54100,3.38
V011,L003,D0007,B005,CH003,17,43200,3.08
V011,L004,D0007,B005,CH003,24,53400,3.52
V011,L005,D0007,B005,CH003,23,55800,3.17
V011,L006,D0007,B005,CH003,9,53700,1.35
V011,L007,D0007,B005,CH003,21,62500,2.84
V011,L008,D0007,B005,CH003,21,59900,2.96
V011,L009,D0007,B005,CH003,27,52400,4.15
V011,L010,D0007,B005,CH003,23,52000,3.63
V012,L001,D0007,B006,CH003,22,31300,4.52
V012,L002,D0007,B006,CH003,30,46600,4.41
V012,L003,D0007,B006,CH003,35,35400,6.34
V012,L004,D0007,B006,CH003,29,46500,4.25
V012,L005,D0007,B006,CH003,44,46300,6.06
V012,L006,D0007,B006,CH003,32,44300,4.79
V012,L007,D0007,B006,CH003,26,47200,3.52
V012,L008,D0007,B006,CH003,49,45900,6.9
V012,L009,D0007,B006,CH003,38,46900,5.85
V012,L010,D0007,B006,CH003,37,42500,5.84
V013,L001,D0007,B001,CH002,27,23700,5.54
V013,L002,D0007,B001,CH002,33,33300,4.85
V013,L003,D0007,B001,CH002,22,25000,3.99
V013,L004,D0007,B001,CH002,35,34400,5.13
V013,L005,D0007,B001,CH002,35,33900,4.82
V013,L006,D0007,B001,CH002,36,30400,5.39
V013,L007,D0007,B001,CH002,34,36400,4.6
V013,L008,D0007,B001,CH002,28,31900,3.94
V013,L009,D0007,B001,CH002,30,32200,4.62
V013,L010,D0007,B001,CH002,19,29500,3.0
V014,L001,D0007,B004,CH003,24,30500,4.93
V014,L002,D0007,B004,CH003,33,38600,4.85
V014,L003,D0007,B004,CH003,25,31500,4.53
V014,L004,D0007,B004,CH003,28,43400,4.11
V014,L005,D0007,B004,CH003,29,41200,3.99
V014,L006,D0007,B004,CH003,31,36900,4.64
V014,L007,D0007,B004,CH003,29,42100,3.92
V014,L008,D0007,B004,CH003,24,43600,3.38
V014,L009,D0007,B004,CH003,22,38300,3.38
V014,L010,D0007,B004,CH003,23,38700,3.63
V015,L001,D0007,B002,CH004,16,24400,3.29
V015,L002,D0007,B002,CH004,29,34200,4.26
V015,L003,D0007,B002,CH004,21,29900,3.8
V015,L004,D0007,B002,CH004,19,36300,2.79
V015,L005,D0007,B002,CH004,21,36900,2.89
V015,L006,D0007,B002,CH004,17,35600,2.54
V015,L007,D0007,B002,CH004,28,40900,3.79
V015,L008,D0007,B002,CH004,36,39600,5.07
V015,L009,D0007,B002,CH004,23,34400,3.54
V015,L010,D0007,B002,CH004,20,37300,3.15
V016,L001,D0007,B008,CH004,19,36400,3.9
V016,L002,D0007,B008,CH004,29,49400,4.26
V016,L003,D0007,B008,CH004,31,41500,5.62
V016,L004,D0007,B008,CH004,39,53600,5.72
V016,L005,D0007,B008,CH004,29,50100,3.99
V016,L006,D0007,B008,CH004,24,53200,3.59
V016,L007,D0007,B008,CH004,31,53200,4.19
V016,L008,D0007,B008,CH004,21,55500,2.96
V016,L009,D0007,B008,CH004,38,52100,5.85
V016,L010,D0007,B008,CH004,30,53500,4.73
V017,L001,D0007,B010,CH004,11,67100,2.26
V017,L002,D0007,B010,CH004,13,99100,1.91
V017,L003,D0007,B010,CH004,14,74300,2.54
V017,L004,D0007,B010,CH004,8,99900,1.17
V017,L005,D0007,B010,CH004,14,91100,1.93
V017,L006,D0007,B010,CH004,9,92900,1.35
V017,L007,D0007,B010,CH004,13,107800,1.76
V017,L008,D0007,B010,CH004,12,96900,1.69
V017,L009,D0007,B010,CH004,8,90000,1.23
V017,L010,D0007,B010,CH004,15,88400,2.37
V018,L001,D0007,B004,CH002,27,23300,5.54
V018,L002,D0007,B004,CH002,31,32000,4.55
V018,L003,D0007,B004,CH002,18,26200,3.26
V018,L004,D0007,B004,CH002,39,35100,5.72
V018,L005,D0007,B004,CH002,27,32800,3.72
V018,L006,D0007,B004,CH002,34,31300,5.09
V018,L007,D0007,B004,CH002,30,35500,4.06
V018,L008,D0007,B004,CH002,32,32400,4.51
V018,L009,D0007,B004,CH002,24,31600,3.69
V018,L010,D0007,B004,CH002,23,34100,3.63
V019,L001,D0007,B005,CH002,12,31800,2.46
V019,L002,D0007,B005,CH002,20,40000,2.94
V019,L003,D0007,B005,CH002,18,34600,3.26
V019,L004,D0007,B005,CH002,23,43700,3.37
V019,L005,D0007,B005,CH002,21,42000,2.89
V019,L006,D0007,B005,CH002,24,40200,3.59
V019,L007,D0007,B005,CH002,23,46400,3.11
V019,L008,D0007,B005,CH002,22,44400,3.1
V019,L009,D0007,B005,CH002,16,43100,2.46
V019,L010,D0007,B005,CH002,18,40300,2.84
V020,L001,D0007,B003,CH002,21,28000,4.31
V020,L002,D0007,B003,CH002,40,39300,5.87
V020,L003,D0007,B003,CH002,30,31700,5.43
V020,L004,D0007,B003,CH002,40,38100,5.87
V020,L005,D0007,B003,CH002,46,37700,6.34
V020,L006,D0007,B003,CH002,34,35500,5.09
V020,L007,D0007,B003,CH002,36,40100,4.87
V020,L008,D0007,B003,CH002,40,39600,5.63
V020,L009,D0007,B003,CH002,37,37000,5.69
V020,L010,D0007,B003,CH002,32,35200,5.05
V001,L001,D0008,B004,CH004,38,28800,7.08
V001,L002,D0008,B004,CH004,48,44400,7.52
V001,L003,D0008,B004,CH004,39,33400,7.51
V001,L004,D0008,B004,CH004,48,45700,7.12
V001,L005,D0008,B004,CH004,57,44600,7.92
V001,L006,D0008,B004,CH004,41,41100,6.22
V001,L007,D0008,B004,CH004,68,43000,9.87
V001,L008,D0008,B004,CH004,53,44000,7.74
V001,L009,D0008,B004,CH004,61,40800,8.74
V001,L010,D0008,B004,CH004,48,39600,7.63
V002,L001,D0008,B006,CH004,42,33300,7.82
V002,L002,D0008,B006,CH004,43,50500,6.74
V002,L003,D0008,B006,CH004,46,40900,8.86
V002,L004,D0008,B006,CH004,50,48300,7.42
V002,L005,D0008,B006,CH004,41,47400,5.69
V002,L006,D0008,B006,CH004,51,46900,7.74
V002,L007,D0008,B006,CH004,59,52500,8.56
V002,L008,D0008,B006,CH004,53,48700,7.74
V002,L009,D0008,B006,CH004,38,48200,5.44
V002,L010,D0008,B006,CH004,43,45500,6.84
V003,L001,D0008,B003,CH003,35,22000,6.52
V003,L002,D0008,B003,CH003,48,29800,7.52
V003,L003,D0008,B003,CH003,25,23300,4.82
V003,L004,D0008,B003,CH003,50,29700,7.42
V003,L005,D0008,B003,CH003,41,32300,5.69
V003,L006,D0008,B003,CH003,52,28200,7.89
V003,L007,D0008,B003,CH003,49,31500,7.11
V003,L008,D0008,B003,CH003,65,29700,9.49
V003,L009,D0008,B003,CH003,56,28300,8.02
V003,L010,D0008,B003,CH003,48,29600,7.63
V004,L001,D0008,B006,CH004,37,31100,6.89
V004,L002,D0008,B006,CH004,36,39700,5.64
V004,L003,D0008,B006,CH004,29,35100,5.59
V004,L004,D0008,B006,CH004,44,45100,6.53
V004,L005,D0008,B006,CH004,58,40700,8.06
V004,L006,D0008,B006,CH004,32,40500,4.86
V004,L007,D0008,B006,CH004,51,48000,7.4
V004,L008,D0008,B006,CH004,46,43200,6.72
V004,L009,D0008,B006,CH004,51,43800,7.31
V004,L010,D0008,B006,CH004,46,42900,7.31
V005,L001,D0008,B007,CH004,31,35400,5.77
V005,L002,D0008,B007,CH004,43,47100,6.74
V005,L003,D0008,B007,CH004,26,41100,5.01
V005,L004,D0008,B007,CH004,40,46800,5.93
V005,L005,D0008,B007,CH004,46,46600,6.39
V005,L006,D0008,B007,CH004,38,46000,5.77
V005,L007,D0008,B007,CH004,41,53200,5.95
V005,L008,D0008,B007,CH004,40,52200,5.84
V005,L009,D0008,B007,CH004,37,46300,5.3
V005,L010,D0008,B007,CH004,34,49400,5.41
V006,L001,D0008,B003,CH003,34,26700,6.33
V006,L002,D0008,B003,CH003,28,34200,4.39
V006,L003,D0008,B003,CH003,33,29700,6.36
V006,L004,D0008,B003,CH003,31,35900,4.6
V006,L005,D0008,B003,CH003,51,34000,7.08
V006,L006,D0008,B003,CH003,49,35100,7.44
V006,L007,D0008,B003,CH003,32,36400,4.64
V006,L008,D0008,B003,CH003,29,34700,4.23
V006,L009,D0008,B003,CH003,40,33100,5.73
V006,L010,D0008,B003,CH003,41,35000,6.52
V007,L001,D0008,B007,CH004,41,33400,7.64
V007,L002,D0008,B007,CH004,33,47300,5.17
V007,L003,D0008,B007,CH004,17,36400,3.28
V007,L004,D0008,B007,CH004,41,47500,6.08
V007,L005,D0008,B007,CH004,51,45700,7.08
V007,L006,D0008,B007,CH004,29,45100,4.4
V007,L007,D0008,B007,CH004,33,49400,4.79
V007,L008,D0008,B007,CH004,45,48600,6.57
V007,L009,D0008,B007,CH004,49,45500,7.02
V007,L010,D0008,B007,CH004,34,46200,5.41
V008,L001,D0008,B002,CH003,37,16400,6.89
V008,L002,D0008,B002,CH003,39,21900,6.11
V008,L003,D0008,B002,CH003,36,18500,6.94
V008,L004,D0008,B002,CH003,29,23500,4.3
V008,L005,D0008,B002,CH003,39,22300,5.42
V008,L006,D0008,B002,CH003,40,22400,6.07
V008,L007,D0008,B002,CH003,34,23900,4.93
V008,L008,D0008,B002,CH003,34,22500,4.96
V008,L009,D0008,B002,CH003,35,21000,5.01
V008,L010,D0008,B002,CH003,30,20600,4.77
V009,L001,D0008,B003,CH003,33,21600,6.15
V009,L002,D0008,B003,CH003,31,29100,4.86
V009,L003,D0008,B003,CH003,22,25100,4.24
V009,L004,D0008,B003,CH003,34,31900,5.04
V009,L005,D0008,B003,CH003,35,30400,4.86
V009,L006,D0008,B003,CH003,27,29600,4.1
V009,L007,D0008,B003,CH003,26,34300,3.77
V009,L008,D0008,B003,CH003,27,33100,3.94
V009,L009,D0008,B003,CH003,27,28500,3.87
V009,L010,D0008,B003,CH003,35,28600,5.56
V010,L001,D0008,B007,CH004,19,44400,3.54
V010,L002,D0008,B007,CH004,28,56800,4.39
V010,L003,D0008,B007,CH004,24,50300,4.62
V010,L004,D0008,B007,CH004,29,59800,4.3
V010,L005,D0008,B007,CH004,27,62000,3.75
V010,L006,D0008,B007,CH004,31,58300,4.7
V010,L007,D0008,B007,CH004,27,62300,3.92
V010,L008,D0008,B007,CH004,26,59800,3.8
V010,L009,D0008,B007,CH004,33,56900,4.73
V010,L010,D0008,B007,CH004,27,60500,4.29
V011,L001,D0008,B005,CH003,15,41000,2.79
V011,L002,D0008,B005,CH003,25,57100,3.92
V011,L003,D0008,B005,CH003,17,45200,3.28
V011,L004,D0008,B005,CH003,17,56600,2.52
V011,L005,D0008,B005,CH003,29,57700,4.03
V011,L006,D0008,B005,CH003,23,52500,3.49
V011,L007,D0008,B005,CH003,17,61900,2.47
V011,L008,D0008,B005,CH003,14,56400,2.04
V011,L009,D0008,B005,CH003,29,56100,4.15
V011,L010,D0008,B005,CH003,26,52200,4.13
V012,L001,D0008,B006,CH003,29,31700,5.4
V012,L002,D0008,B006,CH003,40,47400,6.27
V012,L003,D0008,B006,CH003,29,38400,5.59
V012,L004,D0008,B006,CH003,38,45300,5.64
V012,L005,D0008,B006,CH003,32,48000,4.44
V012,L006,D0008,B006,CH003,41,45900,6.22
V012,L007,D0008,B006,CH003,35,46800,5.08
V012,L008,D0008,B006,CH003,39,47100,5.69
V012,L009,D0008,B006,CH003,36,43800,5.16
V012,L010,D0008,B006,CH003,21,46200,3.34
V013,L001,D0008,B001,CH002,25,22900,4.66
V013,L002,D0008,B001,CH002,27,30500,4.23
V013,L003,D0008,B001,CH002,22,25300,4.24
V013,L004,D0008,B001,CH002,36,34900,5.34
V013,L005,D0008,B001,CH002,38,33400,5.28
V013,L006,D0008,B001,CH002,31,32300,4.7
V013,L007,D0008,B001,CH002,26,36300,3.77
V013,L008,D0008,B001,CH002,33,33300,4.82
V013,L009,D0008,B001,CH002,32,31200,4.58
V013,L010,D0008,B001,CH002,24,31100,3.82
V014,L001,D0008,B004,CH003,23,29100,4.28
V014,L002,D0008,B004,CH003,31,39800,4.86
V014,L003,D0008,B004,CH003,18,33400,3.47
V014,L004,D0008,B004,CH003,44,40300,6.53
V014,L005,D0008,B004,CH003,30,40000,4.17
V014,L006,D0008,B004,CH003,25,39100,3.79
V014,L007,D0008,B004,CH003,39,41300,5.66
V014,L008,D0008,B004,CH003,33,43600,4.82
V014,L009,D0008,B004,CH003,25,39200,3.58
V014,L010,D0008,B004,CH003,36,40200,5.72
V015,L001,D0008,B002,CH004,17,26700,3.17
V015,L002,D0008,B002,CH004,21,35700,3.29
V015,L003,D0008,B002,CH004,29,29200,5.59
V015,L004,D0008,B002,CH004,14,37600,2.08
V015,L005,D0008,B002,CH004,25,36800,3.47
V015,L006,D0008,B002,CH004,24,35300,3.64
V015,L007,D0008,B002,CH004,22,40800,3.19
V015,L008,D0008,B002,CH004,23,38200,3.36
V015,L009,D0008,B002,CH004,20,35700,2.87
V015,L010,D0008,B002,CH004,25,35600,3.97
V016,L001,D0008,B008,CH004,23,36200,4.28
V016,L002,D0008,B008,CH004,20,49900,3.13
V016,L003,D0008,B008,CH004,24,42600,4.62
V016,L004,D0008,B008,CH004,20,55000,2.97
V016,L005,D0008,B008,CH004,28,51000,3.89
V016,L006,D0008,B008,CH004,33,53300,5.01
V016,L007,D0008,B008,CH004,32,54500,4.64
V016,L008,D0008,B008,CH004,32,51700,4.67
V016,L009,D0008,B008,CH004,26,51400,3.72
V016,L010,D0008,B008,CH004,28,53600,4.45
V017,L001,D0008,B010,CH004,7,67600,1.3
V017,L002,D0008,B010,CH004,13,98200,2.04
V017,L003,D0008,B010,CH004,8,76400,1.54
V017,L004,D0008,B010,CH004,11,93700,1.63
V017,L005,D0008,B010,CH004,15,100200,2.08
V017,L006,D0008,B010,CH004,15,93500,2.28
V017,L007,D0008,B010,CH004,12,106700,1.74
V017,L008,D0008,B010,CH004,11,104100,1.61
V017,L009,D0008,B010,CH004,14,98800,2.01
V017,L010,D0008,B010,CH004,12,89500,1.91
V018,L001,D0008,B004,CH002,23,23300,4.28
V018,L002,D0008,B004,CH002,28,33700,4.39
V018,L003,D0008,B004,CH002,28,26900,5.39
V018,L004,D0008,B004,CH002,35,32400,5.19
V018,L005,D0008,B004,CH002,26,34600,3.61
V018,L006,D0008,B004,CH002,25,33700,3.79
V018,L007,D0008,B004,CH002,25,33700,3.63
V018,L008,D0008,B004,CH002,25,36100,3.65
V018,L009,D0008,B004,CH002,24,33800,3.44
V018,L010,D0008,B004,CH002,23,31300,3.66
V019,L001,D0008,B005,CH002,9,29800,1.68
V019,L002,D0008,B005,CH002,16,42200,2.51
V019,L003,D0008,B005,CH002,6,34000,1.16
V019,L004,D0008,B005,CH002,23,44700,3.41
V019,L005,D0008,B005,CH002,16,41600,2.22
V019,L006,D0008,B005,CH002,21,40100,3.19
V019,L007,D0008,B005,CH002,17,47600,2.47
V019,L008,D0008,B005,CH002,11,43100,1.61
V019,L009,D0008,B005,CH002,22,41200,3.15
V019,L010,D0008,B005,CH002,14,39100,2.23
V020,L001,D0008,B003,CH002,19,28300,3.54
V020,L002,D0008,B003,CH002,40,39900,6.27
V020,L003,D0008,B003,CH002,41,33000,7.9
V020,L004,D0008,B003,CH002,40,37700,5.93
V020,L005,D0008,B003,CH002,35,38500,4.86
V020,L006,D0008,B003,CH002,31,35000,4.7
V020,L007,D0008,B003,CH002,44,42600,6.39
V020,L008,D0008,B003,CH002,46,39700,6.72
V020,L009,D0008,B003,CH002,43,37500,6.16
V020,L010,D0008,B003,CH002,34,37600,5.41
V001,L001,D0009,B004,CH004,34,30800,6.72
V001,L002,D0009,B004,CH004,43,43400,5.99
V001,L003,D0009,B004,CH004,38,33900,7.22
V001,L004,D0009,B004,CH004,58,41300,7.93
V001,L005,D0009,B004,CH004,48,42200,7.07
V001,L006,D0009,B004,CH004,53,41400,7.53
V001,L007,D0009,B004,CH004,62,42800,8.59
V001,L008,D0009,B004,CH004,59,42900,7.69
V001,L009,D0009,B004,CH004,36,40400,5.52
V001,L010,D0009,B004,CH004,44,40200,6.41
V002,L001,D0009,B006,CH004,31,33500,6.13
V002,L002,D0009,B006,CH004,66,45600,9.19
V002,L003,D0009,B006,CH004,39,39900,7.41
V002,L004,D0009,B006,CH004,51,50000,6.98
V002,L005,D0009,B006,CH004,37,49900,5.45
V002,L006,D0009,B006,CH004,46,49300,6.53
V002,L007,D0009,B006,CH004,41,50000,5.68
V002,L008,D0009,B006,CH004,65,48900,8.47
V002,L009,D0009,B006,CH004,47,49300,7.21
V002,L010,D0009,B006,CH004,47,48900,6.85
V003,L001,D0009,B003,CH003,33,20500,6.52
V003,L002,D0009,B003,CH003,44,30800,6.13
V003,L003,D0009,B003,CH003,46,25000,8.75
V003,L004,D0009,B003,CH003,52,32400,7.11
V003,L005,D0009,B003,CH003,46,30500,6.77
V003,L006,D0009,B003,CH003,50,27600,7.1
V003,L007,D0009,B003,CH003,53,32000,7.34
V003,L008,D0009,B003,CH003,52,32900,6.78
V003,L009,D0009,B003,CH003,30,31700,4.6
V003,L010,D0009,B003,CH003,52,28400,7.58
V004,L001,D0009,B006,CH004,43,29900,8.5
V004,L002,D0009,B006,CH004,57,39600,7.94
V004,L003,D0009,B006,CH004,35,33300,6.65
V004,L004,D0009,B006,CH004,52,40800,7.11
V004,L005,D0009,B006,CH004,45,45100,6.63
V004,L006,D0009,B006,CH004,48,42100,6.82
V004,L007,D0009,B006,CH004,40,47300,5.54
V004,L008,D0009,B006,CH004,54,43300,7.04
V004,L009,D0009,B006,CH004,58,42600,8.9
V004,L010,D0009,B006,CH004,54,39400,7.87
V005,L001,D0009,B007,CH004,29,35500,5.73
V005,L002,D0009,B007,CH004,32,47800,4.46
V005,L003,D0009,B007,CH004,29,37800,5.51
V005,L004,D0009,B007,CH004,34,48700,4.65
V005,L005,D0009,B007,CH004,48,50400,7.07
V005,L006,D0009,B007,CH004,42,49400,5.97
V005,L007,D0009,B007,CH004,39,48700,5.4
V005,L008,D0009,B007,CH004,48,48400,6.26
V005,L009,D0009,B007,CH004,33,45200,5.06
V005,L010,D0009,B007,CH004,39,45900,5.69
V006,L001,D0009,B003,CH003,31,24400,6.13
V006,L002,D0009,B003,CH003,52,33100,7.24
V006,L003,D0009,B003,CH003,31,29400,5.89
V006,L004,D0009,B003,CH003,53,34200,7.25
V006,L005,D0009,B003,CH003,37,37800,5.45
V006,L006,D0009,B003,CH003,40,35800,5.68
V006,L007,D0009,B003,CH003,42,36200,5.82
V006,L008,D0009,B003,CH003,49,38400,6.39
V006,L009,D0009,B003,CH003,31,34300,4.75
V006,L010,D0009,B003,CH003,44,36000,6.41
V007,L001,D0009,B007,CH004,28,32800,5.53
V007,L002,D0009,B007,CH004,40,44000,5.57
V007,L003,D0009,B007,CH004,26,37400,4.94
V007,L004,D0009,B007,CH004,36,49900,4.92
V007,L005,D0009,B007,CH004,37,49600,5.45
V007,L006,D0009,B007,CH004,40,47600,5.68
V007,L007,D0009,B007,CH004,46,47800,6.37
V007,L008,D0009,B007,CH004,42,47000,5.48
V007,L009,D0009,B007,CH004,49,43600,7.52
V007,L010,D0009,B007,CH004,32,44000,4.66
V008,L001,D0009,B002,CH003,29,16400,5.73
V008,L002,D0009,B002,CH003,36,22400,5.01
V008,L003,D0009,B002,CH003,26,18200,4.94
V008,L004,D0009,B002,CH003,42,22100,5.75
V008,L005,D0009,B002,CH003,42,23000,6.19
V008,L006,D0009,B002,CH003,38,21800,5.4
V008,L007,D0009,B002,CH003,35,22600,4.85
V008,L008,D0009,B002,CH003,43,21500,5.61
V008,L009,D0009,B002,CH003,35,23000,5.37
V008,L010,D0009,B002,CH003,39,21700,5.69
V009,L001,D0009,B003,CH003,29,22500,5.73
V009,L002,D0009,B003,CH003,40,29500,5.57
V009,L003,D0009,B003,CH003,18,23800,3.42
V009,L004,D0009,B003,CH003,37,29400,5.06
V009,L005,D0009,B003,CH003,37,29400,5.45
V009,L006,D0009,B003,CH003,30,30000,4.26
V009,L007,D0009,B003,CH003,35,31300,4.85
V009,L008,D0009,B003,CH003,33,30300,4.3
V009,L009,D0009,B003,CH003,35,28900,5.37
V009,L010,D0009,B003,CH003,28,30300,4.08
V010,L001,D0009,B007,CH004,28,44600,5.53
V010,L002,D0009,B007,CH004,33,61500,4.6
V010,L003,D0009,B007,CH004,19,50000,3.61
V010,L004,D0009,B007,CH004,23,61300,3.15
V010,L005,D0009,B007,CH004,29,58100,4.27
V010,L006,D0009,B007,CH004,33,60600,4.69
V010,L007,D0009,B007,CH004,27,62300,3.74
V010,L008,D0009,B007,CH004,27,62400,3.52
V010,L009,D0009,B007,CH004,24,63300,3.68
V010,L010,D0009,B007,CH004,17,58500,2.48
V011,L001,D0009,B005,CH003,16,41500,3.16
V011,L002,D0009,B005,CH003,24,52900,3.34
V011,L003,D0009,B005,CH003,25,42700,4.75
V011,L004,D0009,B005,CH003,22,59400,3.01
V011,L005,D0009,B005,CH003,27,55800,3.98
V011,L006,D0009,B005,CH003,27,53300,3.84
V011,L007,D0009,B005,CH003,15,57600,2.08
V011,L008,D0009,B005,CH003,17,54200,2.22
V011,L009,D0009,B005,CH003,20,54100,3.07
V011,L010,D0009,B005,CH003,27,55100,3.94
V012,L001,D0009,B006,CH003,22,31400,4.35
V012,L002,D0009,B006,CH003,44,44500,6.13
V012,L003,D0009,B006,CH003,16,35200,3.04
V012,L004,D0009,B006,CH003,39,47200,5.34
V012,L005,D0009,B006,CH003,44,43800,6.48
V012,L006,D0009,B006,CH003,36,46100,5.11
V012,L007,D0009,B006,CH003,36,46500,4.99
V012,L008,D0009,B006,CH003,37,44400,4.82
V012,L009,D0009,B006,CH003,42,45500,6.44
V012,L010,D0009,B006,CH003,38,42600,5.54
V013,L001,D0009,B001,CH002,28,23300,5.53
V013,L002,D0009,B001,CH002,35,30200,4.87
V013,L003,D0009,B001,CH002,22,25700,4.18
V013,L004,D0009,B001,CH002,32,34300,4.38
V013,L005,D0009,B001,CH002,24,31200,3.53
V013,L006,D0009,B001,CH002,29,31900,4.12
V013,L007,D0009,B001,CH002,38,35000,5.26
V013,L008,D0009,B001,CH002,42,32500,5.48
V013,L009,D0009,B001,CH002,37,31500,5.67
V013,L010,D0009,B001,CH002,26,31000,3.79
V014,L001,D0009,B004,CH003,23,28000,4.55
V014,L002,D0009,B004,CH003,22,39400,3.06
V014,L003,D0009,B004,CH003,23,34700,4.37
V014,L004,D0009,B004,CH003,33,40000,4.51
V014,L005,D0009,B004,CH003,31,39200,4.57
V014,L006,D0009,B004,CH003,27,37500,3.84
V014,L007,D0009,B004,CH003,43,41600,5.96
V014,L008,D0009,B004,CH003,28,42400,3.65
V014,L009,D0009,B004,CH003,32,39800,4.91
V014,L010,D0009,B004,CH003,37,38500,5.39
V015,L001,D0009,B002,CH004,10,25900,1.98
V015,L002,D0009,B002,CH004,25,34600,3.48
V015,L003,D0009,B002,CH004,15,30500,2.85
V015,L004,D0009,B002,CH004,24,34900,3.28
V015,L005,D0009,B002,CH004,20,37700,2.95
V015,L006,D0009,B002,CH004,24,35400,3.41
V015,L007,D0009,B002,CH004,24,39000,3.32
V015,L008,D0009,B002,CH004,19,38500,2.48
V015,L009,D0009,B002,CH004,21,34200,3.22
V015,L010,D0009,B002,CH004,21,35000,3.06
V016,L001,D0009,B008,CH004,26,38800,5.14
V016,L002,D0009,B008,CH004,23,54100,3.2
V016,L003,D0009,B008,CH004,28,43900,5.32
V016,L004,D0009,B008,CH004,27,55600,3.69
V016,L005,D0009,B008,CH004,29,53100,4.27
V016,L006,D0009,B008,CH004,33,53000,4.69
V016,L007,D0009,B008,CH004,33,56100,4.57
V016,L008,D0009,B008,CH004,39,51100,5.08
V016,L009,D0009,B008,CH004,28,49400,4.29
V016,L010,D0009,B008,CH004,35,50600,5.1
V017,L001,D0009,B010,CH004,12,65800,2.37
V017,L002,D0009,B010,CH004,12,95100,1.67
V017,L003,D0009,B010,CH004,11,76800,2.09
V017,L004,D0009,B010,CH004,11,97300,1.5
V017,L005,D0009,B010,CH004,17,96900,2.5
V017,L006,D0009,B010,CH004,17,90500,2.41
V017,L007,D0009,B010,CH004,16,106000,2.22
V017,L008,D0009,B010,CH004,11,103500,1.43
V017,L009,D0009,B010,CH004,14,90800,2.15
V017,L010,D0009,B010,CH004,17,88200,2.48
V018,L001,D0009,B004,CH002,20,24900,3.95
V018,L002,D0009,B004,CH002,38,33800,5.29
V018,L003,D0009,B004,CH002,30,26700,5.7
V018,L004,D0009,B004,CH002,36,35700,4.92
V018,L005,D0009,B004,CH002,32,35000,4.71
V018,L006,D0009,B004,CH002,28,33200,3.98
V018,L007,D0009,B004,CH002,30,37000,4.16
V018,L008,D0009,B004,CH002,35,34600,4.56
V018,L009,D0009,B004,CH002,36,32400,5.52
V018,L010,D0009,B004,CH002,23,31000,3.35
V019,L001,D0009,B005,CH002,11,29900,2.17
V019,L002,D0009,B005,CH002,19,43500,2.65
V019,L003,D0009,B005,CH002,14,33500,2.66
V019,L004,D0009,B005,CH002,21,45600,2.87
V019,L005,D0009,B005,CH002,19,44900,2.8
V019,L006,D0009,B005,CH002,18,41700,2.56
V019,L007,D0009,B005,CH002,24,43500,3.32
V019,L008,D0009,B005,CH002,18,43100,2.35
V019,L009,D0009,B005,CH002,15,41000,2.3
V019,L010,D0009,B005,CH002,21,40100,3.06
V020,L001,D0009,B003,CH002,23,28500,4.55
V020,L002,D0009,B003,CH002,33,38300,4.6
V020,L003,D0009,B003,CH002,35,31000,6.65
V020,L004,D0009,B003,CH002,48,39500,6.57
V020,L005,D0009,B003,CH002,30,36900,4.42
V020,L006,D0009,B003,CH002,45,37000,6.39
V020,L007,D0009,B003,CH002,43,43300,5.96
V020,L008,D0009,B003,CH002,49,40100,6.39
V020,L009,D0009,B003,CH002,29,38900,4.45
V020,L010,D0009,B003,CH002,45,37400,6.56
V001,L001,D0010,B004,CH004,39,30400,7.08
V001,L002,D0010,B004,CH004,53,40200,7.59
V001,L003,D0010,B004,CH004,46,33800,7.9
V001,L004,D0010,B004,CH004,57,42900,7.72
V001,L005,D0010,B004,CH004,80,41100,9.54
V001,L006,D0010,B004,CH004,53,40700,7.1
V001,L007,D0010,B004,CH004,42,47400,5.33
V001,L008,D0010,B004,CH004,73,46200,9.44
V001,L009,D0010,B004,CH004,55,41400,7.32
V001,L010,D0010,B004,CH004,56,41000,8.24
V002,L001,D0010,B006,CH004,38,34300,6.9
V002,L002,D0010,B006,CH004,40,46100,5.73
V002,L003,D0010,B006,CH004,52,40400,8.93
V002,L004,D0010,B006,CH004,55,48700,7.45
V002,L005,D0010,B006,CH004,57,46400,6.79
V002,L006,D0010,B006,CH004,47,49700,6.29
V002,L007,D0010,B006,CH004,56,54400,7.11
V002,L008,D0010,B006,CH004,40,48000,5.17
V002,L009,D0010,B006,CH004,58,49300,7.72
V002,L010,D0010,B006,CH004,52,49200,7.65
V003,L001,D0010,B003,CH003,35,21700,6.35
V003,L002,D0010,B003,CH003,50,31700,7.16
V003,L003,D0010,B003,CH003,38,24000,6.53
V003,L004,D0010,B003,CH003,44,29600,5.96
V003,L005,D0010,B003,CH003,53,28800,6.32
V003,L006,D0010,B003,CH003,37,28200,4.95
V003,L007,D0010,B003,CH003,58,32900,7.36
V003,L008,D0010,B003,CH003,56,30700,7.24
V003,L009,D0010,B003,CH003,49,30600,6.52
V003,L010,D0010,B003,CH003,42,30500,6.18
V004,L001,D0010,B006,CH004,39,30500,7.08
V004,L002,D0010,B006,CH004,48,42000,6.88
V004,L003,D0010,B006,CH004,44,33400,7.56
V004,L004,D0010,B006,CH004,46,43400,6.23
V004,L005,D0010,B006,CH004,59,44200,7.03
V004,L006,D0010,B006,CH004,51,40700,6.83
V004,L007,D0010,B006,CH004,66,45500,8.38
V004,L008,D0010,B006,CH004,58,46300,7.5
V004,L009,D0010,B006,CH004,51,41600,6.79
V004,L010,D0010,B006,CH004,48,39500,7.06
V005,L001,D0010,B007,CH004,30,36100,5.44
V005,L002,D0010,B007,CH004,36,49400,5.16
V005,L003,D0010,B007,CH004,26,41400,4.47
V005,L004,D0010,B007,CH004,53,50300,7.18
V005,L005,D0010,B007,CH004,42,46200,5.01
V005,L006,D0010,B007,CH004,32,46700,4.28
V005,L007,D0010,B007,CH004,52,50200,6.6
V005,L008,D0010,B007,CH004,28,52200,3.62
V005,L009,D0010,B007,CH004,41,49600,5.46
V005,L010,D0010,B007,CH004,31,44800,4.56
V006,L001,D0010,B003,CH003,33,26100,5.99
V006,L002,D0010,B003,CH003,35,33300,5.01
V006,L003,D0010,B003,CH003,41,29800,7.04
V006,L004,D0010,B003,CH003,43,35700,5.83
V006,L005,D0010,B003,CH003,46,34500,5.48
V006,L006,D0010,B003,CH003,43,34800,5.76
V006,L007,D0010,B003,CH003,48,39200,6.09
V006,L008,D0010,B003,CH003,50,36500,6.47
V006,L009,D0010,B003,CH003,57,34600,7.59
V006,L010,D0010,B003,CH003,47,33500,6.91
V007,L001,D0010,B007,CH004,34,32400,6.17
V007,L002,D0010,B007,CH004,47,47300,6.73
V007,L003,D0010,B007,CH004,27,36400,4.64
V007,L004,D0010,B007,CH004,36,47100,4.88
V007,L005,D0010,B007,CH004,44,44600,5.24
V007,L006,D0010,B007,CH004,40,47100,5.35
V007,L007,D0010,B007,CH004,52,48800,6.6
V007,L008,D0010,B007,CH004,54,46500,6.99
V007,L009,D0010,B007,CH004,44,46900,5.86
V007,L010,D0010,B007,CH004,37,46700,5.44
V008,L001,D0010,B002,CH003,36,16100,6.53
V008,L002,D0010,B002,CH003,41,21300,5.87
V008,L003,D0010,B002,CH003,29,19000,4.98
V008,L004,D0010,B002,CH003,37,22600,5.01
V008,L005,D0010,B002,CH003,46,22500,5.48
V008,L006,D0010,B002,CH003,43,20600,5.76
V008,L007,D0010,B002,CH003,40,24600,5.08
V008,L008,D0010,B002,CH003,38,23200,4.92
V008,L009,D0010,B002,CH003,47,21700,6.26
V008,L010,D0010,B002,CH003,27,21700,3.97
V009,L001,D0010,B003,CH003,33,22100,5.99
V009,L002,D0010,B003,CH003,41,29400,5.87
V009,L003,D0010,B003,CH003,22,23200,3.78
V009,L004,D0010,B003,CH003,37,29500,5.01
V009,L005,D0010,B003,CH003,50,30100,5.96
V009,L006,D0010,B003,CH003,37,29700,4.95
V009,L007,D0010,B003,CH003,36,34200,4.57
V009,L008,D0010,B003,CH003,45,31900,5.82
V009,L009,D0010,B003,CH003,53,28800,7.06
V009,L010,D0010,B003,CH003,44,28500,6.47
V010,L001,D0010,B007,CH004,21,41700,3.81
V010,L002,D0010,B007,CH004,23,58900,3.3
V010,L003,D0010,B007,CH004,24,48400,4.12
V010,L004,D0010,B007,CH004,21,64600,2.85
V010,L005,D0010,B007,CH004,31,61400,3.69
V010,L006,D0010,B007,CH004,34,61300,4.55
V010,L007,D0010,B007,CH004,31,66400,3.93
V010,L008,D0010,B007,CH004,29,63500,3.75
V010,L009,D0010,B007,CH004,30,61300,3.99
V010,L010,D0010,B007,CH004,21,56000,3.09
V011,L001,D0010,B005,CH003,17,39000,3.09
V011,L002,D0010,B005,CH003,23,54600,3.3
V011,L003,D0010,B005,CH003,14,46900,2.41
V011,L004,D0010,B005,CH003,16,55200,2.17
V011,L005,D0010,B005,CH003,25,55500,2.98
V011,L006,D0010,B005,CH003,28,55100,3.75
V011,L007,D0010,B005,CH003,30,60400,3.81
V011,L008,D0010,B005,CH003,17,55100,2.2
V011,L009,D0010,B005,CH003,23,55800,3.06
V011,L010,D0010,B005,CH003,30,56500,4.41
V012,L001,D0010,B006,CH003,29,33700,5.26
V012,L002,D0010,B006,CH003,37,46200,5.3
V012,L003,D0010,B006,CH003,30,36000,5.15
V012,L004,D0010,B006,CH003,50,44800,6.78
V012,L005,D0010,B006,CH003,46,48500,5.48
V012,L006,D0010,B006,CH003,44,42900,5.89
V012,L007,D0010,B006,CH003,36,47500,4.57
V012,L008,D0010,B006,CH003,42,47300,5.43
V012,L009,D0010,B006,CH003,28,46300,3.73
V012,L010,D0010,B006,CH003,30,45800,4.41
V013,L001,D0010,B001,CH002,41,24200,7.44
V013,L002,D0010,B001,CH002,27,33200,3.87
V013,L003,D0010,B001,CH002,25,25000,4.3
V013,L004,D0010,B001,CH002,44,32700,5.96
V013,L005,D0010,B001,CH002,36,34000,4.29
V013,L006,D0010,B001,CH002,35,30100,4.69
V013,L007,D0010,B001,CH002,35,35900,4.44
V013,L008,D0010,B001,CH002,34,34100,4.4
V013,L009,D0010,B001,CH002,27,33500,3.6
V013,L010,D0010,B001,CH002,37,31200,5.44
V014,L001,D0010,B004,CH003,12,27400,2.18
V014,L002,D0010,B004,CH003,26,42100,3.72
V014,L003,D0010,B004,CH003,25,32400,4.3
V014,L004,D0010,B004,CH003,35,39000,4.74
V014,L005,D0010,B004,CH003,39,42500,4.65
V014,L006,D0010,B004,CH003,40,38800,5.35
V014,L007,D0010,B004,CH003,29,42800,3.68
V014,L008,D0010,B004,CH003,33,44000,4.27
V014,L009,D0010,B004,CH003,19,37900,2.53
V014,L010,D0010,B004,CH003,33,38600,4.85
V015,L001,D0010,B002,CH004,16,27300,2.9
V015,L002,D0010,B002,CH004,21,33900,3.01
V015,L003,D0010,B002,CH004,24,27900,4.12
V015,L004,D0010,B002,CH004,24,39200,3.25
V015,L005,D0010,B002,CH004,37,36000,4.41
V015,L006,D0010,B002,CH004,28,37300,3.75
V015,L007,D0010,B002,CH004,26,36700,3.3
V015,L008,D0010,B002,CH004,21,37600,2.72
V015,L009,D0010,B002,CH004,21,35900,2.8
V015,L010,D0010,B002,CH004,19,33700,2.79
V016,L001,D0010,B008,CH004,21,36500,3.81
V016,L002,D0010,B008,CH004,27,50200,3.87
V016,L003,D0010,B008,CH004,31,40200,5.33
V016,L004,D0010,B008,CH004,23,52500,3.12
V016,L005,D0010,B008,CH004,43,54100,5.13
V016,L006,D0010,B008,CH004,41,53600,5.49
V016,L007,D0010,B008,CH004,33,58200,4.19
V016,L008,D0010,B008,CH004,37,53900,4.79
V016,L009,D0010,B008,CH004,32,50800,4.26
V016,L010,D0010,B008,CH004,29,53500,4.26
V017,L001,D0010,B010,CH004,11,70400,2.0
V017,L002,D0010,B010,CH004,12,94200,1.72
V017,L003,D0010,B010,CH004,9,80100,1.55
V017,L004,D0010,B010,CH004,14,92600,1.9
V017,L005,D0010,B010,CH004,9,102100,1.07
V017,L006,D0010,B010,CH004,10,97600,1.34
V017,L007,D0010,B010,CH004,13,103300,1.65
V017,L008,D0010,B010,CH004,11,102800,1.42
V017,L009,D0010,B010,CH004,16,89700,2.13
V017,L010,D0010,B010,CH004,12,91000,1.76
V018,L001,D0010,B004,CH002,31,22400,5.63
V018,L002,D0010,B004,CH002,47,32300,6.73
V018,L003,D0010,B004,CH002,25,25600,4.3
V018,L004,D0010,B004,CH002,32,35000,4.34
V018,L005,D0010,B004,CH002,29,32200,3.46
V018,L006,D0010,B004,CH002,42,33400,5.62
V018,L007,D0010,B004,CH002,33,34300,4.19
V018,L008,D0010,B004,CH002,33,34700,4.27
V018,L009,D0010,B004,CH002,38,33300,5.06
V018,L010,D0010,B004,CH002,29,33800,4.26
V019,L001,D0010,B005,CH002,11,31500,2.0
V019,L002,D0010,B005,CH002,19,41800,2.72
V019,L003,D0010,B005,CH002,10,33600,1.72
V019,L004,D0010,B005,CH002,21,45700,2.85
V019,L005,D0010,B005,CH002,23,42200,2.74
V019,L006,D0010,B005,CH002,20,39800,2.68
V019,L007,D0010,B005,CH002,29,45300,3.68
V019,L008,D0010,B005,CH002,26,42400,3.36
V019,L009,D0010,B005,CH002,22,41200,2.93
V019,L010,D0010,B005,CH002,17,40800,2.5
V020,L001,D0010,B003,CH002,24,28600,4.36
V020,L002,D0010,B003,CH002,45,37400,6.45
V020,L003,D0010,B003,CH002,40,30700,6.87
V020,L004,D0010,B003,CH002,50,39800,6.78
V020,L005,D0010,B003,CH002,44,37600,5.24
V020,L006,D0010,B003,CH002,42,38800,5.62
V020,L007,D0010,B003,CH002,43,40400,5.46
V020,L008,D0010,B003,CH002,48,37500,6.21
V020,L009,D0010,B003,CH002,40,39800,5.33
V020,L010,D0010,B003,CH002,39,38100,5.74
V001,L001,D0011,B004,CH004,38,30800,7.14
V001,L002,D0011,B004,CH004,71,40300,9.04
V001,L003,D0011,B004,CH004,37,35200,5.69
V001,L004,D0011,B004,CH004,65,45700,7.87
V001,L005,D0011,B004,CH004,58,40600,7.61
V001,L006,D0011,B004,CH004,53,41800,7.04
V001,L007,D0011,B004,CH004,56,43300,7.24
V001,L008,D0011,B004,CH004,60,44700,7.31
V001,L009,D0011,B004,CH004,45,42700,5.91
V001,L010,D0011,B004,CH004,55,43400,7.65
V002,L001,D0011,B006,CH004,40,33500,7.52
V002,L002,D0011,B006,CH004,52,47300,6.62
V002,L003,D0011,B006,CH004,57,39200,8.77
V002,L004,D0011,B006,CH004,61,50900,7.38
V002,L005,D0011,B006,CH004,58,46600,7.61
V002,L006,D0011,B006,CH004,58,44700,7.7
V002,L007,D0011,B006,CH004,64,52400,8.28
V002,L008,D0011,B006,CH004,74,51900,9.01
V002,L009,D0011,B006,CH004,44,45900,5.78
V002,L010,D0011,B006,CH004,42,46400,5.84
V003,L001,D0011,B003,CH003,42,22400,7.89
V003,L002,D0011,B003,CH003,53,29600,6.75
V003,L003,D0011,B003,CH003,39,24500,6.0
V003,L004,D0011,B003,CH003,50,30300,6.05
V003,L005,D0011,B003,CH003,55,32200,7.22
V003,L006,D0011,B003,CH003,40,28700,5.31
V003,L007,D0011,B003,CH003,50,32700,6.47
V003,L008,D0011,B003,CH003,60,30000,7.31
V003,L009,D0011,B003,CH003,62,30400,8.15
V003,L010,D0011,B003,CH003,46,27900,6.4
V004,L001,D0011,B006,CH004,45,28700,8.46
V004,L002,D0011,B006,CH004,75,40500,9.55
V004,L003,D0011,B006,CH004,47,35900,7.23
V004,L004,D0011,B006,CH004,61,40800,7.38
V004,L005,D0011,B006,CH004,42,45300,5.51
V004,L006,D0011,B006,CH004,51,40900,6.77
V004,L007,D0011,B006,CH004,55,43500,7.12
V004,L008,D0011,B006,CH004,42,41400,5.12
V004,L009,D0011,B006,CH004,52,42700,6.83
V004,L010,D0011,B006,CH004,49,41100,6.82
V005,L001,D0011,B007,CH004,26,34200,4.89
V005,L002,D0011,B007,CH004,54,48900,6.88
V005,L003,D0011,B007,CH004,41,37500,6.31
V005,L004,D0011,B007,CH004,59,49600,7.14
V005,L005,D0011,B007,CH004,47,49000,6.17
V005,L006,D0011,B007,CH004,59,47000,7.84
V005,L007,D0011,B007,CH004,47,50700,6.08
V005,L008,D0011,B007,CH004,45,50400,5.48
V005,L009,D0011,B007,CH004,41,47500,5.39
V005,L010,D0011,B007,CH004,30,48400,4.17
V006,L001,D0011,B003,CH003,28,24200,5.26
V006,L002,D0011,B003,CH003,50,33800,6.37
V006,L003,D0011,B003,CH003,37,28700,5.69
V006,L004,D0011,B003,CH003,42,34500,5.08
V006,L005,D0011,B003,CH003,55,35400,7.22
V006,L006,D0011,B003,CH003,49,36000,6.51
V006,L007,D0011,B003,CH003,43,38000,5.56
V006,L008,D0011,B003,CH003,56,35200,6.82
V006,L009,D0011,B003,CH003,45,34800,5.91
V006,L010,D0011,B003,CH003,49,36200,6.82
V007,L001,D0011,B007,CH004,29,33600,5.45
V007,L002,D0011,B007,CH004,37,44500,4.71
V007,L003,D0011,B007,CH004,39,37200,6.0
V007,L004,D0011,B007,CH004,39,47700,4.72
V007,L005,D0011,B007,CH004,42,45900,5.51
V007,L006,D0011,B007,CH004,44,47300,5.84
V007,L007,D0011,B007,CH004,33,49200,4.27
V007,L008,D0011,B007,CH004,40,45700,4.87
V007,L009,D0011,B007,CH004,51,48600,6.7
V007,L010,D0011,B007,CH004,49,44600,6.82
V008,L001,D0011,B002,CH003,25,15200,4.7
V008,L002,D0011,B002,CH003,33,23200,4.2
V008,L003,D0011,B002,CH003,34,17100,5.23
V008,L004,D0011,B002,CH003,38,22500,4.6
V008,L005,D0011,B002,CH003,41,21800,5.38
V008,L006,D0011,B002,CH003,41,22400,5.44
V008,L007,D0011,B002,CH003,56,24900,7.24
V008,L008,D0011,B002,CH003,42,23700,5.12
V008,L009,D0011,B002,CH003,31,23200,4.07
V008,L010,D0011,B002,CH003,30,21900,4.17
V009,L001,D0011,B003,CH003,31,20700,5.83
V009,L002,D0011,B003,CH003,40,31700,5.1
V009,L003,D0011,B003,CH003,36,24500,5.54
V009,L004,D0011,B003,CH003,43,32400,5.21
V009,L005,D0011,B003,CH003,31,32200,4.07
V009,L006,D0011,B003,CH003,30,29600,3.98
V009,L007,D0011,B003,CH003,36,32300,4.66
V009,L008,D0011,B003,CH003,45,29800,5.48
V009,L009,D0011,B003,CH003,38,30100,4.99
V009,L010,D0011,B003,CH003,43,27700,5.98
V010,L001,D0011,B007,CH004,20,42000,3.76
V010,L002,D0011,B007,CH004,29,59900,3.69
V010,L003,D0011,B007,CH004,16,50100,2.46
V010,L004,D0011,B007,CH004,30,59000,3.63
V010,L005,D0011,B007,CH004,28,62200,3.67
V010,L006,D0011,B007,CH004,27,59100,3.59
V010,L007,D0011,B007,CH004,32,68600,4.14
V010,L008,D0011,B007,CH004,44,65800,5.36
V010,L009,D0011,B007,CH004,26,63300,3.42
V010,L010,D0011,B007,CH004,28,57900,3.89
V011,L001,D0011,B005,CH003,12,38400,2.26
V011,L002,D0011,B005,CH003,19,58100,2.42
V011,L003,D0011,B005,CH003,23,45500,3.54
V011,L004,D0011,B005,CH003,29,57000,3.51
V011,L005,D0011,B005,CH003,23,59100,3.02
V011,L006,D0011,B005,CH003,14,53200,1.86
V011,L007,D0011,B005,CH003,25,57000,3.23
V011,L008,D0011,B005,CH003,23,54700,2.8
V011,L009,D0011,B005,CH003,31,51900,4.07
V011,L010,D0011,B005,CH003,30,53700,4.17
V012,L001,D0011,B006,CH003,29,32600,5.45
V012,L002,D0011,B006,CH003,40,44100,5.1
V012,L003,D0011,B006,CH003,31,37300,4.77
V012,L004,D0011,B006,CH003,50,48400,6.05
V012,L005,D0011,B006,CH003,37,44200,4.86
V012,L006,D0011,B006,CH003,34,45000,4.52
V012,L007,D0011,B006,CH003,28,51300,3.62
V012,L008,D0011,B006,CH003,38,49000,4.63
V012,L009,D0011,B006,CH003,49,46500,6.44
V012,L010,D0011,B006,CH003,37,42900,5.15
V013,L001,D0011,B001,CH002,30,22100,5.64
V013,L002,D0011,B001,CH002,41,30200,5.22
V013,L003,D0011,B001,CH002,27,27000,4.15
V013,L004,D0011,B001,CH002,47,32100,5.69
V013,L005,D0011,B001,CH002,55,34100,7.22
V013,L006,D0011,B001,CH002,38,32700,5.05
V013,L007,D0011,B001,CH002,43,35400,5.56
V013,L008,D0011,B001,CH002,31,35000,3.78
V013,L009,D0011,B001,CH002,39,33900,5.12
V013,L010,D0011,B001,CH002,26,30300,3.62
V014,L001,D0011,B004,CH003,18,27800,3.38
V014,L002,D0011,B004,CH003,25,42300,3.18
V014,L003,D0011,B004,CH003,39,31000,6.0
V014,L004,D0011,B004,CH003,35,39500,4.24
V014,L005,D0011,B004,CH003,29,40100,3.81
V014,L006,D0011,B004,CH003,40,38500,5.31
V014,L007,D0011,B004,CH003,34,44800,4.4
V014,L008,D0011,B004,CH003,32,42400,3.9
V014,L009,D0011,B004,CH003,27,40600,3.55
V014,L010,D0011,B004,CH003,33,39800,4.59
V015,L001,D0011,B002,CH004,19,27200,3.57
V015,L002,D0011,B002,CH004,29,35300,3.69
V015,L003,D0011,B002,CH004,28,27900,4.31
V015,L004,D0011,B002,CH004,33,37700,4.0
V015,L005,D0011,B002,CH004,24,35300,3.15
V015,L006,D0011,B002,CH004,24,36100,3.19
V015,L007,D0011,B002,CH004,35,37600,4.53
V015,L008,D0011,B002,CH004,28,39400,3.41
V015,L009,D0011,B002,CH004,26,37500,3.42
V015,L010,D0011,B002,CH004,27,37300,3.76
V016,L001,D0011,B008,CH004,24,36500,4.51
V016,L002,D0011,B008,CH004,23,54900,2.93
V016,L003,D0011,B008,CH004,28,40600,4.31
V016,L004,D0011,B008,CH004,47,50400,5.69
V016,L005,D0011,B008,CH004,29,52100,3.81
V016,L006,D0011,B008,CH004,32,52300,4.25
V016,L007,D0011,B008,CH004,38,53400,4.92
V016,L008,D0011,B008,CH004,45,56000,5.48
V016,L009,D0011,B008,CH004,37,53500,4.86
V016,L010,D0011,B008,CH004,34,53300,4.73
V017,L001,D0011,B010,CH004,11,68600,2.07
V017,L002,D0011,B010,CH004,12,97700,1.53
V017,L003,D0011,B010,CH004,8,76200,1.23
V017,L004,D0011,B010,CH004,18,99900,2.18
V017,L005,D0011,B010,CH004,16,95700,2.1
V017,L006,D0011,B010,CH004,17,97700,2.26
V017,L007,D0011,B010,CH004,12,100500,1.55
V017,L008,D0011,B010,CH004,13,97600,1.58
V017,L009,D0011,B010,CH004,10,91100,1.31
V017,L010,D0011,B010,CH004,13,94700,1.81
V018,L001,D0011,B004,CH002,19,23500,3.57
V018,L002,D0011,B004,CH002,46,33800,5.86
V018,L003,D0011,B004,CH002,37,28300,5.69
V018,L004,D0011,B004,CH002,29,32000,3.51
V018,L005,D0011,B004,CH002,28,32200,3.67
V018,L006,D0011,B004,CH002,39,31800,5.18
V018,L007,D0011,B004,CH002,30,34700,3.88
V018,L008,D0011,B004,CH002,45,32800,5.48
V018,L009,D0011,B004,CH002,32,33900,4.2
V018,L010,D0011,B004,CH002,35,32300,4.87
V019,L001,D0011,B005,CH002,15,29300,2.82
V019,L002,D0011,B005,CH002,19,41000,2.42
V019,L003,D0011,B005,CH002,10,33800,1.54
V019,L004,D0011,B005,CH002,18,42500,2.18
V019,L005,D0011,B005,CH002,24,41200,3.15
V019,L006,D0011,B005,CH002,21,42400,2.79
V019,L007,D0011,B005,CH002,15,46800,1.94
V019,L008,D0011,B005,CH002,25,42300,3.05
V019,L009,D0011,B005,CH002,23,42500,3.02
V019,L010,D0011,B005,CH002,14,39300,1.95
V020,L001,D0011,B003,CH002,31,26000,5.83
V020,L002,D0011,B003,CH002,37,39600,4.71
V020,L003,D0011,B003,CH002,36,30800,5.54
V020,L004,D0011,B003,CH002,32,39700,3.87
V020,L005,D0011,B003,CH002,40,40600,5.25
V020,L006,D0011,B003,CH002,42,35500,5.58
V020,L007,D0011,B003,CH002,41,39500,5.3
V020,L008,D0011,B003,CH002,33,38700,4.02
V020,L009,D0011,B003,CH002,52,38700,6.83
V020,L010,D0011,B003,CH002,49,36800,6.82
V001,L001,D0012,B004,CH004,42,29900,7.42
V001,L002,D0012,B004,CH004,59,41200,7.4
V001,L003,D0012,B004,CH004,52,35900,8.19
V001,L004,D0012,B004,CH004,61,45600,7.0
V001,L005,D0012,B004,CH004,71,41000,9.14
V001,L006,D0012,B004,CH004,63,40200,7.44
V001,L007,D0012,B004,CH004,60,47700,6.71
V001,L008,D0012,B004,CH004,62,41100,7.08
V001,L009,D0012,B004,CH004,61,43700,7.41
V001,L010,D0012,B004,CH004,69,39600,8.65
V002,L001,D0012,B006,CH004,57,35700,10.07
V002,L002,D0012,B006,CH004,48,48300,6.02
V002,L003,D0012,B006,CH004,54,39600,8.5
V002,L004,D0012,B006,CH004,56,47400,6.43
V002,L005,D0012,B006,CH004,68,51700,8.75
V002,L006,D0012,B006,CH004,70,49100,8.26
V002,L007,D0012,B006,CH004,83,51100,9.28
V002,L008,D0012,B006,CH004,68,48600,7.76
V002,L009,D0012,B006,CH004,55,48800,6.68
V002,L010,D0012,B006,CH004,43,49100,5.39
V003,L001,D0012,B003,CH003,41,20400,7.24
V003,L002,D0012,B003,CH003,51,29300,6.4
V003,L003,D0012,B003,CH003,44,24000,6.93
V003,L004,D0012,B003,CH003,57,30100,6.54
V003,L005,D0012,B003,CH003,54,31500,6.95
V003,L006,D0012,B003,CH003,57,29500,6.73
V003,L007,D0012,B003,CH003,62,32700,6.94
V003,L008,D0012,B003,CH003,58,31800,6.62
V003,L009,D0012,B003,CH003,55,31200,6.68
V003,L010,D0012,B003,CH003,51,29700,6.39
V004,L001,D0012,B006,CH004,47,29400,8.3
V004,L002,D0012,B006,CH004,53,40100,6.65
V004,L003,D0012,B006,CH004,42,35000,6.61
V004,L004,D0012,B006,CH004,49,40900,5.63
V004,L005,D0012,B006,CH004,55,44500,7.08
V004,L006,D0012,B006,CH004,56,39900,6.61
V004,L007,D0012,B006,CH004,55,46400,6.15
V004,L008,D0012,B006,CH004,60,42200,6.85
V004,L009,D0012,B006,CH004,70,44400,8.51
V004,L010,D0012,B006,CH004,65,39800,8.15
V005,L001,D0012,B007,CH004,38,35300,6.71
V005,L002,D0012,B007,CH004,60,46500,7.53
V005,L003,D0012,B007,CH004,32,40700,5.04
V005,L004,D0012,B007,CH004,66,48500,7.58
V005,L005,D0012,B007,CH004,46,50900,5.92
V005,L006,D0012,B007,CH004,51,47900,6.02
V005,L007,D0012,B007,CH004,47,53700,5.26
V005,L008,D0012,B007,CH004,56,51700,6.39
V005,L009,D0012,B007,CH004,50,46200,6.08
V005,L010,D0012,B007,CH004,52,46600,6.52
V006,L001,D0012,B003,CH003,37,25900,6.54
V006,L002,D0012,B003,CH003,48,36700,6.02
V006,L003,D0012,B003,CH003,38,27700,5.98
V006,L004,D0012,B003,CH003,53,34300,6.08
V006,L005,D0012,B003,CH003,40,37700,5.15
V006,L006,D0012,B003,CH003,53,33500,6.26
V006,L007,D0012,B003,CH003,58,38400,6.49
V006,L008,D0012,B003,CH003,64,36400,7.31
V006,L009,D0012,B003,CH003,43,37000,5.22
V006,L010,D0012,B003,CH003,47,33600,5.89
V007,L001,D0012,B007,CH004,24,34000,4.24
V007,L002,D0012,B007,CH004,52,47600,6.52
V007,L003,D0012,B007,CH004,35,36700,5.51
V007,L004,D0012,B007,CH004,50,47300,5.74
V007,L005,D0012,B007,CH004,40,45500,5.15
V007,L006,D0012,B007,CH004,41,45500,4.84
V007,L007,D0012,B007,CH004,42,52400,4.7
V007,L008,D0012,B007,CH004,53,49800,6.05
V007,L009,D0012,B007,CH004,63,44000,7.65
V007,L010,D0012,B007,CH004,53,44300,6.64
V008,L001,D0012,B002,CH003,27,16200,4.77
V008,L002,D0012,B002,CH003,39,22600,4.89
V008,L003,D0012,B002,CH003,29,17100,4.57
V008,L004,D0012,B002,CH003,44,21600,5.05
V008,L005,D0012,B002,CH003,39,22800,5.02
V008,L006,D0012,B002,CH003,41,22500,4.84
V008,L007,D0012,B002,CH003,43,23400,4.81
V008,L008,D0012,B002,CH003,49,22000,5.59
V008,L009,D0012,B002,CH003,41,23000,4.98
V008,L010,D0012,B002,CH003,43,22700,5.39
V009,L001,D0012,B003,CH003,30,21000,5.3
V009,L002,D0012,B003,CH003,28,28300,3.51
V009,L003,D0012,B003,CH003,17,25800,2.68
V009,L004,D0012,B003,CH003,42,31500,4.82
V009,L005,D0012,B003,CH003,31,28900,3.99
V009,L006,D0012,B003,CH003,43,28200,5.08
V009,L007,D0012,B003,CH003,41,32000,4.59
V009,L008,D0012,B003,CH003,39,29600,4.45
V009,L009,D0012,B003,CH003,42,30800,5.1
V009,L010,D0012,B003,CH003,30,27900,3.76
V010,L001,D0012,B007,CH004,20,43100,3.53
V010,L002,D0012,B007,CH004,31,61600,3.89
V010,L003,D0012,B007,CH004,27,46800,4.25
V010,L004,D0012,B007,CH004,37,58900,4.25
V010,L005,D0012,B007,CH004,38,61100,4.89
V010,L006,D0012,B007,CH004,27,56100,3.19
V010,L007,D0012,B007,CH004,36,62400,4.03
V010,L008,D0012,B007,CH004,40,59900,4.57
V010,L009,D0012,B007,CH004,47,58000,5.71
V010,L010,D0012,B007,CH004,28,58300,3.51
V011,L001,D0012,B005,CH003,30,39900,5.3
V011,L002,D0012,B005,CH003,26,54500,3.26
V011,L003,D0012,B005,CH003,22,43300,3.46
V011,L004,D0012,B005,CH003,40,53600,4.59
V011,L005,D0012,B005,CH003,18,54600,2.32
V011,L006,D0012,B005,CH003,24,54000,2.83
V011,L007,D0012,B005,CH003,31,58500,3.47
V011,L008,D0012,B005,CH003,31,60400,3.54
V011,L009,D0012,B005,CH003,17,56000,2.07
V011,L010,D0012,B005,CH003,29,54900,3.63
V012,L001,D0012,B006,CH003,23,32500,4.06
V012,L002,D0012,B006,CH003,42,45400,5.27
V012,L003,D0012,B006,CH003,22,38300,3.46
V012,L004,D0012,B006,CH003,39,48300,4.48
V012,L005,D0012,B006,CH003,39,43500,5.02
V012,L006,D0012,B006,CH003,45,46200,5.31
V012,L007,D0012,B006,CH003,51,47100,5.7
V012,L008,D0012,B006,CH003,39,45800,4.45
V012,L009,D0012,B006,CH003,39,47200,4.74
V012,L010,D0012,B006,CH003,52,44100,6.52
V013,L001,D0012,B001,CH002,18,21700,3.18
V013,L002,D0012,B001,CH002,37,30100,4.64
V013,L003,D0012,B001,CH002,41,25400,6.46
V013,L004,D0012,B001,CH002,39,34700,4.48
V013,L005,D0012,B001,CH002,34,31900,4.38
V013,L006,D0012,B001,CH002,46,31600,5.43
V013,L007,D0012,B001,CH002,38,35300,4.25
V013,L008,D0012,B001,CH002,35,33700,4.0
V013,L009,D0012,B001,CH002,34,33600,4.13
V013,L010,D0012,B001,CH002,27,31400,3.38
V014,L001,D0012,B004,CH003,16,30500,2.83
V014,L002,D0012,B004,CH003,40,40100,5.02
V014,L003,D0012,B004,CH003,27,34300,4.25
V014,L004,D0012,B004,CH003,35,40600,4.02
V014,L005,D0012,B004,CH003,35,39900,4.5
V014,L006,D0012,B004,CH003,39,38900,4.6
V014,L007,D0012,B004,CH003,41,41700,4.59
V014,L008,D0012,B004,CH003,25,39800,2.85
V014,L009,D0012,B004,CH003,32,41600,3.89
V014,L010,D0012,B004,CH003,30,41500,3.76
V015,L001,D0012,B002,CH004,19,26700,3.36
V015,L002,D0012,B002,CH004,28,37000,3.51
V015,L003,D0012,B002,CH004,24,29400,3.78
V015,L004,D0012,B002,CH004,29,35700,3.33
V015,L005,D0012,B002,CH004,27,35300,3.47
V015,L006,D0012,B002,CH004,34,35000,4.01
V015,L007,D0012,B002,CH004,32,40900,3.58
V015,L008,D0012,B002,CH004,22,35300,2.51
V015,L009,D0012,B002,CH004,26,35900,3.16
V015,L010,D0012,B002,CH004,24,35600,3.01
V016,L001,D0012,B008,CH004,14,35800,2.47
V016,L002,D0012,B008,CH004,51,54600,6.4
V016,L003,D0012,B008,CH004,35,40700,5.51
V016,L004,D0012,B008,CH004,41,56200,4.71
V016,L005,D0012,B008,CH004,34,54800,4.38
V016,L006,D0012,B008,CH004,35,48800,4.13
V016,L007,D0012,B008,CH004,42,53300,4.7
V016,L008,D0012,B008,CH004,33,53100,3.77
V016,L009,D0012,B008,CH004,36,50400,4.37
V016,L010,D0012,B008,CH004,37,50600,4.64
V017,L001,D0012,B010,CH004,10,64800,1.77
V017,L002,D0012,B010,CH004,14,89900,1.76
V017,L003,D0012,B010,CH004,18,78900,2.83
V017,L004,D0012,B010,CH004,14,101300,1.61
V017,L005,D0012,B010,CH004,20,94600,2.57
V017,L006,D0012,B010,CH004,18,94800,2.13
V017,L007,D0012,B010,CH004,17,107400,1.9
V017,L008,D0012,B010,CH004,18,97800,2.05
V017,L009,D0012,B010,CH004,17,90300,2.07
V017,L010,D0012,B010,CH004,13,97600,1.63
V018,L001,D0012,B004,CH002,20,22500,3.53
V018,L002,D0012,B004,CH002,26,33200,3.26
V018,L003,D0012,B004,CH002,26,26800,4.09
V018,L004,D0012,B004,CH002,34,33000,3.9
V018,L005,D0012,B004,CH002,29,34600,3.73
V018,L006,D0012,B004,CH002,31,33100,3.66
V018,L007,D0012,B004,CH002,32,36000,3.58
V018,L008,D0012,B004,CH002,40,34400,4.57
V018,L009,D0012,B004,CH002,29,33200,3.52
V018,L010,D0012,B004,CH002,43,33900,5.39
V019,L001,D0012,B005,CH002,15,29400,2.65
V019,L002,D0012,B005,CH002,19,40400,2.38
V019,L003,D0012,B005,CH002,14,35800,2.2
V019,L004,D0012,B005,CH002,29,42200,3.33
V019,L005,D0012,B005,CH002,20,45300,2.57
V019,L006,D0012,B005,CH002,21,39400,2.48
V019,L007,D0012,B005,CH002,22,48000,2.46
V019,L008,D0012,B005,CH002,31,44000,3.54
V019,L009,D0012,B005,CH002,23,42300,2.79
V019,L010,D0012,B005,CH002,18,40000,2.26
V020,L001,D0012,B003,CH002,38,26900,6.71
V020,L002,D0012,B003,CH002,45,38700,5.65
V020,L003,D0012,B003,CH002,36,30700,5.67
V020,L004,D0012,B003,CH002,56,41200,6.43
V020,L005,D0012,B003,CH002,39,38800,5.02
V020,L006,D0012,B003,CH002,52,35400,6.14
V020,L007,D0012,B003,CH002,61,43400,6.82
V020,L008,D0012,B003,CH002,53,38100,6.05
V020,L009,D0012,B003,CH002,43,39100,5.22
V020,L010,D0012,B003,CH002,44,38700,5.51
V001,L001,D0013,B004,CH004,44,30300,7.15
V001,L002,D0013,B004,CH004,68,41400,7.96
V001,L003,D0013,B004,CH004,51,33000,7.48
V001,L004,D0013,B004,CH004,72,44500,7.41
V001,L005,D0013,B004,CH004,74,43300,8.3
V001,L006,D0013,B004,CH004,70,42500,8.02
V001,L007,D0013,B004,CH004,70,45800,7.89
V001,L008,D0013,B004,CH004,68,43100,7.64
V001,L009,D0013,B004,CH004,57,42000,6.57
V001,L010,D0013,B004,CH004,67,39500,7.8
V002,L001,D0013,B006,CH004,47,36800,7.64
V002,L002,D0013,B006,CH004,62,51000,7.26
V002,L003,D0013,B006,CH004,57,40800,8.36
V002,L004,D0013,B006,CH004,80,49800,8.23
V002,L005,D0013,B006,CH004,76,49200,8.52
V002,L006,D0013,B006,CH004,56,47800,6.41
V002,L007,D0013,B006,CH004,72,51500,8.12
V002,L008,D0013,B006,CH004,55,51900,6.18
V002,L009,D0013,B006,CH004,51,48000,5.88
V002,L010,D0013,B006,CH004,62,47400,7.22
V003,L001,D0013,B003,CH003,41,22200,6.67
V003,L002,D0013,B003,CH003,58,31600,6.79
V003,L003,D0013,B003,CH003,42,26000,6.16
V003,L004,D0013,B003,CH003,59,32400,6.07
V003,L005,D0013,B003,CH003,64,30600,7.17
V003,L006,D0013,B003,CH003,52,29900,5.96
V003,L007,D0013,B003,CH003,60,33100,6.76
V003,L008,D0013,B003,CH003,55,31000,6.18
V003,L009,D0013,B003,CH003,54,29700,6.22
V003,L010,D0013,B003,CH003,58,31400,6.75
V004,L001,D0013,B006,CH004,41,29100,6.67
V004,L002,D0013,B006,CH004,70,44600,8.2
V004,L003,D0013,B006,CH004,45,36000,6.6
V004,L004,D0013,B006,CH004,64,43200,6.58
V004,L005,D0013,B006,CH004,64,46000,7.17
V004,L006,D0013,B006,CH004,69,43900,7.9
V004,L007,D0013,B006,CH004,51,48700,5.75
V004,L008,D0013,B006,CH004,71,46800,7.98
V004,L009,D0013,B006,CH004,55,40900,6.34
V004,L010,D0013,B006,CH004,56,43200,6.52
V005,L001,D0013,B007,CH004,43,33200,6.99
V005,L002,D0013,B007,CH004,44,48100,5.15
V005,L003,D0013,B007,CH004,38,40100,5.57
V005,L004,D0013,B007,CH004,47,48600,4.84
V005,L005,D0013,B007,CH004,52,47400,5.83
V005,L006,D0013,B007,CH004,46,46000,5.27
V005,L007,D0013,B007,CH004,55,51100,6.2
V005,L008,D0013,B007,CH004,49,53500,5.51
V005,L009,D0013,B007,CH004,50,47100,5.76
V005,L010,D0013,B007,CH004,51,46400,5.94
V006,L001,D0013,B003,CH003,35,26300,5.69
V006,L002,D0013,B003,CH003,50,35400,5.85
V006,L003,D0013,B003,CH003,30,27400,4.4
V006,L004,D0013,B003,CH003,62,34600,6.38
V006,L005,D0013,B003,CH003,34,34200,3.81
V006,L006,D0013,B003,CH003,57,35100,6.53
V006,L007,D0013,B003,CH003,51,37700,5.75
V006,L008,D0013,B003,CH003,57,37100,6.4
V006,L009,D0013,B003,CH003,53,37400,6.11
V006,L010,D0013,B003,CH003,49,36600,5.7
V007,L001,D0013,B007,CH004,46,34400,7.48
V007,L002,D0013,B007,CH004,44,49300,5.15
V007,L003,D0013,B007,CH004,34,37400,4.99
V007,L004,D0013,B007,CH004,50,47900,5.14
V007,L005,D0013,B007,CH004,41,45900,4.6
V007,L006,D0013,B007,CH004,50,47000,5.73
V007,L007,D0013,B007,CH004,49,51800,5.52
V007,L008,D0013,B007,CH004,52,49700,5.84
V007,L009,D0013,B007,CH004,73,48200,8.41
V007,L010,D0013,B007,CH004,44,47900,5.12
V008,L001,D0013,B002,CH003,34,15900,5.53
V008,L002,D0013,B002,CH003,39,23500,4.57
V008,L003,D0013,B002,CH003,36,18800,5.28
V008,L004,D0013,B002,CH003,51,23700,5.25
V008,L005,D0013,B002,CH003,59,22100,6.61
V008,L006,D0013,B002,CH003,48,21200,5.5
V008,L007,D0013,B002,CH003,53,25200,5.98
V008,L008,D0013,B002,CH003,44,22300,4.94
V008,L009,D0013,B002,CH003,41,21500,4.72
V008,L010,D0013,B002,CH003,51,22200,5.94
V009,L001,D0013,B003,CH003,36,21400,5.85
V009,L002,D0013,B003,CH003,38,31500,4.45
V009,L003,D0013,B003,CH003,22,23800,3.23
V009,L004,D0013,B003,CH003,52,32200,5.35
V009,L005,D0013,B003,CH003,40,32100,4.48
V009,L006,D0013,B003,CH003,52,29100,5.96
V009,L007,D0013,B003,CH003,43,31500,4.85
V009,L008,D0013,B003,CH003,46,31100,5.17
V009,L009,D0013,B003,CH003,40,31700,4.61
V009,L010,D0013,B003,CH003,44,31000,5.12
V010,L001,D0013,B007,CH004,21,43400,3.41
V010,L002,D0013,B007,CH004,33,62800,3.86
V010,L003,D0013,B007,CH004,32,50600,4.69
V010,L004,D0013,B007,CH004,38,62500,3.91
V010,L005,D0013,B007,CH004,33,65500,3.7
V010,L006,D0013,B007,CH004,35,57700,4.01
V010,L007,D0013,B007,CH004,32,67300,3.61
V010,L008,D0013,B007,CH004,29,66600,3.26
V010,L009,D0013,B007,CH004,36,61200,4.15
V010,L010,D0013,B007,CH004,31,63300,3.61
V011,L001,D0013,B005,CH003,17,42200,2.76
V011,L002,D0013,B005,CH003,29,55900,3.4
V011,L003,D0013,B005,CH003,28,45800,4.11
V011,L004,D0013,B005,CH003,33,55400,3.4
V011,L005,D0013,B005,CH003,23,58200,2.58
V011,L006,D0013,B005,CH003,27,51500,3.09
V011,L007,D0013,B005,CH003,28,62500,3.16
V011,L008,D0013,B005,CH003,33,56500,3.71
V011,L009,D0013,B005,CH003,32,54600,3.69
V011,L010,D0013,B005,CH003,25,56100,2.91
V012,L001,D0013,B006,CH003,25,31600,4.07
V012,L002,D0013,B006,CH003,45,44900,5.27
V012,L003,D0013,B006,CH003,34,37800,4.99
V012,L004,D0013,B006,CH003,48,45600,4.94
V012,L005,D0013,B006,CH003,57,49200,6.39
V012,L006,D0013,B006,CH003,48,43300,5.5
V012,L007,D0013,B006,CH003,45,48600,5.07
V012,L008,D0013,B006,CH003,53,45400,5.96
V012,L009,D0013,B006,CH003,40,44800,4.61
V012,L010,D0013,B006,CH003,49,42300,5.7
V013,L001,D0013,B001,CH002,26,23800,4.23
V013,L002,D0013,B001,CH002,27,30600,3.16
V013,L003,D0013,B001,CH002,40,26000,5.87
V013,L004,D0013,B001,CH002,54,35000,5.56
V013,L005,D0013,B001,CH002,42,32900,4.71
V013,L006,D0013,B001,CH002,37,30200,4.24
V013,L007,D0013,B001,CH002,38,35800,4.28
V013,L008,D0013,B001,CH002,44,34200,4.94
V013,L009,D0013,B001,CH002,45,30900,5.18
V013,L010,D0013,B001,CH002,45,33000,5.24
V014,L001,D0013,B004,CH003,22,30400,3.58
V014,L002,D0013,B004,CH003,51,38200,5.97
V014,L003,D0013,B004,CH003,27,34500,3.96
V014,L004,D0013,B004,CH003,46,44100,4.73
V014,L005,D0013,B004,CH003,23,42500,2.58
V014,L006,D0013,B004,CH003,29,37900,3.32
V014,L007,D0013,B004,CH003,36,46300,4.06
V014,L008,D0013,B004,CH003,32,40100,3.6
V014,L009,D0013,B004,CH003,40,38300,4.61
V014,L010,D0013,B004,CH003,42,42000,4.89
V015,L001,D0013,B002,CH004,26,25000,4.23
V015,L002,D0013,B002,CH004,29,36000,3.4
V015,L003,D0013,B002,CH004,22,28200,3.23
V015,L004,D0013,B002,CH004,33,38100,3.4
V015,L005,D0013,B002,CH004,22,39400,2.47
V015,L006,D0013,B002,CH004,36,33700,4.12
V015,L007,D0013,B002,CH004,23,37300,2.59
V015,L008,D0013,B002,CH004,27,40000,3.03
V015,L009,D0013,B002,CH004,32,34500,3.69
V015,L010,D0013,B002,CH004,31,34900,3.61
V016,L001,D0013,B008,CH004,22,38200,3.58
V016,L002,D0013,B008,CH004,45,50800,5.27
V016,L003,D0013,B008,CH004,27,43300,3.96
V016,L004,D0013,B008,CH004,43,52800,4.42
V016,L005,D0013,B008,CH004,50,54100,5.61
V016,L006,D0013,B008,CH004,35,50000,4.01
V016,L007,D0013,B008,CH004,46,57800,5.19
V016,L008,D0013,B008,CH004,44,51600,4.94
V016,L009,D0013,B008,CH004,40,54300,4.61
V016,L010,D0013,B008,CH004,39,53600,4.54
V017,L001,D0013,B010,CH004,9,67900,1.46
V017,L002,D0013,B010,CH004,14,101400,1.64
V017,L003,D0013,B010,CH004,14,82200,2.05
V017,L004,D0013,B010,CH004,17,98800,1.75
V017,L005,D0013,B010,CH004,10,94700,1.12
V017,L006,D0013,B010,CH004,17,94600,1.95
V017,L007,D0013,B010,CH004,16,109400,1.8
V017,L008,D0013,B010,CH004,16,98200,1.8
V017,L009,D0013,B010,CH004,19,95500,2.19
V017,L010,D0013,B010,CH004,16,89700,1.86
V018,L001,D0013,B004,CH002,30,25500,4.88
V018,L002,D0013,B004,CH002,39,32400,4.57
V018,L003,D0013,B004,CH002,33,26300,4.84
V018,L004,D0013,B004,CH002,40,35300,4.12
V018,L005,D0013,B004,CH002,39,33500,4.37
V018,L006,D0013,B004,CH002,44,31200,5.04
V018,L007,D0013,B004,CH002,43,37700,4.85
V018,L008,D0013,B004,CH002,53,34700,5.96
V018,L009,D0013,B004,CH002,47,34100,5.41
V018,L010,D0013,B004,CH002,32,33700,3.73
V019,L001,D0013,B005,CH002,15,29100,2.44
V019,L002,D0013,B005,CH002,28,44700,3.28
V019,L003,D0013,B005,CH002,20,34700,2.93
V019,L004,D0013,B005,CH002,26,41900,2.67
V019,L005,D0013,B005,CH002,33,46100,3.7
V019,L006,D0013,B005,CH002,21,40500,2.41
V019,L007,D0013,B005,CH002,21,47100,2.37
V019,L008,D0013,B005,CH002,25,42100,2.81
V019,L009,D0013,B005,CH002,24,40100,2.76
V019,L010,D0013,B005,CH002,23,40400,2.68
V020,L001,D0013,B003,CH002,35,28200,5.69
V020,L002,D0013,B003,CH002,41,37500,4.8
V020,L003,D0013,B003,CH002,50,30600,7.33
V020,L004,D0013,B003,CH002,57,41700,5.86
V020,L005,D0013,B003,CH002,56,41300,6.28
V020,L006,D0013,B003,CH002,44,39100,5.04
V020,L007,D0013,B003,CH002,55,43300,6.2
V020,L008,D0013,B003,CH002,37,41300,4.16
V020,L009,D0013,B003,CH002,39,38500,4.49
V020,L010,D0013,B003,CH002,44,36200,5.12
V001,L001,D0014,B004,CH004,37,32000,5.95
V001,L002,D0014,B004,CH004,69,41600,7.65
V001,L003,D0014,B004,CH004,51,36500,7.63
V001,L004,D0014,B004,CH004,63,43700,6.86
V001,L005,D0014,B004,CH004,73,44100,8.08
V001,L006,D0014,B004,CH004,54,42600,6.39
V001,L007,D0014,B004,CH004,72,45600,7.68
V001,L008,D0014,B004,CH004,67,46900,7.34
V001,L009,D0014,B004,CH004,63,40600,7.45
V001,L010,D0014,B004,CH004,84,43700,10.12
V002,L001,D0014,B006,CH004,44,34200,7.07
V002,L002,D0014,B006,CH004,64,48400,7.1
V002,L003,D0014,B006,CH004,49,39100,7.34
V002,L004,D0014,B006,CH004,55,52700,5.98
V002,L005,D0014,B006,CH004,79,52000,8.74
V002,L006,D0014,B006,CH004,82,49000,9.7
V002,L007,D0014,B006,CH004,80,50900,8.53
V002,L008,D0014,B006,CH004,52,51100,5.7
V002,L009,D0014,B006,CH004,60,47100,7.09
V002,L010,D0014,B006,CH004,55,49500,6.63
V003,L001,D0014,B003,CH003,40,22300,6.43
V003,L002,D0014,B003,CH003,61,30900,6.76
V003,L003,D0014,B003,CH003,48,24100,7.19
V003,L004,D0014,B003,CH003,62,30900,6.75
V003,L005,D0014,B003,CH003,57,30100,6.31
V003,L006,D0014,B003,CH003,69,29100,8.17
V003,L007,D0014,B003,CH003,60,34800,6.4
V003,L008,D0014,B003,CH003,62,33100,6.79
V003,L009,D0014,B003,CH003,58,29500,6.86
V003,L010,D0014,B003,CH003,53,30100,6.39
V004,L001,D0014,B006,CH004,42,29100,6.75
V004,L002,D0014,B006,CH004,75,43000,8.31
V004,L003,D0014,B006,CH004,44,33300,6.59
V004,L004,D0014,B006,CH004,66,41900,7.18
V004,L005,D0014,B006,CH004,65,41700,7.19
V004,L006,D0014,B006,CH004,73,41300,8.64
V004,L007,D0014,B006,CH004,53,47600,5.65
V004,L008,D0014,B006,CH004,63,46000,6.9
V004,L009,D0014,B006,CH004,65,43600,7.68
V004,L010,D0014,B006,CH004,42,41400,5.06
V005,L001,D0014,B007,CH004,35,33600,5.63
V005,L002,D0014,B007,CH004,62,46600,6.87
V005,L003,D0014,B007,CH004,36,39700,5.39
V005,L004,D0014,B007,CH004,51,52300,5.55
V005,L005,D0014,B007,CH004,60,48100,6.64
V005,L006,D0014,B007,CH004,46,45900,5.44
V005,L007,D0014,B007,CH004,60,52900,6.4
V005,L008,D0014,B007,CH004,61,51200,6.68
V005,L009,D0014,B007,CH004,55,49000,6.5
V005,L010,D0014,B007,CH004,62,48100,7.47
V006,L001,D0014,B003,CH003,39,24200,6.27
V006,L002,D0014,B003,CH003,47,34700,5.21
V006,L003,D0014,B003,CH003,34,29000,5.09
V006,L004,D0014,B003,CH003,59,38100,6.42
V006,L005,D0014,B003,CH003,48,37500,5.31
V006,L006,D0014,B003,CH003,55,33500,6.51
V006,L007,D0014,B003,CH003,52,37500,5.54
V006,L008,D0014,B003,CH003,59,35800,6.46
V006,L009,D0014,B003,CH003,52,35900,6.15
V006,L010,D0014,B003,CH003,54,34000,6.51
V007,L001,D0014,B007,CH004,36,34000,5.79
V007,L002,D0014,B007,CH004,48,47300,5.32
V007,L003,D0014,B007,CH004,38,39300,5.69
V007,L004,D0014,B007,CH004,71,48700,7.73
V007,L005,D0014,B007,CH004,44,48600,4.87
V007,L006,D0014,B007,CH004,39,47200,4.62
V007,L007,D0014,B007,CH004,56,50100,5.97
V007,L008,D0014,B007,CH004,47,46200,5.15
V007,L009,D0014,B007,CH004,57,49400,6.74
V007,L010,D0014,B007,CH004,41,48100,4.94
V008,L001,D0014,B002,CH003,38,16600,6.11
V008,L002,D0014,B002,CH003,43,21100,4.77
V008,L003,D0014,B002,CH003,32,17200,4.79
V008,L004,D0014,B002,CH003,57,24200,6.2
V008,L005,D0014,B002,CH003,55,22100,6.08
V008,L006,D0014,B002,CH003,45,22900,5.33
V008,L007,D0014,B002,CH003,53,23700,5.65
V008,L008,D0014,B002,CH003,52,24400,5.7
V008,L009,D0014,B002,CH003,32,22300,3.78
V008,L010,D0014,B002,CH003,37,22700,4.46
V009,L001,D0014,B003,CH003,29,21600,4.66
V009,L002,D0014,B003,CH003,49,29300,5.43
V009,L003,D0014,B003,CH003,32,24000,4.79
V009,L004,D0014,B003,CH003,45,29600,4.9
V009,L005,D0014,B003,CH003,38,32500,4.2
V009,L006,D0014,B003,CH003,39,29100,4.62
V009,L007,D0014,B003,CH003,48,31200,5.12
V009,L008,D0014,B003,CH003,39,32700,4.27
V009,L009,D0014,B003,CH003,50,31400,5.91
V009,L010,D0014,B003,CH003,45,30700,5.42
V010,L001,D0014,B007,CH004,29,41500,4.66
V010,L002,D0014,B007,CH004,32,59500,3.55
V010,L003,D0014,B007,CH004,31,48800,4.64
V010,L004,D0014,B007,CH004,32,62200,3.48
V010,L005,D0014,B007,CH004,43,65400,4.76
V010,L006,D0014,B007,CH004,27,61800,3.2
V010,L007,D0014,B007,CH004,39,65500,4.16
V010,L008,D0014,B007,CH004,36,65600,3.94
V010,L009,D0014,B007,CH004,27,62300,3.19
V010,L010,D0014,B007,CH004,28,61300,3.37
V011,L001,D0014,B005,CH003,18,39800,2.89
V011,L002,D0014,B005,CH003,27,52900,2.99
V011,L003,D0014,B005,CH003,16,43800,2.4
V011,L004,D0014,B005,CH003,21,54800,2.29
V011,L005,D0014,B005,CH003,32,60000,3.54
V011,L006,D0014,B005,CH003,19,55500,2.25
V011,L007,D0014,B005,CH003,24,57000,2.56
V011,L008,D0014,B005,CH003,27,56500,2.96
V011,L009,D0014,B005,CH003,32,54100,3.78
V011,L010,D0014,B005,CH003,24,57800,2.89
V012,L001,D0014,B006,CH003,38,34500,6.11
V012,L002,D0014,B006,CH003,58,45300,6.43
V012,L003,D0014,B006,CH003,41,37500,6.14
V012,L004,D0014,B006,CH003,32,48500,3.48
V012,L005,D0014,B006,CH003,36,49100,3.98
V012,L006,D0014,B006,CH003,42,46900,4.97
V012,L007,D0014,B006,CH003,49,52200,5.22
V012,L008,D0014,B006,CH003,61,49000,6.68
V012,L009,D0014,B006,CH003,36,46100,4.26
V012,L010,D0014,B006,CH003,46,42600,5.54
V013,L001,D0014,B001,CH002,23,22300,3.7
V013,L002,D0014,B001,CH002,37,33800,4.1
V013,L003,D0014,B001,CH002,35,25600,5.24
V013,L004,D0014,B001,CH002,40,35000,4.35
V013,L005,D0014,B001,CH002,51,31700,5.64
V013,L006,D0014,B001,CH002,34,31800,4.02
V013,L007,D0014,B001,CH002,42,34600,4.48
V013,L008,D0014,B001,CH002,42,35500,4.6
V013,L009,D0014,B001,CH002,36,30700,4.26
V013,L010,D0014,B001,CH002,45,31100,5.42
V014,L001,D0014,B004,CH003,27,30000,4.34
V014,L002,D0014,B004,CH003,44,42800,4.88
V014,L003,D0014,B004,CH003,27,34000,4.04
V014,L004,D0014,B004,CH003,41,42600,4.46
V014,L005,D0014,B004,CH003,30,41300,3.32
V014,L006,D0014,B004,CH003,41,38400,4.85
V014,L007,D0014,B004,CH003,32,44300,3.41
V014,L008,D0014,B004,CH003,38,41000,4.16
V014,L009,D0014,B004,CH003,29,39400,3.43
V014,L010,D0014,B004,CH003,33,40600,3.98
V015,L001,D0014,B002,CH004,22,25400,3.54
V015,L002,D0014,B002,CH004,26,38200,2.88
V015,L003,D0014,B002,CH004,20,30800,2.99
V015,L004,D0014,B002,CH004,46,39800,5.01
V015,L005,D0014,B002,CH004,28,38400,3.1
V015,L006,D0014,B002,CH004,25,36900,2.96
V015,L007,D0014,B002,CH004,43,41600,4.58
V015,L008,D0014,B002,CH004,39,39000,4.27
V015,L009,D0014,B002,CH004,22,38400,2.6
V015,L010,D0014,B002,CH004,34,34600,4.1
V016,L001,D0014,B008,CH004,36,38700,5.79
V016,L002,D0014,B008,CH004,43,54600,4.77
V016,L003,D0014,B008,CH004,25,44800,3.74
V016,L004,D0014,B008,CH004,49,55200,5.33
V016,L005,D0014,B008,CH004,38,50900,4.2
V016,L006,D0014,B008,CH004,26,51600,3.08
V016,L007,D0014,B008,CH004,41,60200,4.37
V016,L008,D0014,B008,CH004,34,52700,3.72
V016,L009,D0014,B008,CH004,41,50500,4.85
V016,L010,D0014,B008,CH004,42,50200,5.06
V017,L001,D0014,B010,CH004,11,72100,1.77
V017,L002,D0014,B010,CH004,21,101300,2.33
V017,L003,D0014,B010,CH004,14,76400,2.1
V017,L004,D0014,B010,CH004,16,99400,1.74
V017,L005,D0014,B010,CH004,7,94300,0.77
V017,L006,D0014,B010,CH004,15,95400,1.78
V017,L007,D0014,B010,CH004,14,107700,1.49
V017,L008,D0014,B010,CH004,17,106300,1.86
V017,L009,D0014,B010,CH004,19,101000,2.25
V017,L010,D0014,B010,CH004,14,89600,1.69
V018,L001,D0014,B004,CH002,25,25000,4.02
V018,L002,D0014,B004,CH002,41,35300,4.55
V018,L003,D0014,B004,CH002,35,29000,5.24
V018,L004,D0014,B004,CH002,43,33400,4.68
V018,L005,D0014,B004,CH002,42,33700,4.65
V018,L006,D0014,B004,CH002,33,33500,3.91
V018,L007,D0014,B004,CH002,43,35400,4.58
V018,L008,D0014,B004,CH002,45,34800,4.93
V018,L009,D0014,B004,CH002,38,34500,4.49
V018,L010,D0014,B004,CH002,25,30900,3.01
V019,L001,D0014,B005,CH002,19,29700,3.05
V019,L002,D0014,B005,CH002,23,43800,2.55
V019,L003,D0014,B005,CH002,19,35000,2.84
V019,L004,D0014,B005,CH002,24,41900,2.61
V019,L005,D0014,B005,CH002,25,44200,2.77
V019,L006,D0014,B005,CH002,23,40400,2.72
V019,L007,D0014,B005,CH002,26,45600,2.77
V019,L008,D0014,B005,CH002,24,42000,2.63
V019,L009,D0014,B005,CH002,27,44300,3.19
V019,L010,D0014,B005,CH002,14,41100,1.69
V020,L001,D0014,B003,CH002,34,28400,5.47
V020,L002,D0014,B003,CH002,32,39600,3.55
V020,L003,D0014,B003,CH002,41,31700,6.14
V020,L004,D0014,B003,CH002,46,38200,5.01
V020,L005,D0014,B003,CH002,53,40500,5.86
V020,L006,D0014,B003,CH002,58,35700,6.86
V020,L007,D0014,B003,CH002,51,40700,5.44
V020,L008,D0014,B003,CH002,48,38000,5.26
V020,L009,D0014,B003,CH002,47,38200,5.56
V020,L010,D0014,B003,CH002,52,36600,6.27
V001,L001,D0015,B004,CH004,39,30900,5.82
V001,L002,D0015,B004,CH004,62,41300,6.63
V001,L003,D0015,B004,CH004,46,36700,6.46
V001,L004,D0015,B004,CH004,86,42400,9.28
V001,L005,D0015,B004,CH004,61,43700,6.99
V001,L006,D0015,B004,CH004,67,43900,7.43
V001,L007,D0015,B004,CH004,78,46200,8.08
V001,L008,D0015,B004,CH004,71,43900,7.69
V001,L009,D0015,B004,CH004,67,44700,7.5
V001,L010,D0015,B004,CH004,59,41900,6.55
V002,L001,D0015,B006,CH004,51,33100,7.61
V002,L002,D0015,B006,CH004,72,47900,7.7
V002,L003,D0015,B006,CH004,47,38000,6.6
V002,L004,D0015,B006,CH004,66,48000,7.12
V002,L005,D0015,B006,CH004,59,50000,6.76
V002,L006,D0015,B006,CH004,69,47200,7.65
V002,L007,D0015,B006,CH004,73,52800,7.56
V002,L008,D0015,B006,CH004,70,52200,7.58
V002,L009,D0015,B006,CH004,65,50400,7.28
V002,L010,D0015,B006,CH004,71,49900,7.88
V003,L001,D0015,B003,CH003,52,22400,7.76
V003,L002,D0015,B003,CH003,65,31100,6.95
V003,L003,D0015,B003,CH003,54,23900,7.58
V003,L004,D0015,B003,CH003,73,32700,7.87
V003,L005,D0015,B003,CH003,63,31400,7.22
V003,L006,D0015,B003,CH003,49,30000,5.43
V003,L007,D0015,B003,CH003,67,32700,6.94
V003,L008,D0015,B003,CH003,71,31700,7.69
V003,L009,D0015,B003,CH003,60,31500,6.72
V003,L010,D0015,B003,CH003,56,28500,6.22
V004,L001,D0015,B006,CH004,46,29400,6.87
V004,L002,D0015,B006,CH004,60,43100,6.42
V004,L003,D0015,B006,CH004,45,36300,6.32
V004,L004,D0015,B006,CH004,65,42900,7.01
V004,L005,D0015,B006,CH004,49,42600,5.61
V004,L006,D0015,B006,CH004,55,42600,6.1
V004,L007,D0015,B006,CH004,67,44800,6.94
V004,L008,D0015,B006,CH004,74,43700,8.02
V004,L009,D0015,B006,CH004,55,41100,6.16
V004,L010,D0015,B006,CH004,58,40500,6.44
V005,L001,D0015,B007,CH004,48,36100,7.16
V005,L002,D0015,B007,CH004,65,48700,6.95
V005,L003,D0015,B007,CH004,43,39700,6.04
V005,L004,D0015,B007,CH004,48,48000,5.18
V005,L005,D0015,B007,CH004,43,49600,4.93
V005,L006,D0015,B007,CH004,49,48600,5.43
V005,L007,D0015,B007,CH004,55,50100,5.7
V005,L008,D0015,B007,CH004,72,53500,7.8
V005,L009,D0015,B007,CH004,62,47000,6.94
V005,L010,D0015,B007,CH004,67,50200,7.44
V006,L001,D0015,B003,CH003,47,24600,7.01
V006,L002,D0015,B003,CH003,46,35500,4.92
V006,L003,D0015,B003,CH003,39,28500,5.48
V006,L004,D0015,B003,CH003,44,37500,4.75
V006,L005,D0015,B003,CH003,55,34600,6.3
V006,L006,D0015,B003,CH003,58,36800,6.43
V006,L007,D0015,B003,CH003,64,40500,6.63
V006,L008,D0015,B003,CH003,55,39000,5.96
V006,L009,D0015,B003,CH003,50,33700,5.6
V006,L010,D0015,B003,CH003,41,35800,4.55
V007,L001,D0015,B007,CH004,39,34200,5.82
V007,L002,D0015,B007,CH004,44,46700,4.71
V007,L003,D0015,B007,CH004,37,40200,5.2
V007,L004,D0015,B007,CH004,61,48600,6.58
V007,L005,D0015,B007,CH004,53,48900,6.07
V007,L006,D0015,B007,CH004,55,48000,6.1
V007,L007,D0015,B007,CH004,53,51500,5.49
V007,L008,D0015,B007,CH004,52,46200,5.63
V007,L009,D0015,B007,CH004,56,47500,6.27
V007,L010,D0015,B007,CH004,59,43100,6.55
V008,L001,D0015,B002,CH003,37,16500,5.52
V008,L002,D0015,B002,CH003,40,21600,4.28
V008,L003,D0015,B002,CH003,39,19400,5.48
V008,L004,D0015,B002,CH003,54,21700,5.83
V008,L005,D0015,B002,CH003,42,22700,4.81
V008,L006,D0015,B002,CH003,43,22300,4.77
V008,L007,D0015,B002,CH003,40,23300,4.15
V008,L008,D0015,B002,CH003,35,22800,3.79
V008,L009,D0015,B002,CH003,48,21600,5.38
V008,L010,D0015,B002,CH003,46,22300,5.11
V009,L001,D0015,B003,CH003,33,22900,4.93
V009,L002,D0015,B003,CH003,45,28800,4.81
V009,L003,D0015,B003,CH003,43,26300,6.04
V009,L004,D0015,B003,CH003,47,31100,5.07
V009,L005,D0015,B003,CH003,50,30600,5.73
V009,L006,D0015,B003,CH003,59,28700,6.54
V009,L007,D0015,B003,CH003,45,31200,4.66
V009,L008,D0015,B003,CH003,40,31800,4.33
V009,L009,D0015,B003,CH003,48,30300,5.38
V009,L010,D0015,B003,CH003,47,30200,5.22
V010,L001,D0015,B007,CH004,15,45100,2.24
V010,L002,D0015,B007,CH004,32,60600,3.42
V010,L003,D0015,B007,CH004,30,52400,4.21
V010,L004,D0015,B007,CH004,29,63000,3.13
V010,L005,D0015,B007,CH004,35,62300,4.01
V010,L006,D0015,B007,CH004,34,61000,3.77
V010,L007,D0015,B007,CH004,38,62100,3.94
V010,L008,D0015,B007,CH004,42,63500,4.55
V010,L009,D0015,B007,CH004,33,62500,3.7
V010,L010,D0015,B007,CH004,39,61100,4.33
V011,L001,D0015,B005,CH003,17,39000,2.54
V011,L002,D0015,B005,CH003,36,55600,3.85
V011,L003,D0015,B005,CH003,33,44500,4.63
V011,L004,D0015,B005,CH003,21,55600,2.27
V011,L005,D0015,B005,CH003,31,54400,3.55
V011,L006,D0015,B005,CH003,30,57000,3.33
V011,L007,D0015,B005,CH003,25,62700,2.59
V011,L008,D0015,B005,CH003,27,59300,2.93
V011,L009,D0015,B005,CH003,26,57000,2.91
V011,L010,D0015,B005,CH003,29,57900,3.22
V012,L001,D0015,B006,CH003,36,31000,5.37
V012,L002,D0015,B006,CH003,48,44900,5.13
V012,L003,D0015,B006,CH003,39,36800,5.48
V012,L004,D0015,B006,CH003,42,49100,4.53
V012,L005,D0015,B006,CH003,46,44900,5.27
V012,L006,D0015,B006,CH003,43,47400,4.77
V012,L007,D0015,B006,CH003,51,48200,5.28
V012,L008,D0015,B006,CH003,45,46800,4.88
V012,L009,D0015,B006,CH003,47,48400,5.26
V012,L010,D0015,B006,CH003,46,44100,5.11
V013,L001,D0015,B001,CH002,33,24500,4.93
V013,L002,D0015,B001,CH002,47,31300,5.03
V013,L003,D0015,B001,CH002,38,26700,5.34
V013,L004,D0015,B001,CH002,46,35000,4.96
V013,L005,D0015,B001,CH002,37,32000,4.24
V013,L006,D0015,B001,CH002,40,32500,4.43
V013,L007,D0015,B001,CH002,39,33900,4.04
V013,L008,D0015,B001,CH002,48,33000,5.2
V013,L009,D0015,B001,CH002,43,31800,4.82
V013,L010,D0015,B001,CH002,37,31200,4.11
V014,L001,D0015,B004,CH003,20,29600,2.99
V014,L002,D0015,B004,CH003,35,39500,3.74
V014,L003,D0015,B004,CH003,25,31700,3.51
V014,L004,D0015,B004,CH003,35,39600,3.78
V014,L005,D0015,B004,CH003,30,40700,3.44
V014,L006,D0015,B004,CH003,33,39000,3.66
V014,L007,D0015,B004,CH003,38,42300,3.94
V014,L008,D0015,B004,CH003,43,43400,4.66
V014,L009,D0015,B004,CH003,31,38600,3.47
V014,L010,D0015,B004,CH003,41,40000,4.55
V015,L001,D0015,B002,CH004,27,25300,4.03
V015,L002,D0015,B002,CH004,34,37100,3.64
V015,L003,D0015,B002,CH004,27,31500,3.79
V015,L004,D0015,B002,CH004,35,36700,3.78
V015,L005,D0015,B002,CH004,28,36200,3.21
V015,L006,D0015,B002,CH004,34,35000,3.77
V015,L007,D0015,B002,CH004,39,38100,4.04
V015,L008,D0015,B002,CH004,29,39800,3.14
V015,L009,D0015,B002,CH004,33,38600,3.7
V015,L010,D0015,B002,CH004,35,37100,3.88
V016,L001,D0015,B008,CH004,33,36100,4.93
V016,L002,D0015,B008,CH004,51,51300,5.45
V016,L003,D0015,B008,CH004,29,41700,4.07
V016,L004,D0015,B008,CH004,47,56200,5.07
V016,L005,D0015,B008,CH004,36,55600,4.12
V016,L006,D0015,B008,CH004,35,53600,3.88
V016,L007,D0015,B008,CH004,53,57600,5.49
V016,L008,D0015,B008,CH004,34,54400,3.68
V016,L009,D0015,B008,CH004,51,52200,5.71
V016,L010,D0015,B008,CH004,44,48900,4.88
V017,L001,D0015,B010,CH004,11,70900,1.64
V017,L002,D0015,B010,CH004,27,93800,2.89
V017,L003,D0015,B010,CH004,15,78200,2.11
V017,L004,D0015,B010,CH004,11,95100,1.19
V017,L005,D0015,B010,CH004,24,97800,2.75
V017,L006,D0015,B010,CH004,17,89900,1.88
V017,L007,D0015,B010,CH004,24,103000,2.49
V017,L008,D0015,B010,CH004,20,94700,2.17
V017,L009,D0015,B010,CH004,14,99200,1.57
V017,L010,D0015,B010,CH004,12,95400,1.33
V018,L001,D0015,B004,CH002,34,25200,5.07
V018,L002,D0015,B004,CH002,44,32000,4.71
V018,L003,D0015,B004,CH002,32,28900,4.49
V018,L004,D0015,B004,CH002,45,35500,4.85
V018,L005,D0015,B004,CH002,40,34900,4.58
V018,L006,D0015,B004,CH002,53,32000,5.88
V018,L007,D0015,B004,CH002,49,38000,5.08
V018,L008,D0015,B004,CH002,34,34700,3.68
V018,L009,D0015,B004,CH002,40,35000,4.48
V018,L010,D0015,B004,CH002,32,34100,3.55
V019,L001,D0015,B005,CH002,18,31400,2.69
V019,L002,D0015,B005,CH002,29,44700,3.1
V019,L003,D0015,B005,CH002,12,36100,1.69
V019,L004,D0015,B005,CH002,15,44700,1.62
V019,L005,D0015,B005,CH002,37,41000,4.24
V019,L006,D0015,B005,CH002,31,41000,3.44
V019,L007,D0015,B005,CH002,23,47600,2.38
V019,L008,D0015,B005,CH002,20,41900,2.17
V019,L009,D0015,B005,CH002,23,44500,2.58
V019,L010,D0015,B005,CH002,20,43700,2.22
V020,L001,D0015,B003,CH002,34,27800,5.07
V020,L002,D0015,B003,CH002,53,36900,5.67
V020,L003,D0015,B003,CH002,39,33000,5.48
V020,L004,D0015,B003,CH002,57,37400,6.15
V020,L005,D0015,B003,CH002,54,37600,6.19
V020,L006,D0015,B003,CH002,48,37100,5.32
V020,L007,D0015,B003,CH002,44,43700,4.56
V020,L008,D0015,B003,CH002,41,39500,4.44
V020,L009,D0015,B003,CH002,41,37600,4.59
V020,L010,D0015,B003,CH002,62,37200,6.88
V001,L001,D0016,B004,CH004,55,29100,8.35
V001,L002,D0016,B004,CH004,72,42600,8.47
V001,L003,D0016,B004,CH004,50,34100,6.44
V001,L004,D0016,B004,CH004,70,44900,7.2
V001,L005,D0016,B004,CH004,85,43700,8.91
V001,L006,D0016,B004,CH004,58,43700,6.52
V001,L007,D0016,B004,CH004,82,47900,8.18
V001,L008,D0016,B004,CH004,71,42000,7.63
V001,L009,D0016,B004,CH004,62,43000,6.61
V001,L010,D0016,B004,CH004,70,40700,7.62
V002,L001,D0016,B006,CH004,46,33900,6.98
V002,L002,D0016,B006,CH004,64,51300,7.53
V002,L003,D0016,B006,CH004,61,42300,7.86
V002,L004,D0016,B006,CH004,80,48400,8.23
V002,L005,D0016,B006,CH004,73,48900,7.65
V002,L006,D0016,B006,CH004,76,47800,8.55
V002,L007,D0016,B006,CH004,69,54300,6.89
V002,L008,D0016,B006,CH004,76,53000,8.17
V002,L009,D0016,B006,CH004,77,48300,8.21
V002,L010,D0016,B006,CH004,69,48600,7.51
V003,L001,D0016,B003,CH003,41,22900,6.22
V003,L002,D0016,B003,CH003,60,28800,7.06
V003,L003,D0016,B003,CH003,48,24400,6.19
V003,L004,D0016,B003,CH003,79,33000,8.13
V003,L005,D0016,B003,CH003,60,31800,6.29
V003,L006,D0016,B003,CH003,65,28100,7.31
V003,L007,D0016,B003,CH003,85,32000,8.48
V003,L008,D0016,B003,CH003,68,32800,7.31
V003,L009,D0016,B003,CH003,53,32000,5.65
V003,L010,D0016,B003,CH003,77,30300,8.38
V004,L001,D0016,B006,CH004,47,28900,7.13
V004,L002,D0016,B006,CH004,71,41500,8.35
V004,L003,D0016,B006,CH004,59,35500,7.6
V004,L004,D0016,B006,CH004,70,45200,7.2
V004,L005,D0016,B006,CH004,64,43300,6.71
V004,L006,D0016,B006,CH004,54,39300,6.07
V004,L007,D0016,B006,CH004,70,43500,6.99
V004,L008,D0016,B006,CH004,63,46800,6.77
V004,L009,D0016,B006,CH004,68,43200,7.25
V004,L010,D0016,B006,CH004,63,43900,6.86
V005,L001,D0016,B007,CH004,42,35900,6.37
V005,L002,D0016,B007,CH004,56,46300,6.59
V005,L003,D0016,B007,CH004,44,39900,5.67
V005,L004,D0016,B007,CH004,44,47500,4.53
V005,L005,D0016,B007,CH004,62,49500,6.5
V005,L006,D0016,B007,CH004,54,47200,6.07
V005,L007,D0016,B007,CH004,61,49800,6.09
V005,L008,D0016,B007,CH004,50,48600,5.38
V005,L009,D0016,B007,CH004,55,51300,5.86
V005,L010,D0016,B007,CH004,48,50200,5.22
V006,L001,D0016,B003,CH003,39,26500,5.92
V006,L002,D0016,B003,CH003,45,36600,5.29
V006,L003,D0016,B003,CH003,40,27800,5.15
V006,L004,D0016,B003,CH003,65,37800,6.69
V006,L005,D0016,B003,CH003,52,37900,5.45
V006,L006,D0016,B003,CH003,65,32900,7.31
V006,L007,D0016,B003,CH003,42,39900,4.19
V006,L008,D0016,B003,CH003,54,38000,5.81
V006,L009,D0016,B003,CH003,61,34700,6.5
V006,L010,D0016,B003,CH003,58,33100,6.31
V007,L001,D0016,B007,CH004,39,34100,5.92
V007,L002,D0016,B007,CH004,43,46800,5.06
V007,L003,D0016,B007,CH004,45,36600,5.8
V007,L004,D0016,B007,CH004,54,45600,5.56
V007,L005,D0016,B007,CH004,59,49100,6.18
V007,L006,D0016,B007,CH004,41,47800,4.61
V007,L007,D0016,B007,CH004,48,50900,4.79
V007,L008,D0016,B007,CH004,55,50900,5.91
V007,L009,D0016,B007,CH004,47,44300,5.01
V007,L010,D0016,B007,CH004,51,48500,5.55
V008,L001,D0016,B002,CH003,37,16400,5.61
V008,L002,D0016,B002,CH003,42,21900,4.94
V008,L003,D0016,B002,CH003,42,17600,5.41
V008,L004,D0016,B002,CH003,40,24000,4.12
V008,L005,D0016,B002,CH003,55,22800,5.77
V008,L006,D0016,B002,CH003,52,22800,5.85
V008,L007,D0016,B002,CH003,55,24300,5.49
V008,L008,D0016,B002,CH003,44,24000,4.73
V008,L009,D0016,B002,CH003,48,23400,5.12
V008,L010,D0016,B002,CH003,40,22300,4.35
V009,L001,D0016,B003,CH003,33,21000,5.01
V009,L002,D0016,B003,CH003,44,32200,5.18
V009,L003,D0016,B003,CH003,44,24400,5.67
V009,L004,D0016,B003,CH003,44,30700,4.53
V009,L005,D0016,B003,CH003,52,32900,5.45
V009,L006,D0016,B003,CH003,36,29200,4.05
V009,L007,D0016,B003,CH003,48,34600,4.79
V009,L008,D0016,B003,CH003,45,33000,4.84
V009,L009,D0016,B003,CH003,45,30700,4.8
V009,L010,D0016,B003,CH003,43,29200,4.68
V010,L001,D0016,B007,CH004,22,45000,3.34
V010,L002,D0016,B007,CH004,28,57300,3.29
V010,L003,D0016,B007,CH004,26,48600,3.35
V010,L004,D0016,B007,CH004,45,59600,4.63
V010,L005,D0016,B007,CH004,29,64900,3.04
V010,L006,D0016,B007,CH004,29,60200,3.26
V010,L007,D0016,B007,CH004,50,68800,4.99
V010,L008,D0016,B007,CH004,35,63800,3.76
V010,L009,D0016,B007,CH004,33,63700,3.52
V010,L010,D0016,B007,CH004,39,59500,4.24
V011,L001,D0016,B005,CH003,22,40100,3.34
V011,L002,D0016,B005,CH003,24,57500,2.82
V011,L003,D0016,B005,CH003,24,47500,3.09
V011,L004,D0016,B005,CH003,31,60500,3.19
V011,L005,D0016,B005,CH003,29,57300,3.04
V011,L006,D0016,B005,CH003,23,55800,2.59
V011,L007,D0016,B005,CH003,42,60500,4.19
V011,L008,D0016,B005,CH003,30,57400,3.23
V011,L009,D0016,B005,CH003,34,56200,3.62
V011,L010,D0016,B005,CH003,39,56600,4.24
V012,L001,D0016,B006,CH003,33,33600,5.01
V012,L002,D0016,B006,CH003,45,47700,5.29
V012,L003,D0016,B006,CH003,49,36000,6.31
V012,L004,D0016,B006,CH003,45,44900,4.63
V012,L005,D0016,B006,CH003,49,46500,5.14
V012,L006,D0016,B006,CH003,50,46600,5.62
V012,L007,D0016,B006,CH003,46,51000,4.59
V012,L008,D0016,B006,CH003,37,50100,3.98
V012,L009,D0016,B006,CH003,54,46100,5.76
V012,L010,D0016,B006,CH003,52,46100,5.66
V013,L001,D0016,B001,CH002,33,23100,5.01
V013,L002,D0016,B001,CH002,36,30600,4.24
V013,L003,D0016,B001,CH002,32,25900,4.12
V013,L004,D0016,B001,CH002,45,32500,4.63
V013,L005,D0016,B001,CH002,42,34200,4.4
V013,L006,D0016,B001,CH002,36,31900,4.05
V013,L007,D0016,B001,CH002,49,36700,4.89
V013,L008,D0016,B001,CH002,58,34400,6.24
V013,L009,D0016,B001,CH002,47,33900,5.01
V013,L010,D0016,B001,CH002,44,32900,4.79
V014,L001,D0016,B004,CH003,24,28700,3.64
V014,L002,D0016,B004,CH003,40,38400,4.71
V014,L003,D0016,B004,CH003,31,34100,3.99
V014,L004,D0016,B004,CH003,47,44000,4.84
V014,L005,D0016,B004,CH003,49,43600,5.14
V014,L006,D0016,B004,CH003,48,39200,5.4
V014,L007,D0016,B004,CH003,39,41200,3.89
V014,L008,D0016,B004,CH003,54,39700,5.81
V014,L009,D0016,B004,CH003,39,39300,4.16
V014,L010,D0016,B004,CH003,49,41800,5.33
V015,L001,D0016,B002,CH004,23,27000,3.49
V015,L002,D0016,B002,CH004,21,38400,2.47
V015,L003,D0016,B002,CH004,27,30100,3.48
V015,L004,D0016,B002,CH004,39,36800,4.01
V015,L005,D0016,B002,CH004,25,35900,2.62
V015,L006,D0016,B002,CH004,21,37400,2.36
V015,L007,D0016,B002,CH004,36,40300,3.59
V015,L008,D0016,B002,CH004,24,36000,2.58
V015,L009,D0016,B002,CH004,38,37600,4.05
V015,L010,D0016,B002,CH004,20,35600,2.18
V016,L001,D0016,B008,CH004,36,37400,5.46
V016,L002,D0016,B008,CH004,34,55800,4.0
V016,L003,D0016,B008,CH004,33,43800,4.25
V016,L004,D0016,B008,CH004,42,57500,4.32
V016,L005,D0016,B008,CH004,38,51800,3.98
V016,L006,D0016,B008,CH004,40,52700,4.5
V016,L007,D0016,B008,CH004,45,60100,4.49
V016,L008,D0016,B008,CH004,43,54000,4.62
V016,L009,D0016,B008,CH004,37,52200,3.94
V016,L010,D0016,B008,CH004,35,49800,3.81
V017,L001,D0016,B010,CH004,7,71900,1.06
V017,L002,D0016,B010,CH004,12,100000,1.41
V017,L003,D0016,B010,CH004,12,79600,1.55
V017,L004,D0016,B010,CH004,13,102700,1.34
V017,L005,D0016,B010,CH004,22,98000,2.31
V017,L006,D0016,B010,CH004,14,94100,1.57
V017,L007,D0016,B010,CH004,16,109400,1.6
V017,L008,D0016,B010,CH004,12,98300,1.29
V017,L009,D0016,B010,CH004,20,97000,2.13
V017,L010,D0016,B010,CH004,15,98800,1.63
V018,L001,D0016,B004,CH002,32,23300,4.86
V018,L002,D0016,B004,CH002,34,33100,4.0
V018,L003,D0016,B004,CH002,43,28700,5.54
V018,L004,D0016,B004,CH002,32,34200,3.29
V018,L005,D0016,B004,CH002,43,34700,4.51
V018,L006,D0016,B004,CH002,44,34100,4.95
V018,L007,D0016,B004,CH002,47,35300,4.69
V018,L008,D0016,B004,CH002,39,36200,4.19
V018,L009,D0016,B004,CH002,44,33500,4.69
V018,L010,D0016,B004,CH002,37,31700,4.03
V019,L001,D0016,B005,CH002,15,32000,2.28
V019,L002,D0016,B005,CH002,20,40900,2.35
V019,L003,D0016,B005,CH002,20,36900,2.58
V019,L004,D0016,B005,CH002,24,44700,2.47
V019,L005,D0016,B005,CH002,21,40900,2.2
V019,L006,D0016,B005,CH002,29,43100,3.26
V019,L007,D0016,B005,CH002,21,48000,2.1
V019,L008,D0016,B005,CH002,24,46400,2.58
V019,L009,D0016,B005,CH002,26,41900,2.77
V019,L010,D0016,B005,CH002,18,40800,1.96
V020,L001,D0016,B003,CH002,33,26100,5.01
V020,L002,D0016,B003,CH002,59,36500,6.94
V020,L003,D0016,B003,CH002,46,30100,5.93
V020,L004,D0016,B003,CH002,63,38800,6.48
V020,L005,D0016,B003,CH002,45,37300,4.72
V020,L006,D0016,B003,CH002,54,37600,6.07
V020,L007,D0016,B003,CH002,51,42100,5.09
V020,L008,D0016,B003,CH002,48,41500,5.16
V020,L009,D0016,B003,CH002,50,38400,5.33
V020,L010,D0016,B003,CH002,52,37600,5.66
V001,L001,D0017,B004,CH004,49,32100,7.32
V001,L002,D0017,B004,CH004,67,40100,7.07
V001,L003,D0017,B004,CH004,53,34600,6.87
V001,L004,D0017,B004,CH004,67,42400,7.04
V001,L005,D0017,B004,CH004,68,41600,7.3
V001,L006,D0017,B004,CH004,69,41600,7.48
V001,L007,D0017,B004,CH004,65,45900,6.35
V001,L008,D0017,B004,CH004,76,45400,8.03
V001,L009,D0017,B004,CH004,68,40500,7.47
V001,L010,D0017,B004,CH004,55,39500,6.16
V002,L001,D0017,B006,CH004,35,33800,5.23
V002,L002,D0017,B006,CH004,70,46600,7.39
V002,L003,D0017,B006,CH004,52,39400,6.74
V002,L004,D0017,B006,CH004,76,49000,7.98
V002,L005,D0017,B006,CH004,81,52300,8.69
V002,L006,D0017,B006,CH004,69,46600,7.48
V002,L007,D0017,B006,CH004,83,54100,8.11
V002,L008,D0017,B006,CH004,62,50300,6.55
V002,L009,D0017,B006,CH004,69,46100,7.58
V002,L010,D0017,B006,CH004,76,47200,8.51
V003,L001,D0017,B003,CH003,44,22700,6.58
V003,L002,D0017,B003,CH003,81,29300,8.55
V003,L003,D0017,B003,CH003,43,24500,5.57
V003,L004,D0017,B003,CH003,55,31300,5.78
V003,L005,D0017,B003,CH003,66,29800,7.08
V003,L006,D0017,B003,CH003,71,28200,7.69
V003,L007,D0017,B003,CH003,74,33200,7.23
V003,L008,D0017,B003,CH003,53,32100,5.6
V003,L009,D0017,B003,CH003,59,31400,6.48
V003,L010,D0017,B003,CH003,52,30200,5.82
V004,L001,D0017,B006,CH004,55,30100,8.22
V004,L002,D0017,B006,CH004,73,43100,7.71
V004,L003,D0017,B006,CH004,52,34400,6.74
V004,L004,D0017,B006,CH004,56,44900,5.88
V004,L005,D0017,B006,CH004,56,41600,6.01
V004,L006,D0017,B006,CH004,59,40700,6.39
V004,L007,D0017,B006,CH004,62,44000,6.05
V004,L008,D0017,B006,CH004,71,43200,7.51
V004,L009,D0017,B006,CH004,46,41200,5.05
V004,L010,D0017,B006,CH004,52,40100,5.82
V005,L001,D0017,B007,CH004,39,35400,5.83
V005,L002,D0017,B007,CH004,67,49400,7.07
V005,L003,D0017,B007,CH004,47,39600,6.09
V005,L004,D0017,B007,CH004,65,52000,6.83
V005,L005,D0017,B007,CH004,65,47500,6.97
V005,L006,D0017,B007,CH004,68,47500,7.37
V005,L007,D0017,B007,CH004,64,50800,6.25
V005,L008,D0017,B007,CH004,53,52400,5.6
V005,L009,D0017,B007,CH004,46,49500,5.05
V005,L010,D0017,B007,CH004,55,49200,6.16
V006,L001,D0017,B003,CH003,40,26800,5.98
V006,L002,D0017,B003,CH003,51,36200,5.39
V006,L003,D0017,B003,CH003,56,28600,7.25
V006,L004,D0017,B003,CH003,62,38200,6.51
V006,L005,D0017,B003,CH003,57,38000,6.12
V006,L006,D0017,B003,CH003,60,36000,6.5
V006,L007,D0017,B003,CH003,64,38600,6.25
V006,L008,D0017,B003,CH003,58,37100,6.13
V006,L009,D0017,B003,CH003,71,35500,7.8
V006,L010,D0017,B003,CH003,57,35600,6.38
V007,L001,D0017,B007,CH004,34,34600,5.08
V007,L002,D0017,B007,CH004,53,47900,5.6
V007,L003,D0017,B007,CH004,40,37900,5.18
V007,L004,D0017,B007,CH004,53,49900,5.57
V007,L005,D0017,B007,CH004,52,50400,5.58
V007,L006,D0017,B007,CH004,48,44600,5.2
V007,L007,D0017,B007,CH004,64,49500,6.25
V007,L008,D0017,B007,CH004,59,45900,6.24
V007,L009,D0017,B007,CH004,59,45300,6.48
V007,L010,D0017,B007,CH004,58,43900,6.49
V008,L001,D0017,B002,CH003,36,16400,5.38
V008,L002,D0017,B002,CH003,57,23300,6.02
V008,L003,D0017,B002,CH003,41,19100,5.31
V008,L004,D0017,B002,CH003,51,23900,5.36
V008,L005,D0017,B002,CH003,63,24100,6.76
V008,L006,D0017,B002,CH003,50,22400,5.42
V008,L007,D0017,B002,CH003,40,24900,3.91
V008,L008,D0017,B002,CH003,47,24200,4.97
V008,L009,D0017,B002,CH003,51,22200,5.6
V008,L010,D0017,B002,CH003,44,22800,4.93
V009,L001,D0017,B003,CH003,39,21800,5.83
V009,L002,D0017,B003,CH003,42,29900,4.44
V009,L003,D0017,B003,CH003,46,26300,5.96
V009,L004,D0017,B003,CH003,46,32000,4.83
V009,L005,D0017,B003,CH003,35,29800,3.76
V009,L006,D0017,B003,CH003,49,29500,5.31
V009,L007,D0017,B003,CH003,44,32000,4.3
V009,L008,D0017,B003,CH003,41,29800,4.33
V009,L009,D0017,B003,CH003,40,31800,4.4
V009,L010,D0017,B003,CH003,32,30900,3.58
V010,L001,D0017,B007,CH004,24,41700,3.59
V010,L002,D0017,B007,CH004,32,62800,3.38
V010,L003,D0017,B007,CH004,35,51600,4.53
V010,L004,D0017,B007,CH004,47,65700,4.94
V010,L005,D0017,B007,CH004,43,64100,4.61
V010,L006,D0017,B007,CH004,48,63200,5.2
V010,L007,D0017,B007,CH004,35,62900,3.42
V010,L008,D0017,B007,CH004,38,64800,4.02
V010,L009,D0017,B007,CH004,31,62500,3.41
V010,L010,D0017,B007,CH004,32,58400,3.58
V011,L001,D0017,B005,CH003,30,37800,4.48
V011,L002,D0017,B005,CH003,30,57000,3.17
V011,L003,D0017,B005,CH003,32,46200,4.15
V011,L004,D0017,B005,CH003,32,57000,3.36
V011,L005,D0017,B005,CH003,22,58000,2.36
V011,L006,D0017,B005,CH003,25,51800,2.71
V011,L007,D0017,B005,CH003,44,59900,4.3
V011,L008,D0017,B005,CH003,30,57800,3.17
V011,L009,D0017,B005,CH003,31,55400,3.41
V011,L010,D0017,B005,CH003,30,54500,3.36
V012,L001,D0017,B006,CH003,34,33500,5.08
V012,L002,D0017,B006,CH003,44,45700,4.65
V012,L003,D0017,B006,CH003,36,39000,4.66
V012,L004,D0017,B006,CH003,49,48300,5.15
V012,L005,D0017,B006,CH003,50,46900,5.36
V012,L006,D0017,B006,CH003,43,46700,4.66
V012,L007,D0017,B006,CH003,60,48700,5.86
V012,L008,D0017,B006,CH003,48,46000,5.07
V012,L009,D0017,B006,CH003,47,45500,5.16
V012,L010,D0017,B006,CH003,54,45600,6.05
V013,L001,D0017,B001,CH002,33,23500,4.93
V013,L002,D0017,B001,CH002,43,31800,4.54
V013,L003,D0017,B001,CH002,40,27700,5.18
V013,L004,D0017,B001,CH002,52,34600,5.46
V013,L005,D0017,B001,CH002,41,31200,4.4
V013,L006,D0017,B001,CH002,42,30900,4.55
V013,L007,D0017,B001,CH002,63,34900,6.15
V013,L008,D0017,B001,CH002,58,32300,6.13
V013,L009,D0017,B001,CH002,33,32700,3.63
V013,L010,D0017,B001,CH002,40,33600,4.48
V014,L001,D0017,B004,CH003,23,30400,3.44
V014,L002,D0017,B004,CH003,39,40200,4.12
V014,L003,D0017,B004,CH003,35,32700,4.53
V014,L004,D0017,B004,CH003,42,40300,4.41
V014,L005,D0017,B004,CH003,28,39600,3.0
V014,L006,D0017,B004,CH003,27,38000,2.93
V014,L007,D0017,B004,CH003,40,43400,3.91
V014,L008,D0017,B004,CH003,35,41000,3.7
V014,L009,D0017,B004,CH003,32,38200,3.52
V014,L010,D0017,B004,CH003,46,40100,5.15
V015,L001,D0017,B002,CH004,22,26300,3.29
V015,L002,D0017,B002,CH004,30,36200,3.17
V015,L003,D0017,B002,CH004,29,31300,3.76
V015,L004,D0017,B002,CH004,28,35700,2.94
V015,L005,D0017,B002,CH004,35,38800,3.76
V015,L006,D0017,B002,CH004,32,37400,3.47
V015,L007,D0017,B002,CH004,33,38600,3.22
V015,L008,D0017,B002,CH004,38,36900,4.02
V015,L009,D0017,B002,CH004,24,38000,2.64
V015,L010,D0017,B002,CH004,28,36900,3.14
V016,L001,D0017,B008,CH004,29,37000,4.33
V016,L002,D0017,B008,CH004,31,50600,3.27
V016,L003,D0017,B008,CH004,36,44000,4.66
V016,L004,D0017,B008,CH004,37,55200,3.89
V016,L005,D0017,B008,CH004,33,52400,3.54
V016,L006,D0017,B008,CH004,39,50000,4.23
V016,L007,D0017,B008,CH004,40,59400,3.91
V016,L008,D0017,B008,CH004,44,51700,4.65
V016,L009,D0017,B008,CH004,49,51200,5.38
V016,L010,D0017,B008,CH004,49,48900,5.49
V017,L001,D0017,B010,CH004,15,65900,2.24
V017,L002,D0017,B010,CH004,16,96000,1.69
V017,L003,D0017,B010,CH004,12,75400,1.55
V017,L004,D0017,B010,CH004,16,101600,1.68
V017,L005,D0017,B010,CH004,16,101100,1.72
V017,L006,D0017,B010,CH004,16,90700,1.73
V017,L007,D0017,B010,CH004,10,104800,0.98
V017,L008,D0017,B010,CH004,19,105000,2.01
V017,L009,D0017,B010,CH004,20,91300,2.2
V017,L010,D0017,B010,CH004,27,90800,3.02
V018,L001,D0017,B004,CH002,29,24500,4.33
V018,L002,D0017,B004,CH002,45,34400,4.75
V018,L003,D0017,B004,CH002,25,28500,3.24
V018,L004,D0017,B004,CH002,43,34100,4.52
V018,L005,D0017,B004,CH002,45,34300,4.83
V018,L006,D0017,B004,CH002,39,30900,4.23
V018,L007,D0017,B004,CH002,47,37300,4.59
V018,L008,D0017,B004,CH002,46,32800,4.86
V018,L009,D0017,B004,CH002,48,33000,5.27
V018,L010,D0017,B004,CH002,43,33700,4.82
V019,L001,D0017,B005,CH002,14,29000,2.09
V019,L002,D0017,B005,CH002,23,43700,2.43
V019,L003,D0017,B005,CH002,12,33500,1.55
V019,L004,D0017,B005,CH002,26,42300,2.73
V019,L005,D0017,B005,CH002,18,45800,1.93
V019,L006,D0017,B005,CH002,16,40900,1.73
V019,L007,D0017,B005,CH002,34,46200,3.32
V019,L008,D0017,B005,CH002,17,42400,1.8
V019,L009,D0017,B005,CH002,27,44000,2.97
V019,L010,D0017,B005,CH002,18,42100,2.02
V020,L001,D0017,B003,CH002,45,28400,6.73
V020,L002,D0017,B003,CH002,53,40400,5.6
V020,L003,D0017,B003,CH002,50,30600,6.48
V020,L004,D0017,B003,CH002,49,41400,5.15
V020,L005,D0017,B003,CH002,58,37800,6.22
V020,L006,D0017,B003,CH002,53,38400,5.74
V020,L007,D0017,B003,CH002,58,41100,5.66
V020,L008,D0017,B003,CH002,53,40400,5.6
V020,L009,D0017,B003,CH002,59,38900,6.48
V020,L010,D0017,B003,CH002,45,35900,5.04
V001,L001,D0018,B004,CH004,44,31200,6.63
V001,L002,D0018,B004,CH004,63,41400,6.75
V001,L003,D0018,B004,CH004,60,36800,7.6
V001,L004,D0018,B004,CH004,79,46200,8.03
V001,L005,D0018,B004,CH004,75,43900,7.87
V001,L006,D0018,B004,CH004,69,43300,7.73
V001,L007,D0018,B004,CH004,93,44200,8.65
V001,L008,D0018,B004,CH004,66,44600,6.9
V001,L009,D0018,B004,CH004,72,42000,8.18
V001,L010,D0018,B004,CH004,73,40600,8.4
V002,L001,D0018,B006,CH004,50,37000,7.53
V002,L002,D0018,B006,CH004,67,46000,7.18
V002,L003,D0018,B006,CH004,58,41000,7.35
V002,L004,D0018,B006,CH004,71,48900,7.22
V002,L005,D0018,B006,CH004,83,52100,8.71
V002,L006,D0018,B006,CH004,72,45100,8.06
V002,L007,D0018,B006,CH004,69,54200,6.42
V002,L008,D0018,B006,CH004,67,51700,7.0
V002,L009,D0018,B006,CH004,65,49000,7.39
V002,L010,D0018,B006,CH004,65,48800,7.48
V003,L001,D0018,B003,CH003,43,21400,6.48
V003,L002,D0018,B003,CH003,53,29700,5.68
V003,L003,D0018,B003,CH003,54,25700,6.84
V003,L004,D0018,B003,CH003,66,32100,6.71
V003,L005,D0018,B003,CH003,85,31600,8.92
V003,L006,D0018,B003,CH003,65,29200,7.28
V003,L007,D0018,B003,CH003,64,31500,5.95
V003,L008,D0018,B003,CH003,82,33100,8.57
V003,L009,D0018,B003,CH003,61,29600,6.93
V003,L010,D0018,B003,CH003,70,30200,8.06
V004,L001,D0018,B006,CH004,45,32000,6.78
V004,L002,D0018,B006,CH004,73,44000,7.82
V004,L003,D0018,B006,CH004,68,33100,8.62
V004,L004,D0018,B006,CH004,61,43900,6.2
V004,L005,D0018,B006,CH004,53,44500,5.56
V004,L006,D0018,B006,CH004,67,39700,7.5
V004,L007,D0018,B006,CH004,88,46600,8.19
V004,L008,D0018,B006,CH004,63,41700,6.58
V004,L009,D0018,B006,CH004,61,41900,6.93
V004,L010,D0018,B006,CH004,58,41300,6.67
V005,L001,D0018,B007,CH004,48,37000,7.23
V005,L002,D0018,B007,CH004,57,51300,6.11
V005,L003,D0018,B007,CH004,41,39000,5.2
V005,L004,D0018,B007,CH004,71,50300,7.22
V005,L005,D0018,B007,CH004,70,49900,7.35
V005,L006,D0018,B007,CH004,54,46300,6.05
V005,L007,D0018,B007,CH004,41,50200,3.81
V005,L008,D0018,B007,CH004,67,51000,7.0
V005,L009,D0018,B007,CH004,59,48400,6.7
V005,L010,D0018,B007,CH004,35,49600,4.03
V006,L001,D0018,B003,CH003,41,26400,6.17
V006,L002,D0018,B003,CH003,52,34800,5.57
V006,L003,D0018,B003,CH003,56,29300,7.1
V006,L004,D0018,B003,CH003,61,36800,6.2
V006,L005,D0018,B003,CH003,50,35600,5.25
V006,L006,D0018,B003,CH003,47,36700,5.26
V006,L007,D0018,B003,CH003,81,40600,7.53
V006,L008,D0018,B003,CH003,58,38300,6.06
V006,L009,D0018,B003,CH003,60,35200,6.82
V006,L010,D0018,B003,CH003,52,33700,5.98
V007,L001,D0018,B007,CH004,40,33100,6.02
V007,L002,D0018,B007,CH004,59,45900,6.32
V007,L003,D0018,B007,CH004,48,38900,6.08
V007,L004,D0018,B007,CH004,60,47500,6.1
V007,L005,D0018,B007,CH004,49,45000,5.14
V007,L006,D0018,B007,CH004,50,47400,5.6
V007,L007,D0018,B007,CH004,71,48500,6.6
V007,L008,D0018,B007,CH004,48,49300,5.02
V007,L009,D0018,B007,CH004,48,47300,5.45
V007,L010,D0018,B007,CH004,54,46300,6.21
V008,L001,D0018,B002,CH003,46,16000,6.93
V008,L002,D0018,B002,CH003,42,22600,4.5
V008,L003,D0018,B002,CH003,39,18900,4.94
V008,L004,D0018,B002,CH003,50,23900,5.08
V008,L005,D0018,B002,CH003,38,23100,3.99
V008,L006,D0018,B002,CH003,56,20700,6.27
V008,L007,D0018,B002,CH003,72,23000,6.7
V008,L008,D0018,B002,CH003,46,22400,4.81
V008,L009,D0018,B002,CH003,52,22700,5.91
V008,L010,D0018,B002,CH003,35,22400,4.03
V009,L001,D0018,B003,CH003,34,21900,5.12
V009,L002,D0018,B003,CH003,38,28700,4.07
V009,L003,D0018,B003,CH003,33,25600,4.18
V009,L004,D0018,B003,CH003,53,32900,5.39
V009,L005,D0018,B003,CH003,41,32900,4.3
V009,L006,D0018,B003,CH003,46,30000,5.15
V009,L007,D0018,B003,CH003,34,34600,3.16
V009,L008,D0018,B003,CH003,40,30400,4.18
V009,L009,D0018,B003,CH003,29,31000,3.3
V009,L010,D0018,B003,CH003,39,29600,4.49
V010,L001,D0018,B007,CH004,28,45500,4.22
V010,L002,D0018,B007,CH004,38,62600,4.07
V010,L003,D0018,B007,CH004,22,52500,2.79
V010,L004,D0018,B007,CH004,37,60600,3.76
V010,L005,D0018,B007,CH004,26,58700,2.73
V010,L006,D0018,B007,CH004,25,60000,2.8
V010,L007,D0018,B007,CH004,40,66300,3.72
V010,L008,D0018,B007,CH004,30,60300,3.13
V010,L009,D0018,B007,CH004,28,57500,3.18
V010,L010,D0018,B007,CH004,36,59900,4.14
V011,L001,D0018,B005,CH003,23,38800,3.46
V011,L002,D0018,B005,CH003,34,53500,3.64
V011,L003,D0018,B005,CH003,27,44900,3.42
V011,L004,D0018,B005,CH003,28,55100,2.85
V011,L005,D0018,B005,CH003,25,58600,2.62
V011,L006,D0018,B005,CH003,28,54300,3.14
V011,L007,D0018,B005,CH003,31,58400,2.88
V011,L008,D0018,B005,CH003,45,59300,4.7
V011,L009,D0018,B005,CH003,30,56700,3.41
V011,L010,D0018,B005,CH003,35,57800,4.03
V012,L001,D0018,B006,CH003,33,32000,4.97
V012,L002,D0018,B006,CH003,51,47500,5.47
V012,L003,D0018,B006,CH003,44,36800,5.58
V012,L004,D0018,B006,CH003,53,47000,5.39
V012,L005,D0018,B006,CH003,58,47400,6.09
V012,L006,D0018,B006,CH003,49,45800,5.49
V012,L007,D0018,B006,CH003,52,47700,4.84
V012,L008,D0018,B006,CH003,54,47200,5.64
V012,L009,D0018,B006,CH003,37,45700,4.2
V012,L010,D0018,B006,CH003,32,47300,3.68
V013,L001,D0018,B001,CH002,25,23300,3.77
V013,L002,D0018,B001,CH002,51,33400,5.47
V013,L003,D0018,B001,CH002,38,26500,4.82
V013,L004,D0018,B001,CH002,42,34000,4.27
V013,L005,D0018,B001,CH002,34,32200,3.57
V013,L006,D0018,B001,CH002,45,30700,5.04
V013,L007,D0018,B001,CH002,41,33600,3.81
V013,L008,D0018,B001,CH002,54,33900,5.64
V013,L009,D0018,B001,CH002,38,32200,4.32
V013,L010,D0018,B001,CH002,48,32600,5.52
V014,L001,D0018,B004,CH003,27,30100,4.07
V014,L002,D0018,B004,CH003,33,43000,3.54
V014,L003,D0018,B004,CH003,31,33700,3.93
V014,L004,D0018,B004,CH003,39,41600,3.96
V014,L005,D0018,B004,CH003,52,39800,5.46
V014,L006,D0018,B004,CH003,32,39500,3.58
V014,L007,D0018,B004,CH003,43,45500,4.0
V014,L008,D0018,B004,CH003,35,42700,3.66
V014,L009,D0018,B004,CH003,37,38400,4.2
V014,L010,D0018,B004,CH003,30,41000,3.45
V015,L001,D0018,B002,CH004,26,24900,3.92
V015,L002,D0018,B002,CH004,35,38100,3.75
V015,L003,D0018,B002,CH004,29,30700,3.68
V015,L004,D0018,B002,CH004,28,39100,2.85
V015,L005,D0018,B002,CH004,27,36700,2.83
V015,L006,D0018,B002,CH004,26,34800,2.91
V015,L007,D0018,B002,CH004,36,41700,3.35
V015,L008,D0018,B002,CH004,25,39000,2.61
V015,L009,D0018,B002,CH004,35,35800,3.98
V015,L010,D0018,B002,CH004,33,36600,3.8
V016,L001,D0018,B008,CH004,28,38100,4.22
V016,L002,D0018,B008,CH004,55,55800,5.89
V016,L003,D0018,B008,CH004,36,42000,4.56
V016,L004,D0018,B008,CH004,55,54900,5.59
V016,L005,D0018,B008,CH004,43,53000,4.51
V016,L006,D0018,B008,CH004,42,50200,4.7
V016,L007,D0018,B008,CH004,54,54300,5.02
V016,L008,D0018,B008,CH004,35,52800,3.66
V016,L009,D0018,B008,CH004,38,55500,4.32
V016,L010,D0018,B008,CH004,43,49100,4.95
V017,L001,D0018,B010,CH004,10,66400,1.51
V017,L002,D0018,B010,CH004,16,91100,1.71
V017,L003,D0018,B010,CH004,12,78300,1.52
V017,L004,D0018,B010,CH004,13,94900,1.32
V017,L005,D0018,B010,CH004,11,101300,1.15
V017,L006,D0018,B010,CH004,19,91100,2.13
V017,L007,D0018,B010,CH004,20,98900,1.86
V017,L008,D0018,B010,CH004,27,94600,2.82
V017,L009,D0018,B010,CH004,15,100600,1.7
V017,L010,D0018,B010,CH004,16,97700,1.84
V018,L001,D0018,B004,CH002,26,23400,3.92
V018,L002,D0018,B004,CH002,42,32200,4.5
V018,L003,D0018,B004,CH002,29,26500,3.68
V018,L004,D0018,B004,CH002,25,34500,2.54
V018,L005,D0018,B004,CH002,39,32700,4.09
V018,L006,D0018,B004,CH002,37,32300,4.14
V018,L007,D0018,B004,CH002,43,37400,4.0
V018,L008,D0018,B004,CH002,34,32900,3.55
V018,L009,D0018,B004,CH002,32,35300,3.64
V018,L010,D0018,B004,CH002,46,31500,5.29
V019,L001,D0018,B005,CH002,18,31500,2.71
V019,L002,D0018,B005,CH002,29,41400,3.11
V019,L003,D0018,B005,CH002,18,35600,2.28
V019,L004,D0018,B005,CH002,21,44600,2.13
V019,L005,D0018,B005,CH002,30,44400,3.15
V019,L006,D0018,B005,CH002,18,43400,2.02
V019,L007,D0018,B005,CH002,29,46500,2.7
V019,L008,D0018,B005,CH002,24,46900,2.51
V019,L009,D0018,B005,CH002,26,44200,2.95
V019,L010,D0018,B005,CH002,23,42800,2.65
V020,L001,D0018,B003,CH002,29,28000,4.37
V020,L002,D0018,B003,CH002,45,38500,4.82
V020,L003,D0018,B003,CH002,46,30700,5.83
V020,L004,D0018,B003,CH002,71,39500,7.22
V020,L005,D0018,B003,CH002,64,38900,6.72
V020,L006,D0018,B003,CH002,46,37300,5.15
V020,L007,D0018,B003,CH002,73,39600,6.79
V020,L008,D0018,B003,CH002,57,37800,5.96
V020,L009,D0018,B003,CH002,57,40700,6.48
V020,L010,D0018,B003,CH002,46,36200,5.29
V001,L001,D0019,B004,CH004,33,30200,5.27
V001,L002,D0019,B004,CH004,62,42700,6.78
V001,L003,D0019,B004,CH004,59,33900,7.76
V001,L004,D0019,B004,CH004,64,43800,6.82
V001,L005,D0019,B004,CH004,70,42200,7.87
V001,L006,D0019,B004,CH004,64,40700,8.06
V001,L007,D0019,B004,CH004,77,45100,7.59
V001,L008,D0019,B004,CH004,86,46700,9.56
V001,L009,D0019,B004,CH004,61,43500,7.0
V001,L010,D0019,B004,CH004,66,44000,7.45
V002,L001,D0019,B006,CH004,52,33100,8.31
V002,L002,D0019,B006,CH004,63,47300,6.89
V002,L003,D0019,B006,CH004,56,37600,7.37
V002,L004,D0019,B006,CH004,81,51600,8.64
V002,L005,D0019,B006,CH004,65,47500,7.3
V002,L006,D0019,B006,CH004,45,45300,5.67
V002,L007,D0019,B006,CH004,83,55600,8.19
V002,L008,D0019,B006,CH004,64,50500,7.11
V002,L009,D0019,B006,CH004,63,46700,7.23
V002,L010,D0019,B006,CH004,70,49000,7.9
V003,L001,D0019,B003,CH003,44,22800,7.03
V003,L002,D0019,B003,CH003,82,29800,8.97
V003,L003,D0019,B003,CH003,53,25100,6.97
V003,L004,D0019,B003,CH003,67,33000,7.14
V003,L005,D0019,B003,CH003,54,32400,6.07
V003,L006,D0019,B003,CH003,60,29100,7.56
V003,L007,D0019,B003,CH003,79,32600,7.79
V003,L008,D0019,B003,CH003,52,32100,5.78
V003,L009,D0019,B003,CH003,53,29500,6.08
V003,L010,D0019,B003,CH003,65,28900,7.34
V004,L001,D0019,B006,CH004,47,29000,7.51
V004,L002,D0019,B006,CH004,67,42400,7.33
V004,L003,D0019,B006,CH004,51,35800,6.71
V004,L004,D0019,B006,CH004,68,43700,7.25
V004,L005,D0019,B006,CH004,71,43500,7.98
V004,L006,D0019,B006,CH004,57,43900,7.18
V004,L007,D0019,B006,CH004,68,44900,6.71
V004,L008,D0019,B006,CH004,56,44800,6.22
V004,L009,D0019,B006,CH004,69,42300,7.92
V004,L010,D0019,B006,CH004,55,43800,6.21
V005,L001,D0019,B007,CH004,43,33200,6.87
V005,L002,D0019,B007,CH004,55,50600,6.02
V005,L003,D0019,B007,CH004,44,40300,5.79
V005,L004,D0019,B007,CH004,57,47600,6.08
V005,L005,D0019,B007,CH004,57,48900,6.4
V005,L006,D0019,B007,CH004,44,49700,5.54
V005,L007,D0019,B007,CH004,62,53400,6.11
V005,L008,D0019,B007,CH004,43,50900,4.78
V005,L009,D0019,B007,CH004,42,46100,4.82
V005,L010,D0019,B007,CH004,51,45900,5.76
V006,L001,D0019,B003,CH003,29,25900,4.63
V006,L002,D0019,B003,CH003,56,33600,6.13
V006,L003,D0019,B003,CH003,42,30500,5.53
V006,L004,D0019,B003,CH003,54,37000,5.76
V006,L005,D0019,B003,CH003,67,34300,7.53
V006,L006,D0019,B003,CH003,41,34600,5.16
V006,L007,D0019,B003,CH003,63,38100,6.21
V006,L008,D0019,B003,CH003,47,37000,5.22
V006,L009,D0019,B003,CH003,53,36100,6.08
V006,L010,D0019,B003,CH003,56,33300,6.32
V007,L001,D0019,B007,CH004,39,33000,6.23
V007,L002,D0019,B007,CH004,55,48100,6.02
V007,L003,D0019,B007,CH004,49,38200,6.45
V007,L004,D0019,B007,CH004,30,48400,3.2
V007,L005,D0019,B007,CH004,45,45800,5.06
V007,L006,D0019,B007,CH004,44,44500,5.54
V007,L007,D0019,B007,CH004,63,48800,6.21
V007,L008,D0019,B007,CH004,48,49900,5.33
V007,L009,D0019,B007,CH004,48,46200,5.51
V007,L010,D0019,B007,CH004,59,43200,6.66
V008,L001,D0019,B002,CH003,33,15900,5.27
V008,L002,D0019,B002,CH003,45,21200,4.92
V008,L003,D0019,B002,CH003,34,18900,4.47
V008,L004,D0019,B002,CH003,43,23200,4.58
V008,L005,D0019,B002,CH003,36,21600,4.04
V008,L006,D0019,B002,CH003,51,20700,6.42
V008,L007,D0019,B002,CH003,58,24700,5.72
V008,L008,D0019,B002,CH003,50,21900,5.56
V008,L009,D0019,B002,CH003,48,22300,5.51
V008,L010,D0019,B002,CH003,49,21300,5.53
V009,L001,D0019,B003,CH003,28,21100,4.47
V009,L002,D0019,B003,CH003,34,29800,3.72
V009,L003,D0019,B003,CH003,30,24400,3.95
V009,L004,D0019,B003,CH003,58,32200,6.18
V009,L005,D0019,B003,CH003,42,29200,4.72
V009,L006,D0019,B003,CH003,36,30100,4.53
V009,L007,D0019,B003,CH003,57,34800,5.62
V009,L008,D0019,B003,CH003,43,30100,4.78
V009,L009,D0019,B003,CH003,36,30600,4.13
V009,L010,D0019,B003,CH003,44,28200,4.97
V010,L001,D0019,B007,CH004,28,41400,4.47
V010,L002,D0019,B007,CH004,26,63400,2.84
V010,L003,D0019,B007,CH004,38,52900,5.0
V010,L004,D0019,B007,CH004,30,64100,3.2
V010,L005,D0019,B007,CH004,38,63200,4.27
V010,L006,D0019,B007,CH004,36,56100,4.53
V010,L007,D0019,B007,CH004,39,66300,3.85
V010,L008,D0019,B007,CH004,42,62300,4.67
V010,L009,D0019,B007,CH004,31,63500,3.56
V010,L010,D0019,B007,CH004,34,62200,3.84
V011,L001,D0019,B005,CH003,22,42500,3.51
V011,L002,D0019,B005,CH003,19,56400,2.08
V011,L003,D0019,B005,CH003,24,46200,3.16
V011,L004,D0019,B005,CH003,27,60800,2.88
V011,L005,D0019,B005,CH003,39,59400,4.38
V011,L006,D0019,B005,CH003,29,56700,3.65
V011,L007,D0019,B005,CH003,20,62800,1.97
V011,L008,D0019,B005,CH003,26,56200,2.89
V011,L009,D0019,B005,CH003,28,56900,3.21
V011,L010,D0019,B005,CH003,25,57800,2.82
V012,L001,D0019,B006,CH003,40,34800,6.39
V012,L002,D0019,B006,CH003,50,47500,5.47
V012,L003,D0019,B006,CH003,28,37800,3.68
V012,L004,D0019,B006,CH003,52,49500,5.54
V012,L005,D0019,B006,CH003,42,44500,4.72
V012,L006,D0019,B006,CH003,30,46200,3.78
V012,L007,D0019,B006,CH003,46,49300,4.54
V012,L008,D0019,B006,CH003,35,47400,3.89
V012,L009,D0019,B006,CH003,45,47400,5.17
V012,L010,D0019,B006,CH003,38,42600,4.29
V013,L001,D0019,B001,CH002,29,23300,4.63
V013,L002,D0019,B001,CH002,33,31400,3.61
V013,L003,D0019,B001,CH002,35,25900,4.61
V013,L004,D0019,B001,CH002,46,33500,4.9
V013,L005,D0019,B001,CH002,31,34900,3.48
V013,L006,D0019,B001,CH002,34,31100,4.28
V013,L007,D0019,B001,CH002,37,34900,3.65
V013,L008,D0019,B001,CH002,49,33500,5.44
V013,L009,D0019,B001,CH002,43,32200,4.94
V013,L010,D0019,B001,CH002,47,31800,5.3
V014,L001,D0019,B004,CH003,29,29000,4.63
V014,L002,D0019,B004,CH003,46,40700,5.03
V014,L003,D0019,B004,CH003,29,34400,3.82
V014,L004,D0019,B004,CH003,46,39600,4.9
V014,L005,D0019,B004,CH003,27,41700,3.03
V014,L006,D0019,B004,CH003,40,39100,5.04
V014,L007,D0019,B004,CH003,51,44400,5.03
V014,L008,D0019,B004,CH003,49,44600,5.44
V014,L009,D0019,B004,CH003,47,38300,5.4
V014,L010,D0019,B004,CH003,38,40100,4.29
V015,L001,D0019,B002,CH004,25,25100,3.99
V015,L002,D0019,B002,CH004,36,35000,3.94
V015,L003,D0019,B002,CH004,28,29100,3.68
V015,L004,D0019,B002,CH004,36,38100,3.84
V015,L005,D0019,B002,CH004,33,38600,3.71
V015,L006,D0019,B002,CH004,27,34500,3.4
V015,L007,D0019,B002,CH004,26,39700,2.56
V015,L008,D0019,B002,CH004,38,37900,4.22
V015,L009,D0019,B002,CH004,33,35400,3.79
V015,L010,D0019,B002,CH004,28,36500,3.16
V016,L001,D0019,B008,CH004,32,38100,5.11
V016,L002,D0019,B008,CH004,38,52700,4.16
V016,L003,D0019,B008,CH004,38,42600,5.0
V016,L004,D0019,B008,CH004,49,56000,5.22
V016,L005,D0019,B008,CH004,42,51500,4.72
V016,L006,D0019,B008,CH004,30,53700,3.78
V016,L007,D0019,B008,CH004,37,58800,3.65
V016,L008,D0019,B008,CH004,40,58200,4.44
V016,L009,D0019,B008,CH004,46,51200,5.28
V016,L010,D0019,B008,CH004,43,53400,4.85
V017,L001,D0019,B010,CH004,9,73100,1.44
V017,L002,D0019,B010,CH004,20,93200,2.19
V017,L003,D0019,B010,CH004,19,79600,2.5
V017,L004,D0019,B010,CH004,18,103100,1.92
V017,L005,D0019,B010,CH004,14,99700,1.57
V017,L006,D0019,B010,CH004,18,92700,2.27
V017,L007,D0019,B010,CH004,13,104900,1.28
V017,L008,D0019,B010,CH004,17,103300,1.89
V017,L009,D0019,B010,CH004,18,101100,2.07
V017,L010,D0019,B010,CH004,16,90400,1.81
V018,L001,D0019,B004,CH002,22,23100,3.51
V018,L002,D0019,B004,CH002,44,33900,4.81
V018,L003,D0019,B004,CH002,32,28500,4.21
V018,L004,D0019,B004,CH002,37,33000,3.94
V018,L005,D0019,B004,CH002,42,36200,4.72
V018,L006,D0019,B004,CH002,34,30900,4.28
V018,L007,D0019,B004,CH002,40,35400,3.94
V018,L008,D0019,B004,CH002,36,32900,4.0
V018,L009,D0019,B004,CH002,36,34200,4.13
V018,L010,D0019,B004,CH002,44,32200,4.97
V019,L001,D0019,B005,CH002,21,30600,3.35
V019,L002,D0019,B005,CH002,27,42100,2.95
V019,L003,D0019,B005,CH002,24,33500,3.16
V019,L004,D0019,B005,CH002,20,43900,2.13
V019,L005,D0019,B005,CH002,20,45700,2.25
V019,L006,D0019,B005,CH002,21,42900,2.64
V019,L007,D0019,B005,CH002,35,43300,3.45
V019,L008,D0019,B005,CH002,29,42100,3.22
V019,L009,D0019,B005,CH002,19,45200,2.18
V019,L010,D0019,B005,CH002,22,39400,2.48
V020,L001,D0019,B003,CH002,21,27000,3.35
V020,L002,D0019,B003,CH002,56,36500,6.13
V020,L003,D0019,B003,CH002,47,30300,6.18
V020,L004,D0019,B003,CH002,55,37900,5.86
V020,L005,D0019,B003,CH002,55,39200,6.18
V020,L006,D0019,B003,CH002,53,35500,6.68
V020,L007,D0019,B003,CH002,60,39900,5.92
V020,L008,D0019,B003,CH002,50,38100,5.56
V020,L009,D0019,B003,CH002,52,37500,5.97
V020,L010,D0019,B003,CH002,36,38600,4.06
V001,L001,D0020,B004,CH004,49,30000,7.78
V001,L002,D0020,B004,CH004,64,42500,7.4
V001,L003,D0020,B004,CH004,52,35100,7.17
V001,L004,D0020,B004,CH004,66,42000,7.4
V001,L005,D0020,B004,CH004,69,43800,7.89
V001,L006,D0020,B004,CH004,80,43700,8.9
V001,L007,D0020,B004,CH004,67,44400,7.32
V001,L008,D0020,B004,CH004,72,43700,7.9
V001,L009,D0020,B004,CH004,67,43600,7.42
V001,L010,D0020,B004,CH004,66,42200,7.31
V002,L001,D0020,B006,CH004,57,35400,9.05
V002,L002,D0020,B006,CH004,55,48200,6.36
V002,L003,D0020,B006,CH004,49,40300,6.76
V002,L004,D0020,B006,CH004,72,51000,8.07
V002,L005,D0020,B006,CH004,70,47400,8.01
V002,L006,D0020,B006,CH004,68,50500,7.56
V002,L007,D0020,B006,CH004,68,52200,7.43
V002,L008,D0020,B006,CH004,65,48300,7.14
V002,L009,D0020,B006,CH004,83,50600,9.19
V002,L010,D0020,B006,CH004,66,46100,7.31
V003,L001,D0020,B003,CH003,44,22100,6.98
V003,L002,D0020,B003,CH003,68,31800,7.86
V003,L003,D0020,B003,CH003,51,24900,7.03
V003,L004,D0020,B003,CH003,58,33000,6.5
V003,L005,D0020,B003,CH003,60,31700,6.86
V003,L006,D0020,B003,CH003,52,28600,5.78
V003,L007,D0020,B003,CH003,64,34500,6.99
V003,L008,D0020,B003,CH003,63,29800,6.92
V003,L009,D0020,B003,CH003,69,29800,7.64
V003,L010,D0020,B003,CH003,68,29300,7.53
V004,L001,D0020,B006,CH004,35,31800,5.56
V004,L002,D0020,B006,CH004,50,41600,5.78
V004,L003,D0020,B006,CH004,49,34500,6.76
V004,L004,D0020,B006,CH004,50,43600,5.61
V004,L005,D0020,B006,CH004,64,45800,7.32
V004,L006,D0020,B006,CH004,67,40300,7.45
V004,L007,D0020,B006,CH004,66,47100,7.21
V004,L008,D0020,B006,CH004,66,44200,7.24
V004,L009,D0020,B006,CH004,50,41900,5.54
V004,L010,D0020,B006,CH004,62,39900,6.87
V005,L001,D0020,B007,CH004,32,35100,5.08
V005,L002,D0020,B007,CH004,48,51100,5.55
V005,L003,D0020,B007,CH004,43,39100,5.93
V005,L004,D0020,B007,CH004,65,51700,7.29
V005,L005,D0020,B007,CH004,59,47500,6.75
V005,L006,D0020,B007,CH004,56,50200,6.23
V005,L007,D0020,B007,CH004,60,51900,6.56
V005,L008,D0020,B007,CH004,48,50100,5.27
V005,L009,D0020,B007,CH004,44,48600,4.87
V005,L010,D0020,B007,CH004,63,48400,6.98
V006,L001,D0020,B003,CH003,31,26500,4.92
V006,L002,D0020,B003,CH003,55,37600,6.36
V006,L003,D0020,B003,CH003,37,27500,5.1
V006,L004,D0020,B003,CH003,61,34400,6.84
V006,L005,D0020,B003,CH003,48,35700,5.49
V006,L006,D0020,B003,CH003,49,36700,5.45
V006,L007,D0020,B003,CH003,63,38900,6.89
V006,L008,D0020,B003,CH003,48,37300,5.27
V006,L009,D0020,B003,CH003,60,36000,6.64
V006,L010,D0020,B003,CH003,51,33400,5.65
V007,L001,D0020,B007,CH004,30,35100,4.76
V007,L002,D0020,B007,CH004,46,45200,5.32
V007,L003,D0020,B007,CH004,42,36300,5.79
V007,L004,D0020,B007,CH004,45,50900,5.04
V007,L005,D0020,B007,CH004,49,46300,5.61
V007,L006,D0020,B007,CH004,42,43300,4.67
V007,L007,D0020,B007,CH004,46,52500,5.03
V007,L008,D0020,B007,CH004,50,47400,5.49
V007,L009,D0020,B007,CH004,49,48000,5.43
V007,L010,D0020,B007,CH004,39,45100,4.32
V008,L001,D0020,B002,CH003,31,16800,4.92
V008,L002,D0020,B002,CH003,39,22200,4.51
V008,L003,D0020,B002,CH003,39,17600,5.38
V008,L004,D0020,B002,CH003,57,24400,6.39
V008,L005,D0020,B002,CH003,37,21500,4.23
V008,L006,D0020,B002,CH003,52,21300,5.78
V008,L007,D0020,B002,CH003,56,25500,6.12
V008,L008,D0020,B002,CH003,52,24400,5.71
V008,L009,D0020,B002,CH003,59,21000,6.53
V008,L010,D0020,B002,CH003,55,21000,6.09
V009,L001,D0020,B003,CH003,33,21200,5.24
V009,L002,D0020,B003,CH003,45,29200,5.2
V009,L003,D0020,B003,CH003,37,24100,5.1
V009,L004,D0020,B003,CH003,42,30800,4.71
V009,L005,D0020,B003,CH003,39,30900,4.46
V009,L006,D0020,B003,CH003,42,30700,4.67
V009,L007,D0020,B003,CH003,47,33000,5.14
V009,L008,D0020,B003,CH003,49,31300,5.38
V009,L009,D0020,B003,CH003,39,30600,4.32
V009,L010,D0020,B003,CH003,37,30000,4.1
V010,L001,D0020,B007,CH004,28,42100,4.44
V010,L002,D0020,B007,CH004,26,61700,3.01
V010,L003,D0020,B007,CH004,19,51800,2.62
V010,L004,D0020,B007,CH004,30,65000,3.36
V010,L005,D0020,B007,CH004,27,60000,3.09
V010,L006,D0020,B007,CH004,37,57600,4.12
V010,L007,D0020,B007,CH004,33,68500,3.61
V010,L008,D0020,B007,CH004,27,61100,2.96
V010,L009,D0020,B007,CH004,37,58800,4.1
V010,L010,D0020,B007,CH004,28,57100,3.1
V011,L001,D0020,B005,CH003,21,38500,3.33
V011,L002,D0020,B005,CH003,26,57300,3.01
V011,L003,D0020,B005,CH003,27,48200,3.72
V011,L004,D0020,B005,CH003,30,59300,3.36
V011,L005,D0020,B005,CH003,34,59700,3.89
V011,L006,D0020,B005,CH003,30,52500,3.34
V011,L007,D0020,B005,CH003,26,61000,2.84
V011,L008,D0020,B005,CH003,32,56600,3.51
V011,L009,D0020,B005,CH003,38,53600,4.21
V011,L010,D0020,B005,CH003,31,54500,3.43
V012,L001,D0020,B006,CH003,33,33600,5.24
V012,L002,D0020,B006,CH003,48,47800,5.55
V012,L003,D0020,B006,CH003,44,36100,6.07
V012,L004,D0020,B006,CH003,37,46600,4.15
V012,L005,D0020,B006,CH003,39,45900,4.46
V012,L006,D0020,B006,CH003,56,43800,6.23
V012,L007,D0020,B006,CH003,45,51600,4.92
V012,L008,D0020,B006,CH003,44,49500,4.83
V012,L009,D0020,B006,CH003,49,44200,5.43
V012,L010,D0020,B006,CH003,38,42600,4.21
V013,L001,D0020,B001,CH002,28,24400,4.44
V013,L002,D0020,B001,CH002,31,34400,3.58
V013,L003,D0020,B001,CH002,33,27800,4.55
V013,L004,D0020,B001,CH002,48,34700,5.38
V013,L005,D0020,B001,CH002,39,34100,4.46
V013,L006,D0020,B001,CH002,41,30300,4.56
V013,L007,D0020,B001,CH002,38,33400,4.15
V013,L008,D0020,B001,CH002,61,34100,6.7
V013,L009,D0020,B001,CH002,45,31300,4.98
V013,L010,D0020,B001,CH002,52,30100,5.76
V014,L001,D0020,B004,CH003,21,30300,3.33
V014,L002,D0020,B004,CH003,36,39300,4.16
V014,L003,D0020,B004,CH003,30,31600,4.14
V014,L004,D0020,B004,CH003,50,40000,5.61
V014,L005,D0020,B004,CH003,46,39600,5.26
V014,L006,D0020,B004,CH003,36,41300,4.0
V014,L007,D0020,B004,CH003,29,42700,3.17
V014,L008,D0020,B004,CH003,55,41300,6.04
V014,L009,D0020,B004,CH003,41,39100,4.54
V014,L010,D0020,B004,CH003,35,41600,3.88
V015,L001,D0020,B002,CH004,23,27300,3.65
V015,L002,D0020,B002,CH004,41,35800,4.74
V015,L003,D0020,B002,CH004,22,28500,3.03
V015,L004,D0020,B002,CH004,36,36100,4.04
V015,L005,D0020,B002,CH004,29,35100,3.32
V015,L006,D0020,B002,CH004,29,35600,3.23
V015,L007,D0020,B002,CH004,29,39300,3.17
V015,L008,D0020,B002,CH004,29,39700,3.18
V015,L009,D0020,B002,CH004,27,34700,2.99
V015,L010,D0020,B002,CH004,30,34100,3.32
V016,L001,D0020,B008,CH004,34,38800,5.4
V016,L002,D0020,B008,CH004,55,55900,6.36
V016,L003,D0020,B008,CH004,38,41400,5.24
V016,L004,D0020,B008,CH004,36,55000,4.04
V016,L005,D0020,B008,CH004,38,53600,4.35
V016,L006,D0020,B008,CH004,39,50600,4.34
V016,L007,D0020,B008,CH004,41,55000,4.48
V016,L008,D0020,B008,CH004,40,55300,4.39
V016,L009,D0020,B008,CH004,40,51400,4.43
V016,L010,D0020,B008,CH004,49,53000,5.43
V017,L001,D0020,B010,CH004,9,68700,1.43
V017,L002,D0020,B010,CH004,19,95500,2.2
V017,L003,D0020,B010,CH004,11,82200,1.52
V017,L004,D0020,B010,CH004,11,103800,1.23
V017,L005,D0020,B010,CH004,9,101900,1.03
V017,L006,D0020,B010,CH004,17,98600,1.89
V017,L007,D0020,B010,CH004,19,108100,2.08
V017,L008,D0020,B010,CH004,11,98100,1.21
V017,L009,D0020,B010,CH004,13,96700,1.44
V017,L010,D0020,B010,CH004,15,93500,1.66
V018,L001,D0020,B004,CH002,27,23300,4.29
V018,L002,D0020,B004,CH002,44,32300,5.09
V018,L003,D0020,B004,CH002,25,26300,3.45
V018,L004,D0020,B004,CH002,39,36100,4.37
V018,L005,D0020,B004,CH002,33,34800,3.78
V018,L006,D0020,B004,CH002,39,33000,4.34
V018,L007,D0020,B004,CH002,37,34400,4.04
V018,L008,D0020,B004,CH002,31,32900,3.4
V018,L009,D0020,B004,CH002,36,31900,3.99
V018,L010,D0020,B004,CH002,37,32900,4.1
V019,L001,D0020,B005,CH002,15,30200,2.38
V019,L002,D0020,B005,CH002,21,43600,2.43
V019,L003,D0020,B005,CH002,30,35500,4.14
V019,L004,D0020,B005,CH002,22,46400,2.47
V019,L005,D0020,B005,CH002,38,45700,4.35
V019,L006,D0020,B005,CH002,22,39900,2.45
V019,L007,D0020,B005,CH002,27,43300,2.95
V019,L008,D0020,B005,CH002,25,44900,2.74
V019,L009,D0020,B005,CH002,22,41000,2.44
V019,L010,D0020,B005,CH002,25,42500,2.77
V020,L001,D0020,B003,CH002,49,29200,7.78
V020,L002,D0020,B003,CH002,48,39300,5.55
V020,L003,D0020,B003,CH002,47,30200,6.48
V020,L004,D0020,B003,CH002,37,39400,4.15
V020,L005,D0020,B003,CH002,47,41100,5.38
V020,L006,D0020,B003,CH002,45,40000,5.01
V020,L007,D0020,B003,CH002,54,44000,5.9
V020,L008,D0020,B003,CH002,43,41700,4.72
V020,L009,D0020,B003,CH002,35,38500,3.88
V020,L010,D0020,B003,CH002,56,39800,6.2
V001,L001,D0021,B004,CH004,55,32300,7.93
V001,L002,D0021,B004,CH004,66,41900,7.27
V001,L003,D0021,B004,CH004,52,33000,6.88
V001,L004,D0021,B004,CH004,70,42600,7.65
V001,L005,D0021,B004,CH004,64,43300,6.91
V001,L006,D0021,B004,CH004,70,44200,7.75
V001,L007,D0021,B004,CH004,73,43800,7.4
V001,L008,D0021,B004,CH004,60,43500,6.47
V001,L009,D0021,B004,CH004,68,43800,7.61
V001,L010,D0021,B004,CH004,57,39900,6.54
V002,L001,D0021,B006,CH004,48,34700,6.92
V002,L002,D0021,B006,CH004,67,49700,7.38
V002,L003,D0021,B006,CH004,59,37600,7.8
V002,L004,D0021,B006,CH004,83,52800,9.07
V002,L005,D0021,B006,CH004,64,48200,6.91
V002,L006,D0021,B006,CH004,67,47800,7.42
V002,L007,D0021,B006,CH004,68,54400,6.9
V002,L008,D0021,B006,CH004,73,53000,7.87
V002,L009,D0021,B006,CH004,65,48700,7.27
V002,L010,D0021,B006,CH004,54,48700,6.19
V003,L001,D0021,B003,CH003,47,21100,6.77
V003,L002,D0021,B003,CH003,61,30200,6.72
V003,L003,D0021,B003,CH003,58,25700,7.67
V003,L004,D0021,B003,CH003,67,30700,7.32
V003,L005,D0021,B003,CH003,65,30500,7.02
V003,L006,D0021,B003,CH003,55,31600,6.09
V003,L007,D0021,B003,CH003,77,34400,7.81
V003,L008,D0021,B003,CH003,73,33100,7.87
V003,L009,D0021,B003,CH003,60,29500,6.71
V003,L010,D0021,B003,CH003,64,28900,7.34
V004,L001,D0021,B006,CH004,58,29100,8.36
V004,L002,D0021,B006,CH004,61,40300,6.72
V004,L003,D0021,B006,CH004,49,35300,6.48
V004,L004,D0021,B006,CH004,61,45300,6.67
V004,L005,D0021,B006,CH004,62,44300,6.7
V004,L006,D0021,B006,CH004,59,41600,6.53
V004,L007,D0021,B006,CH004,67,47200,6.8
V004,L008,D0021,B006,CH004,54,44200,5.82
V004,L009,D0021,B006,CH004,55,44700,6.15
V004,L010,D0021,B006,CH004,55,43700,6.31
V005,L001,D0021,B007,CH004,38,33500,5.48
V005,L002,D0021,B007,CH004,55,48400,6.06
V005,L003,D0021,B007,CH004,34,38900,4.5
V005,L004,D0021,B007,CH004,48,47300,5.25
V005,L005,D0021,B007,CH004,56,50600,6.05
V005,L006,D0021,B007,CH004,60,45700,6.64
V005,L007,D0021,B007,CH004,71,51000,7.2
V005,L008,D0021,B007,CH004,42,47700,4.53
V005,L009,D0021,B007,CH004,53,48400,5.93
V005,L010,D0021,B007,CH004,54,48200,6.19
V006,L001,D0021,B003,CH003,34,25800,4.9
V006,L002,D0021,B003,CH003,51,36200,5.62
V006,L003,D0021,B003,CH003,45,29300,5.95
V006,L004,D0021,B003,CH003,48,38800,5.25
V006,L005,D0021,B003,CH003,54,35100,5.83
V006,L006,D0021,B003,CH003,64,34000,7.09
V006,L007,D0021,B003,CH003,53,40100,5.38
V006,L008,D0021,B003,CH003,37,35000,3.99
V006,L009,D0021,B003,CH003,58,36400,6.49
V006,L010,D0021,B003,CH003,58,34500,6.65
V007,L001,D0021,B007,CH004,40,32200,5.76
V007,L002,D0021,B007,CH004,60,46700,6.61
V007,L003,D0021,B007,CH004,37,38500,4.89
V007,L004,D0021,B007,CH004,59,49200,6.45
V007,L005,D0021,B007,CH004,54,48600,5.83
V007,L006,D0021,B007,CH004,55,44600,6.09
V007,L007,D0021,B007,CH004,68,51200,6.9
V007,L008,D0021,B007,CH004,44,48000,4.74
V007,L009,D0021,B007,CH004,57,46300,6.38
V007,L010,D0021,B007,CH004,51,46700,5.85
V008,L001,D0021,B002,CH003,45,16700,6.48
V008,L002,D0021,B002,CH003,36,22500,3.96
V008,L003,D0021,B002,CH003,34,19100,4.5
V008,L004,D0021,B002,CH003,47,22800,5.14
V008,L005,D0021,B002,CH003,52,24100,5.62
V008,L006,D0021,B002,CH003,41,22500,4.54
V008,L007,D0021,B002,CH003,61,23900,6.19
V008,L008,D0021,B002,CH003,48,22400,5.17
V008,L009,D0021,B002,CH003,47,22000,5.26
V008,L010,D0021,B002,CH003,36,20600,4.13
V009,L001,D0021,B003,CH003,24,21700,3.46
V009,L002,D0021,B003,CH003,51,31700,5.62
V009,L003,D0021,B003,CH003,40,26400,5.29
V009,L004,D0021,B003,CH003,41,30700,4.48
V009,L005,D0021,B003,CH003,41,31600,4.43
V009,L006,D0021,B003,CH003,32,29900,3.54
V009,L007,D0021,B003,CH003,45,32800,4.56
V009,L008,D0021,B003,CH003,49,31700,5.28
V009,L009,D0021,B003,CH003,47,30300,5.26
V009,L010,D0021,B003,CH003,41,29200,4.7
V010,L001,D0021,B007,CH004,28,44500,4.03
V010,L002,D0021,B007,CH004,29,62500,3.19
V010,L003,D0021,B007,CH004,27,49000,3.57
V010,L004,D0021,B007,CH004,39,62500,4.26
V010,L005,D0021,B007,CH004,33,64400,3.56
V010,L006,D0021,B007,CH004,32,58300,3.54
V010,L007,D0021,B007,CH004,36,62500,3.65
V010,L008,D0021,B007,CH004,42,62200,4.53
V010,L009,D0021,B007,CH004,43,59500,4.81
V010,L010,D0021,B007,CH004,25,62800,2.87
V011,L001,D0021,B005,CH003,28,40900,4.03
V011,L002,D0021,B005,CH003,35,58800,3.85
V011,L003,D0021,B005,CH003,26,43100,3.44
V011,L004,D0021,B005,CH003,37,59400,4.04
V011,L005,D0021,B005,CH003,31,57200,3.35
V011,L006,D0021,B005,CH003,31,56600,3.43
V011,L007,D0021,B005,CH003,25,60600,2.54
V011,L008,D0021,B005,CH003,41,57800,4.42
V011,L009,D0021,B005,CH003,35,54900,3.91
V011,L010,D0021,B005,CH003,32,56300,3.67
V012,L001,D0021,B006,CH003,39,33900,5.62
V012,L002,D0021,B006,CH003,50,43600,5.51
V012,L003,D0021,B006,CH003,54,37900,7.14
V012,L004,D0021,B006,CH003,49,45500,5.36
V012,L005,D0021,B006,CH003,47,48100,5.08
V012,L006,D0021,B006,CH003,47,44300,5.2
V012,L007,D0021,B006,CH003,51,50300,5.17
V012,L008,D0021,B006,CH003,63,45800,6.79
V012,L009,D0021,B006,CH003,47,44700,5.26
V012,L010,D0021,B006,CH003,56,45400,6.42
V013,L001,D0021,B001,CH002,33,24500,4.76
V013,L002,D0021,B001,CH002,54,33000,5.95
V013,L003,D0021,B001,CH002,43,27500,5.69
V013,L004,D0021,B001,CH002,47,32200,5.14
V013,L005,D0021,B001,CH002,47,32600,5.08
V013,L006,D0021,B001,CH002,44,30200,4.87
V013,L007,D0021,B001,CH002,49,33100,4.97
V013,L008,D0021,B001,CH002,52,32100,5.6
V013,L009,D0021,B001,CH002,42,31100,4.7
V013,L010,D0021,B001,CH002,48,31500,5.5
V014,L001,D0021,B004,CH003,24,30500,3.46
V014,L002,D0021,B004,CH003,24,40000,2.64
V014,L003,D0021,B004,CH003,27,32900,3.57
V014,L004,D0021,B004,CH003,38,43500,4.15
V014,L005,D0021,B004,CH003,43,42300,4.64
V014,L006,D0021,B004,CH003,43,37600,4.76
V014,L007,D0021,B004,CH003,47,41800,4.77
V014,L008,D0021,B004,CH003,36,41300,3.88
V014,L009,D0021,B004,CH003,34,41600,3.8
V014,L010,D0021,B004,CH003,44,41700,5.05
V015,L001,D0021,B002,CH004,32,25000,4.61
V015,L002,D0021,B002,CH004,34,38100,3.74
V015,L003,D0021,B002,CH004,39,30900,5.16
V015,L004,D0021,B002,CH004,22,36200,2.4
V015,L005,D0021,B002,CH004,39,38500,4.21
V015,L006,D0021,B002,CH004,27,36300,2.99
V015,L007,D0021,B002,CH004,22,39900,2.23
V015,L008,D0021,B002,CH004,32,36800,3.45
V015,L009,D0021,B002,CH004,27,36700,3.02
V015,L010,D0021,B002,CH004,29,35400,3.33
V016,L001,D0021,B008,CH004,22,36900,3.17
V016,L002,D0021,B008,CH004,41,50800,4.52
V016,L003,D0021,B008,CH004,30,42600,3.97
V016,L004,D0021,B008,CH004,45,52700,4.92
V016,L005,D0021,B008,CH004,44,53800,4.75
V016,L006,D0021,B008,CH004,27,53000,2.99
V016,L007,D0021,B008,CH004,32,58100,3.25
V016,L008,D0021,B008,CH004,38,53700,4.09
V016,L009,D0021,B008,CH004,32,51400,3.58
V016,L010,D0021,B008,CH004,34,52300,3.9
V017,L001,D0021,B010,CH004,11,72500,1.59
V017,L002,D0021,B010,CH004,13,90800,1.43
V017,L003,D0021,B010,CH004,10,82300,1.32
V017,L004,D0021,B010,CH004,21,102600,2.3
V017,L005,D0021,B010,CH004,15,98900,1.62
V017,L006,D0021,B010,CH004,18,92700,1.99
V017,L007,D0021,B010,CH004,14,108600,1.42
V017,L008,D0021,B010,CH004,18,102300,1.94
V017,L009,D0021,B010,CH004,15,98400,1.68
V017,L010,D0021,B010,CH004,18,95100,2.06
V018,L001,D0021,B004,CH002,36,24400,5.19
V018,L002,D0021,B004,CH002,49,34600,5.4
V018,L003,D0021,B004,CH002,39,27400,5.16
V018,L004,D0021,B004,CH002,28,34600,3.06
V018,L005,D0021,B004,CH002,34,32500,3.67
V018,L006,D0021,B004,CH002,43,31400,4.76
V018,L007,D0021,B004,CH002,36,35600,3.65
V018,L008,D0021,B004,CH002,63,35000,6.79
V018,L009,D0021,B004,CH002,31,32000,3.47
V018,L010,D0021,B004,CH002,42,32700,4.82
V019,L001,D0021,B005,CH002,18,29300,2.59
V019,L002,D0021,B005,CH002,19,42100,2.09
V019,L003,D0021,B005,CH002,17,33000,2.25
V019,L004,D0021,B005,CH002,18,42900,1.97
V019,L005,D0021,B005,CH002,24,42600,2.59
V019,L006,D0021,B005,CH002,26,40600,2.88
V019,L007,D0021,B005,CH002,36,44700,3.65
V019,L008,D0021,B005,CH002,21,45500,2.26
V019,L009,D0021,B005,CH002,32,42800,3.58
V019,L010,D0021,B005,CH002,31,41000,3.56
V020,L001,D0021,B003,CH002,34,26700,4.9
V020,L002,D0021,B003,CH002,52,39000,5.73
V020,L003,D0021,B003,CH002,36,31800,4.76
V020,L004,D0021,B003,CH002,47,37800,5.14
V020,L005,D0021,B003,CH002,57,41300,6.16
V020,L006,D0021,B003,CH002,62,39500,6.87
V020,L007,D0021,B003,CH002,55,40800,5.58
V020,L008,D0021,B003,CH002,42,40900,4.53
V020,L009,D0021,B003,CH002,46,39500,5.15
V020,L010,D0021,B003,CH002,43,39700,4.93
V001,L001,D0022,B004,CH004,54,30800,7.89
V001,L002,D0022,B004,CH004,67,44600,7.04
V001,L003,D0022,B004,CH004,56,35500,7.52
V001,L004,D0022,B004,CH004,60,44500,6.85
V001,L005,D0022,B004,CH004,92,44700,9.35
V001,L006,D0022,B004,CH004,78,42000,8.48
V001,L007,D0022,B004,CH004,78,45900,7.77
V001,L008,D0022,B004,CH004,71,43600,6.85
V001,L009,D0022,B004,CH004,72,40400,7.73
V001,L010,D0022,B004,CH004,65,41100,6.94
V002,L001,D0022,B006,CH004,48,36800,7.02
V002,L002,D0022,B006,CH004,75,46700,7.88
V002,L003,D0022,B006,CH004,59,40000,7.92
V002,L004,D0022,B006,CH004,58,52500,6.62
V002,L005,D0022,B006,CH004,65,51900,6.61
V002,L006,D0022,B006,CH004,65,49400,7.07
V002,L007,D0022,B006,CH004,83,54400,8.27
V002,L008,D0022,B006,CH004,84,49500,8.11
V002,L009,D0022,B006,CH004,69,51500,7.41
V002,L010,D0022,B006,CH004,75,49100,8.0
V003,L001,D0022,B003,CH003,45,22800,6.58
V003,L002,D0022,B003,CH003,60,31800,6.3
V003,L003,D0022,B003,CH003,57,26300,7.65
V003,L004,D0022,B003,CH003,79,32300,9.02
V003,L005,D0022,B003,CH003,69,31100,7.01
V003,L006,D0022,B003,CH003,57,30900,6.2
V003,L007,D0022,B003,CH003,72,31800,7.17
V003,L008,D0022,B003,CH003,61,30100,5.89
V003,L009,D0022,B003,CH003,61,29000,6.55
V003,L010,D0022,B003,CH003,63,29500,6.72
V004,L001,D0022,B006,CH004,48,28900,7.02
V004,L002,D0022,B006,CH004,52,44900,5.46
V004,L003,D0022,B006,CH004,50,33900,6.71
V004,L004,D0022,B006,CH004,45,45200,5.14
V004,L005,D0022,B006,CH004,66,42100,6.71
V004,L006,D0022,B006,CH004,67,41600,7.28
V004,L007,D0022,B006,CH004,66,44300,6.57
V004,L008,D0022,B006,CH004,66,43000,6.37
V004,L009,D0022,B006,CH004,63,43400,6.77
V004,L010,D0022,B006,CH004,58,40100,6.19
V005,L001,D0022,B007,CH004,38,36100,5.56
V005,L002,D0022,B007,CH004,52,50900,5.46
V005,L003,D0022,B007,CH004,45,41700,6.04
V005,L004,D0022,B007,CH004,59,48000,6.74
V005,L005,D0022,B007,CH004,63,52500,6.4
V005,L006,D0022,B007,CH004,59,45200,6.41
V005,L007,D0022,B007,CH004,59,53900,5.88
V005,L008,D0022,B007,CH004,61,51600,5.89
V005,L009,D0022,B007,CH004,55,50100,5.91
V005,L010,D0022,B007,CH004,60,48300,6.4
V006,L001,D0022,B003,CH003,35,25300,5.12
V006,L002,D0022,B003,CH003,66,34400,6.93
V006,L003,D0022,B003,CH003,44,27900,5.91
V006,L004,D0022,B003,CH003,54,37100,6.16
V006,L005,D0022,B003,CH003,49,37900,4.98
V006,L006,D0022,B003,CH003,50,33800,5.43
V006,L007,D0022,B003,CH003,68,40700,6.77
V006,L008,D0022,B003,CH003,76,35500,7.34
V006,L009,D0022,B003,CH003,59,34100,6.34
V006,L010,D0022,B003,CH003,50,35800,5.34
V007,L001,D0022,B007,CH004,36,32400,5.26
V007,L002,D0022,B007,CH004,64,48700,6.72
V007,L003,D0022,B007,CH004,47,39100,6.31
V007,L004,D0022,B007,CH004,60,45300,6.85
V007,L005,D0022,B007,CH004,59,48100,6.0
V007,L006,D0022,B007,CH004,52,44300,5.65
V007,L007,D0022,B007,CH004,74,52200,7.37
V007,L008,D0022,B007,CH004,59,51100,5.69
V007,L009,D0022,B007,CH004,51,47200,5.48
V007,L010,D0022,B007,CH004,64,46600,6.83
V008,L001,D0022,B002,CH003,39,16800,5.7
V008,L002,D0022,B002,CH003,42,22900,4.41
V008,L003,D0022,B002,CH003,39,19000,5.23
V008,L004,D0022,B002,CH003,51,22400,5.82
V008,L005,D0022,B002,CH003,65,22200,6.61
V008,L006,D0022,B002,CH003,64,22700,6.96
V008,L007,D0022,B002,CH003,44,23300,4.38
V008,L008,D0022,B002,CH003,47,24600,4.54
V008,L009,D0022,B002,CH003,56,22700,6.02
V008,L010,D0022,B002,CH003,49,22000,5.23
V009,L001,D0022,B003,CH003,21,20700,3.07
V009,L002,D0022,B003,CH003,46,29900,4.83
V009,L003,D0022,B003,CH003,44,24400,5.91
V009,L004,D0022,B003,CH003,41,32600,4.68
V009,L005,D0022,B003,CH003,39,32200,3.96
V009,L006,D0022,B003,CH003,38,28800,4.13
V009,L007,D0022,B003,CH003,46,34700,4.58
V009,L008,D0022,B003,CH003,50,32600,4.83
V009,L009,D0022,B003,CH003,53,30100,5.69
V009,L010,D0022,B003,CH003,44,30000,4.7
V010,L001,D0022,B007,CH004,37,44100,5.41
V010,L002,D0022,B007,CH004,39,60900,4.1
V010,L003,D0022,B007,CH004,27,47400,3.62
V010,L004,D0022,B007,CH004,33,61100,3.77
V010,L005,D0022,B007,CH004,51,60000,5.18
V010,L006,D0022,B007,CH004,39,57000,4.24
V010,L007,D0022,B007,CH004,35,64400,3.49
V010,L008,D0022,B007,CH004,35,60400,3.38
V010,L009,D0022,B007,CH004,31,64300,3.33
V010,L010,D0022,B007,CH004,39,56400,4.16
V011,L001,D0022,B005,CH003,24,38800,3.51
V011,L002,D0022,B005,CH003,35,55100,3.68
V011,L003,D0022,B005,CH003,26,46200,3.49
V011,L004,D0022,B005,CH003,20,60800,2.28
V011,L005,D0022,B005,CH003,30,53700,3.05
V011,L006,D0022,B005,CH003,29,55500,3.15
V011,L007,D0022,B005,CH003,24,63600,2.39
V011,L008,D0022,B005,CH003,34,54800,3.28
V011,L009,D0022,B005,CH003,33,54000,3.54
V011,L010,D0022,B005,CH003,24,55600,2.56
V012,L001,D0022,B006,CH003,33,33900,4.82
V012,L002,D0022,B006,CH003,39,46900,4.1
V012,L003,D0022,B006,CH003,37,38900,4.97
V012,L004,D0022,B006,CH003,43,44600,4.91
V012,L005,D0022,B006,CH003,44,45400,4.47
V012,L006,D0022,B006,CH003,46,42200,5.0
V012,L007,D0022,B006,CH003,61,50800,6.08
V012,L008,D0022,B006,CH003,68,46400,6.56
V012,L009,D0022,B006,CH003,52,45900,5.59
V012,L010,D0022,B006,CH003,44,44300,4.7
V013,L001,D0022,B001,CH002,33,24400,4.82
V013,L002,D0022,B001,CH002,40,31200,4.2
V013,L003,D0022,B001,CH002,19,27300,2.55
V013,L004,D0022,B001,CH002,43,32000,4.91
V013,L005,D0022,B001,CH002,42,33300,4.27
V013,L006,D0022,B001,CH002,41,32900,4.46
V013,L007,D0022,B001,CH002,47,36700,4.68
V013,L008,D0022,B001,CH002,43,34600,4.15
V013,L009,D0022,B001,CH002,51,33000,5.48
V013,L010,D0022,B001,CH002,39,32800,4.16
V014,L001,D0022,B004,CH003,26,28500,3.8
V014,L002,D0022,B004,CH003,34,41900,3.57
V014,L003,D0022,B004,CH003,29,34600,3.89
V014,L004,D0022,B004,CH003,26,39600,2.97
V014,L005,D0022,B004,CH003,47,43700,4.78
V014,L006,D0022,B004,CH003,41,37500,4.46
V014,L007,D0022,B004,CH003,47,46100,4.68
V014,L008,D0022,B004,CH003,40,42300,3.86
V014,L009,D0022,B004,CH003,26,40200,2.79
V014,L010,D0022,B004,CH003,43,40300,4.59
V015,L001,D0022,B002,CH004,27,25300,3.95
V015,L002,D0022,B002,CH004,39,36500,4.1
V015,L003,D0022,B002,CH004,30,29200,4.03
V015,L004,D0022,B002,CH004,30,39700,3.42
V015,L005,D0022,B002,CH004,30,39200,3.05
V015,L006,D0022,B002,CH004,26,34700,2.83
V015,L007,D0022,B002,CH004,28,39200,2.79
V015,L008,D0022,B002,CH004,41,37900,3.96
V015,L009,D0022,B002,CH004,34,34900,3.65
V015,L010,D0022,B002,CH004,41,34000,4.38
V016,L001,D0022,B008,CH004,39,39800,5.7
V016,L002,D0022,B008,CH004,50,50500,5.25
V016,L003,D0022,B008,CH004,34,40900,4.56
V016,L004,D0022,B008,CH004,38,52900,4.34
V016,L005,D0022,B008,CH004,49,52200,4.98
V016,L006,D0022,B008,CH004,47,48700,5.11
V016,L007,D0022,B008,CH004,44,55000,4.38
V016,L008,D0022,B008,CH004,51,55800,4.92
V016,L009,D0022,B008,CH004,41,50400,4.4
V016,L010,D0022,B008,CH004,43,50100,4.59
V017,L001,D0022,B010,CH004,11,69600,1.61
V017,L002,D0022,B010,CH004,13,99900,1.37
V017,L003,D0022,B010,CH004,15,78800,2.01
V017,L004,D0022,B010,CH004,16,96100,1.83
V017,L005,D0022,B010,CH004,17,93200,1.73
V017,L006,D0022,B010,CH004,14,89100,1.52
V017,L007,D0022,B010,CH004,12,100800,1.2
V017,L008,D0022,B010,CH004,24,96200,2.32
V017,L009,D0022,B010,CH004,23,95200,2.47
V017,L010,D0022,B010,CH004,12,92800,1.28
V018,L001,D0022,B004,CH002,40,24900,5.85
V018,L002,D0022,B004,CH002,43,31900,4.52
V018,L003,D0022,B004,CH002,29,27300,3.89
V018,L004,D0022,B004,CH002,33,33600,3.77
V018,L005,D0022,B004,CH002,40,33800,4.07
V018,L006,D0022,B004,CH002,37,32500,4.02
V018,L007,D0022,B004,CH002,30,37400,2.99
V018,L008,D0022,B004,CH002,47,36400,4.54
V018,L009,D0022,B004,CH002,35,34600,3.76
V018,L010,D0022,B004,CH002,40,33400,4.27
V019,L001,D0022,B005,CH002,12,29400,1.75
V019,L002,D0022,B005,CH002,28,41200,2.94
V019,L003,D0022,B005,CH002,19,34600,2.55
V019,L004,D0022,B005,CH002,27,44700,3.08
V019,L005,D0022,B005,CH002,19,42300,1.93
V019,L006,D0022,B005,CH002,24,39900,2.61
V019,L007,D0022,B005,CH002,25,45200,2.49
V019,L008,D0022,B005,CH002,19,42600,1.83
V019,L009,D0022,B005,CH002,20,41100,2.15
V019,L010,D0022,B005,CH002,25,39900,2.67
V020,L001,D0022,B003,CH002,38,28200,5.56
V020,L002,D0022,B003,CH002,68,39700,7.14
V020,L003,D0022,B003,CH002,39,31000,5.23
V020,L004,D0022,B003,CH002,60,41000,6.85
V020,L005,D0022,B003,CH002,48,40400,4.88
V020,L006,D0022,B003,CH002,46,36700,5.0
V020,L007,D0022,B003,CH002,61,41300,6.08
V020,L008,D0022,B003,CH002,59,39700,5.69
V020,L009,D0022,B003,CH002,46,39300,4.94
V020,L010,D0022,B003,CH002,59,40000,6.3
V001,L001,D0023,B004,CH004,61,32500,8.39
V001,L002,D0023,B004,CH004,75,40600,7.35
V001,L003,D0023,B004,CH004,61,36200,7.27
V001,L004,D0023,B004,CH004,73,43800,7.15
V001,L005,D0023,B004,CH004,83,45500,8.0
V001,L006,D0023,B004,CH004,79,39800,8.0
V001,L007,D0023,B004,CH004,89,48300,8.51
V001,L008,D0023,B004,CH004,77,45900,7.84
V001,L009,D0023,B004,CH004,82,45000,8.41
V001,L010,D0023,B004,CH004,67,40600,7.04
V002,L001,D0023,B006,CH004,58,36800,7.98
V002,L002,D0023,B006,CH004,77,46700,7.55
V002,L003,D0023,B006,CH004,54,38600,6.44
V002,L004,D0023,B006,CH004,73,52100,7.15
V002,L005,D0023,B006,CH004,70,49900,6.74
V002,L006,D0023,B006,CH004,76,46100,7.69
V002,L007,D0023,B006,CH004,86,50000,8.22
V002,L008,D0023,B006,CH004,71,51400,7.23
V002,L009,D0023,B006,CH004,74,49600,7.59
V002,L010,D0023,B006,CH004,57,46700,5.99
V003,L001,D0023,B003,CH003,47,23100,6.46
V003,L002,D0023,B003,CH003,62,32100,6.08
V003,L003,D0023,B003,CH003,57,24600,6.79
V003,L004,D0023,B003,CH003,63,31300,6.17
V003,L005,D0023,B003,CH003,65,30700,6.26
V003,L006,D0023,B003,CH003,82,29900,8.3
V003,L007,D0023,B003,CH003,48,31700,4.59
V003,L008,D0023,B003,CH003,69,33300,7.03
V003,L009,D0023,B003,CH003,64,30100,6.56
V003,L010,D0023,B003,CH003,85,31600,8.93
V004,L001,D0023,B006,CH004,38,32300,5.23
V004,L002,D0023,B006,CH004,65,45000,6.37
V004,L003,D0023,B006,CH004,65,35000,7.75
V004,L004,D0023,B006,CH004,65,45600,6.37
V004,L005,D0023,B006,CH004,71,42000,6.84
V004,L006,D0023,B006,CH004,74,40100,7.49
V004,L007,D0023,B006,CH004,82,45700,7.84
V004,L008,D0023,B006,CH004,57,45300,5.8
V004,L009,D0023,B006,CH004,84,43400,8.62
V004,L010,D0023,B006,CH004,63,43000,6.62
V005,L001,D0023,B007,CH004,48,37100,6.6
V005,L002,D0023,B007,CH004,69,47200,6.76
V005,L003,D0023,B007,CH004,52,38400,6.2
V005,L004,D0023,B007,CH004,67,52100,6.56
V005,L005,D0023,B007,CH004,73,52200,7.03
V005,L006,D0023,B007,CH004,51,48900,5.16
V005,L007,D0023,B007,CH004,79,52700,7.55
V005,L008,D0023,B007,CH004,55,52300,5.6
V005,L009,D0023,B007,CH004,57,49200,5.85
V005,L010,D0023,B007,CH004,51,45700,5.36
V006,L001,D0023,B003,CH003,41,24700,5.64
V006,L002,D0023,B003,CH003,59,34800,5.78
V006,L003,D0023,B003,CH003,63,30200,7.51
V006,L004,D0023,B003,CH003,59,37000,5.78
V006,L005,D0023,B003,CH003,59,36800,5.68
V006,L006,D0023,B003,CH003,63,36800,6.38
V006,L007,D0023,B003,CH003,64,40300,6.12
V006,L008,D0023,B003,CH003,51,35000,5.19
V006,L009,D0023,B003,CH003,56,34600,5.74
V006,L010,D0023,B003,CH003,46,33800,4.83
V007,L001,D0023,B007,CH004,38,33200,5.23
V007,L002,D0023,B007,CH004,50,45100,4.9
V007,L003,D0023,B007,CH004,44,38400,5.24
V007,L004,D0023,B007,CH004,59,49000,5.78
V007,L005,D0023,B007,CH004,67,49000,6.45
V007,L006,D0023,B007,CH004,49,46400,4.96
V007,L007,D0023,B007,CH004,65,49500,6.21
V007,L008,D0023,B007,CH004,46,50900,4.68
V007,L009,D0023,B007,CH004,53,45300,5.44
V007,L010,D0023,B007,CH004,62,48000,6.51
V008,L001,D0023,B002,CH003,34,16200,4.68
V008,L002,D0023,B002,CH003,67,23400,6.57
V008,L003,D0023,B002,CH003,44,18300,5.24
V008,L004,D0023,B002,CH003,66,22500,6.46
V008,L005,D0023,B002,CH003,49,21600,4.72
V008,L006,D0023,B002,CH003,46,23100,4.66
V008,L007,D0023,B002,CH003,60,22800,5.74
V008,L008,D0023,B002,CH003,44,22000,4.48
V008,L009,D0023,B002,CH003,48,23000,4.92
V008,L010,D0023,B002,CH003,51,22200,5.36
V009,L001,D0023,B003,CH003,30,22100,4.13
V009,L002,D0023,B003,CH003,48,32000,4.71
V009,L003,D0023,B003,CH003,40,25600,4.77
V009,L004,D0023,B003,CH003,44,31800,4.31
V009,L005,D0023,B003,CH003,54,30400,5.2
V009,L006,D0023,B003,CH003,51,28600,5.16
V009,L007,D0023,B003,CH003,51,33900,4.88
V009,L008,D0023,B003,CH003,48,33500,4.89
V009,L009,D0023,B003,CH003,40,31200,4.1
V009,L010,D0023,B003,CH003,46,30400,4.83
V010,L001,D0023,B007,CH004,27,42600,3.71
V010,L002,D0023,B007,CH004,34,61000,3.33
V010,L003,D0023,B007,CH004,39,50700,4.65
V010,L004,D0023,B007,CH004,39,59300,3.82
V010,L005,D0023,B007,CH004,24,64600,2.31
V010,L006,D0023,B007,CH004,35,59100,3.54
V010,L007,D0023,B007,CH004,32,68400,3.06
V010,L008,D0023,B007,CH004,42,61300,4.28
V010,L009,D0023,B007,CH004,43,59300,4.41
V010,L010,D0023,B007,CH004,34,57200,3.57
V011,L001,D0023,B005,CH003,31,38900,4.26
V011,L002,D0023,B005,CH003,31,56200,3.04
V011,L003,D0023,B005,CH003,25,47400,2.98
V011,L004,D0023,B005,CH003,37,60300,3.62
V011,L005,D0023,B005,CH003,34,58500,3.28
V011,L006,D0023,B005,CH003,36,55000,3.64
V011,L007,D0023,B005,CH003,35,59500,3.35
V011,L008,D0023,B005,CH003,35,59500,3.56
V011,L009,D0023,B005,CH003,28,56100,2.87
V011,L010,D0023,B005,CH003,34,52300,3.57
V012,L001,D0023,B006,CH003,43,32600,5.91
V012,L002,D0023,B006,CH003,51,45700,5.0
V012,L003,D0023,B006,CH003,35,37900,4.17
V012,L004,D0023,B006,CH003,44,45600,4.31
V012,L005,D0023,B006,CH003,54,43800,5.2
V012,L006,D0023,B006,CH003,56,47100,5.67
V012,L007,D0023,B006,CH003,50,50100,4.78
V012,L008,D0023,B006,CH003,52,46700,5.3
V012,L009,D0023,B006,CH003,62,46900,6.36
V012,L010,D0023,B006,CH003,50,45900,5.25
V013,L001,D0023,B001,CH002,31,23700,4.26
V013,L002,D0023,B001,CH002,58,33300,5.69
V013,L003,D0023,B001,CH002,34,26500,4.05
V013,L004,D0023,B001,CH002,46,34400,4.51
V013,L005,D0023,B001,CH002,48,32600,4.62
V013,L006,D0023,B001,CH002,49,30500,4.96
V013,L007,D0023,B001,CH002,42,36200,4.02
V013,L008,D0023,B001,CH002,54,34000,5.5
V013,L009,D0023,B001,CH002,39,33500,4.0
V013,L010,D0023,B001,CH002,53,30700,5.57
V014,L001,D0023,B004,CH003,36,28300,4.95
V014,L002,D0023,B004,CH003,35,41400,3.43
V014,L003,D0023,B004,CH003,47,32200,5.6
V014,L004,D0023,B004,CH003,38,40800,3.72
V014,L005,D0023,B004,CH003,51,42700,4.91
V014,L006,D0023,B004,CH003,35,39500,3.54
V014,L007,D0023,B004,CH003,44,42800,4.21
V014,L008,D0023,B004,CH003,43,41400,4.38
V014,L009,D0023,B004,CH003,35,40600,3.59
V014,L010,D0023,B004,CH003,42,40500,4.41
V015,L001,D0023,B002,CH004,22,27000,3.03
V015,L002,D0023,B002,CH004,28,35700,2.75
V015,L003,D0023,B002,CH004,25,28600,2.98
V015,L004,D0023,B002,CH004,41,39600,4.02
V015,L005,D0023,B002,CH004,40,36100,3.85
V015,L006,D0023,B002,CH004,42,36200,4.25
V015,L007,D0023,B002,CH004,33,41100,3.15
V015,L008,D0023,B002,CH004,38,39000,3.87
V015,L009,D0023,B002,CH004,34,37700,3.49
V015,L010,D0023,B002,CH004,38,34500,3.99
V016,L001,D0023,B008,CH004,29,37300,3.99
V016,L002,D0023,B008,CH004,49,49800,4.8
V016,L003,D0023,B008,CH004,30,41000,3.58
V016,L004,D0023,B008,CH004,50,55100,4.9
V016,L005,D0023,B008,CH004,42,52800,4.05
V016,L006,D0023,B008,CH004,40,50100,4.05
V016,L007,D0023,B008,CH004,47,55100,4.49
V016,L008,D0023,B008,CH004,57,53000,5.8
V016,L009,D0023,B008,CH004,41,52100,4.21
V016,L010,D0023,B008,CH004,43,54800,4.52
V017,L001,D0023,B010,CH004,11,73300,1.51
V017,L002,D0023,B010,CH004,22,98300,2.16
V017,L003,D0023,B010,CH004,15,76700,1.79
V017,L004,D0023,B010,CH004,16,104900,1.57
V017,L005,D0023,B010,CH004,15,97600,1.45
V017,L006,D0023,B010,CH004,14,96200,1.42
V017,L007,D0023,B010,CH004,16,99300,1.53
V017,L008,D0023,B010,CH004,18,100700,1.83
V017,L009,D0023,B010,CH004,16,99000,1.64
V017,L010,D0023,B010,CH004,13,98300,1.37
V018,L001,D0023,B004,CH002,30,23100,4.13
V018,L002,D0023,B004,CH002,50,35000,4.9
V018,L003,D0023,B004,CH002,40,26700,4.77
V018,L004,D0023,B004,CH002,42,33800,4.11
V018,L005,D0023,B004,CH002,44,34200,4.24
V018,L006,D0023,B004,CH002,33,33800,3.34
V018,L007,D0023,B004,CH002,42,36000,4.02
V018,L008,D0023,B004,CH002,35,36500,3.56
V018,L009,D0023,B004,CH002,46,31700,4.72
V018,L010,D0023,B004,CH002,45,31200,4.73
V019,L001,D0023,B005,CH002,27,30500,3.71
V019,L002,D0023,B005,CH002,26,43800,2.55
V019,L003,D0023,B005,CH002,22,35400,2.62
V019,L004,D0023,B005,CH002,29,44400,2.84
V019,L005,D0023,B005,CH002,41,41000,3.95
V019,L006,D0023,B005,CH002,23,44000,2.33
V019,L007,D0023,B005,CH002,27,44200,2.58
V019,L008,D0023,B005,CH002,30,45900,3.05
V019,L009,D0023,B005,CH002,23,43800,2.36
V019,L010,D0023,B005,CH002,25,41500,2.63
V020,L001,D0023,B003,CH002,45,27100,6.19
V020,L002,D0023,B003,CH002,64,39700,6.27
V020,L003,D0023,B003,CH002,47,32500,5.6
V020,L004,D0023,B003,CH002,70,40300,6.86
V020,L005,D0023,B003,CH002,54,38900,5.2
V020,L006,D0023,B003,CH002,54,39800,5.47
V020,L007,D0023,B003,CH002,54,39200,5.16
V020,L008,D0023,B003,CH002,60,39700,6.11
V020,L009,D0023,B003,CH002,50,38200,5.13
V020,L010,D0023,B003,CH002,47,36500,4.94
V001,L001,D0024,B004,CH004,50,29000,6.44
V001,L002,D0024,B004,CH004,67,40700,6.49
V001,L003,D0024,B004,CH004,48,35200,5.59
V001,L004,D0024,B004,CH004,67,42800,6.38
V001,L005,D0024,B004,CH004,74,42300,6.58
V001,L006,D0024,B004,CH004,69,44100,6.82
V001,L007,D0024,B004,CH004,87,44600,7.35
V001,L008,D0024,B004,CH004,88,42500,8.01
V001,L009,D0024,B004,CH004,76,40600,7.16
V001,L010,D0024,B004,CH004,66,41400,6.63
V002,L001,D0024,B006,CH004,43,36500,5.53
V002,L002,D0024,B006,CH004,85,47800,8.24
V002,L003,D0024,B006,CH004,53,40100,6.18
V002,L004,D0024,B006,CH004,87,50500,8.29
V002,L005,D0024,B006,CH004,84,51200,7.47
V002,L006,D0024,B006,CH004,81,45500,8.0
V002,L007,D0024,B006,CH004,93,55500,7.86
V002,L008,D0024,B006,CH004,83,51900,7.55
V002,L009,D0024,B006,CH004,78,49200,7.34
V002,L010,D0024,B006,CH004,74,47200,7.44
V003,L001,D0024,B003,CH003,53,23000,6.82
V003,L002,D0024,B003,CH003,64,29700,6.2
V003,L003,D0024,B003,CH003,55,26200,6.41
V003,L004,D0024,B003,CH003,79,30400,7.52
V003,L005,D0024,B003,CH003,72,32200,6.41
V003,L006,D0024,B003,CH003,72,29600,7.11
V003,L007,D0024,B003,CH003,83,31300,7.02
V003,L008,D0024,B003,CH003,75,32100,6.82
V003,L009,D0024,B003,CH003,80,29500,7.53
V003,L010,D0024,B003,CH003,60,30600,6.03
V004,L001,D0024,B006,CH004,67,29700,8.62
V004,L002,D0024,B006,CH004,75,45100,7.27
V004,L003,D0024,B006,CH004,60,34000,6.99
V004,L004,D0024,B006,CH004,74,44500,7.05
V004,L005,D0024,B006,CH004,84,42300,7.47
V004,L006,D0024,B006,CH004,68,39900,6.72
V004,L007,D0024,B006,CH004,91,48300,7.69
V004,L008,D0024,B006,CH004,71,44500,6.46
V004,L009,D0024,B006,CH004,76,42400,7.16
V004,L010,D0024,B006,CH004,80,40600,8.04
V005,L001,D0024,B007,CH004,44,33100,5.66
V005,L002,D0024,B007,CH004,54,51400,5.23
V005,L003,D0024,B007,CH004,58,38900,6.76
V005,L004,D0024,B007,CH004,60,51500,5.71
V005,L005,D0024,B007,CH004,74,50700,6.58
V005,L006,D0024,B007,CH004,54,45900,5.34
V005,L007,D0024,B007,CH004,57,51100,4.82
V005,L008,D0024,B007,CH004,62,51900,5.64
V005,L009,D0024,B007,CH004,54,50900,5.08
V005,L010,D0024,B007,CH004,56,50000,5.63
V006,L001,D0024,B003,CH003,52,24900,6.69
V006,L002,D0024,B003,CH003,58,35800,5.62
V006,L003,D0024,B003,CH003,58,29800,6.76
V006,L004,D0024,B003,CH003,54,35300,5.14
V006,L005,D0024,B003,CH003,66,38200,5.87
V006,L006,D0024,B003,CH003,77,36300,7.61
V006,L007,D0024,B003,CH003,59,37700,4.99
V006,L008,D0024,B003,CH003,71,36500,6.46
V006,L009,D0024,B003,CH003,72,34000,6.78
V006,L010,D0024,B003,CH003,57,33300,5.73
V007,L001,D0024,B007,CH004,40,33500,5.15
V007,L002,D0024,B007,CH004,59,48800,5.72
V007,L003,D0024,B007,CH004,59,38800,6.88
V007,L004,D0024,B007,CH004,62,48300,5.9
V007,L005,D0024,B007,CH004,53,48600,4.72
V007,L006,D0024,B007,CH004,59,45500,5.83
V007,L007,D0024,B007,CH004,72,48400,6.09
V007,L008,D0024,B007,CH004,69,50600,6.28
V007,L009,D0024,B007,CH004,59,49400,5.56
V007,L010,D0024,B007,CH004,62,45800,6.23
V008,L001,D0024,B002,CH003,32,16300,4.12
V008,L002,D0024,B002,CH003,58,22100,5.62
V008,L003,D0024,B002,CH003,46,18900,5.36
V008,L004,D0024,B002,CH003,57,22000,5.43
V008,L005,D0024,B002,CH003,56,23200,4.98
V008,L006,D0024,B002,CH003,45,20600,4.45
V008,L007,D0024,B002,CH003,56,22800,4.73
V008,L008,D0024,B002,CH003,68,24600,6.19
V008,L009,D0024,B002,CH003,55,21800,5.18
V008,L010,D0024,B002,CH003,49,21600,4.92
V009,L001,D0024,B003,CH003,49,22000,6.31
V009,L002,D0024,B003,CH003,57,31800,5.52
V009,L003,D0024,B003,CH003,35,25700,4.08
V009,L004,D0024,B003,CH003,44,29700,4.19
V009,L005,D0024,B003,CH003,49,32100,4.36
V009,L006,D0024,B003,CH003,54,30300,5.34
V009,L007,D0024,B003,CH003,57,31200,4.82
V009,L008,D0024,B003,CH003,56,30400,5.1
V009,L009,D0024,B003,CH003,56,29200,5.27
V009,L010,D0024,B003,CH003,48,31600,4.82
V010,L001,D0024,B007,CH004,29,46500,3.73
V010,L002,D0024,B007,CH004,35,58000,3.39
V010,L003,D0024,B007,CH004,42,48000,4.9
V010,L004,D0024,B007,CH004,37,60900,3.52
V010,L005,D0024,B007,CH004,41,58500,3.65
V010,L006,D0024,B007,CH004,31,60300,3.06
V010,L007,D0024,B007,CH004,51,67600,4.31
V010,L008,D0024,B007,CH004,43,66200,3.91
V010,L009,D0024,B007,CH004,42,60600,3.95
V010,L010,D0024,B007,CH004,49,60100,4.92
V011,L001,D0024,B005,CH003,34,37900,4.38
V011,L002,D0024,B005,CH003,37,56000,3.59
V011,L003,D0024,B005,CH003,28,45000,3.26
V011,L004,D0024,B005,CH003,31,58000,2.95
V011,L005,D0024,B005,CH003,44,54600,3.91
V011,L006,D0024,B005,CH003,34,54800,3.36
V011,L007,D0024,B005,CH003,27,61600,2.28
V011,L008,D0024,B005,CH003,40,61300,3.64
V011,L009,D0024,B005,CH003,31,54300,2.92
V011,L010,D0024,B005,CH003,33,51600,3.32
V012,L001,D0024,B006,CH003,48,32000,6.18
V012,L002,D0024,B006,CH003,59,45300,5.72
V012,L003,D0024,B006,CH003,49,37700,5.71
V012,L004,D0024,B006,CH003,68,49600,6.48
V012,L005,D0024,B006,CH003,60,48500,5.34
V012,L006,D0024,B006,CH003,54,47100,5.34
V012,L007,D0024,B006,CH003,62,46700,5.24
V012,L008,D0024,B006,CH003,53,48600,4.82
V012,L009,D0024,B006,CH003,53,47000,4.99
V012,L010,D0024,B006,CH003,58,45200,5.83
V013,L001,D0024,B001,CH002,35,22600,4.5
V013,L002,D0024,B001,CH002,52,30500,5.04
V013,L003,D0024,B001,CH002,41,27900,4.78
V013,L004,D0024,B001,CH002,33,32000,3.14
V013,L005,D0024,B001,CH002,54,31800,4.8
V013,L006,D0024,B001,CH002,54,30700,5.34
V013,L007,D0024,B001,CH002,48,33500,4.06
V013,L008,D0024,B001,CH002,40,32400,3.64
V013,L009,D0024,B001,CH002,43,33800,4.05
V013,L010,D0024,B001,CH002,41,31300,4.12
V014,L001,D0024,B004,CH003,26,28400,3.35
V014,L002,D0024,B004,CH003,44,41400,4.26
V014,L003,D0024,B004,CH003,31,32700,3.61
V014,L004,D0024,B004,CH003,43,40900,4.1
V014,L005,D0024,B004,CH003,46,43500,4.09
V014,L006,D0024,B004,CH003,42,39300,4.15
V014,L007,D0024,B004,CH003,55,45900,4.65
V014,L008,D0024,B004,CH003,46,41700,4.19
V014,L009,D0024,B004,CH003,46,41200,4.33
V014,L010,D0024,B004,CH003,51,39200,5.13
V015,L001,D0024,B002,CH004,26,25200,3.35
V015,L002,D0024,B002,CH004,29,37200,2.81
V015,L003,D0024,B002,CH004,26,30400,3.03
V015,L004,D0024,B002,CH004,42,39800,4.0
V015,L005,D0024,B002,CH004,31,35100,2.76
V015,L006,D0024,B002,CH004,40,35100,3.95
V015,L007,D0024,B002,CH004,47,40400,3.97
V015,L008,D0024,B002,CH004,47,37800,4.28
V015,L009,D0024,B002,CH004,34,35100,3.2
V015,L010,D0024,B002,CH004,29,36800,2.91
V016,L001,D0024,B008,CH004,36,36700,4.63
V016,L002,D0024,B008,CH004,38,54300,3.68
V016,L003,D0024,B008,CH004,40,45300,4.66
V016,L004,D0024,B008,CH004,43,52700,4.1
V016,L005,D0024,B008,CH004,46,51200,4.09
V016,L006,D0024,B008,CH004,43,54000,4.25
V016,L007,D0024,B008,CH004,57,57200,4.82
V016,L008,D0024,B008,CH004,46,51800,4.19
V016,L009,D0024,B008,CH004,54,54100,5.08
V016,L010,D0024,B008,CH004,27,54000,2.71
V017,L001,D0024,B010,CH004,14,71500,1.8
V017,L002,D0024,B010,CH004,17,96800,1.65
V017,L003,D0024,B010,CH004,12,78700,1.4
V017,L004,D0024,B010,CH004,22,102400,2.1
V017,L005,D0024,B010,CH004,19,102800,1.69
V017,L006,D0024,B010,CH004,18,93100,1.78
V017,L007,D0024,B010,CH004,24,99000,2.03
V017,L008,D0024,B010,CH004,22,98800,2.0
V017,L009,D0024,B010,CH004,26,100600,2.45
V017,L010,D0024,B010,CH004,24,93800,2.41
V018,L001,D0024,B004,CH002,37,25200,4.76
V018,L002,D0024,B004,CH002,53,32800,5.14
V018,L003,D0024,B004,CH002,38,27100,4.43
V018,L004,D0024,B004,CH002,54,34200,5.14
V018,L005,D0024,B004,CH002,56,33700,4.98
V018,L006,D0024,B004,CH002,44,33800,4.35
V018,L007,D0024,B004,CH002,51,34600,4.31
V018,L008,D0024,B004,CH002,27,34200,2.46
V018,L009,D0024,B004,CH002,46,31900,4.33
V018,L010,D0024,B004,CH002,49,31100,4.92
V019,L001,D0024,B005,CH002,23,30600,2.96
V019,L002,D0024,B005,CH002,25,43900,2.42
V019,L003,D0024,B005,CH002,24,34800,2.8
V019,L004,D0024,B005,CH002,23,45100,2.19
V019,L005,D0024,B005,CH002,36,44700,3.2
V019,L006,D0024,B005,CH002,23,42800,2.27
V019,L007,D0024,B005,CH002,32,48100,2.7
V019,L008,D0024,B005,CH002,32,43600,2.91
V019,L009,D0024,B005,CH002,33,41500,3.11
V019,L010,D0024,B005,CH002,27,44200,2.71
V020,L001,D0024,B003,CH002,39,26900,5.02
V020,L002,D0024,B003,CH002,66,39500,6.4
V020,L003,D0024,B003,CH002,55,32300,6.41
V020,L004,D0024,B003,CH002,70,40900,6.67
V020,L005,D0024,B003,CH002,79,38900,7.03
V020,L006,D0024,B003,CH002,50,35700,4.94
V020,L007,D0024,B003,CH002,74,40300,6.26
V020,L008,D0024,B003,CH002,60,38200,5.46
V020,L009,D0024,B003,CH002,48,40400,4.52
V020,L010,D0024,B003,CH002,55,36500,5.53
V001,L001,D0025,B004,CH004,58,32900,7.4
V001,L002,D0025,B004,CH004,79,44400,7.68
V001,L003,D0025,B004,CH004,62,36200,7.21
V001,L004,D0025,B004,CH004,71,43900,6.79
V001,L005,D0025,B004,CH004,80,42200,7.54
V001,L006,D0025,B004,CH004,94,43000,9.03
V001,L007,D0025,B004,CH004,97,44400,8.49
V001,L008,D0025,B004,CH004,65,45100,6.39
V001,L009,D0025,B004,CH004,80,45000,7.81
V001,L010,D0025,B004,CH004,88,42200,8.45
V002,L001,D0025,B006,CH004,56,35700,7.14
V002,L002,D0025,B006,CH004,73,49300,7.1
V002,L003,D0025,B006,CH004,61,39700,7.09
V002,L004,D0025,B006,CH004,72,50600,6.88
V002,L005,D0025,B006,CH004,70,48900,6.6
V002,L006,D0025,B006,CH004,86,46600,8.26
V002,L007,D0025,B006,CH004,91,55000,7.96
V002,L008,D0025,B006,CH004,74,54400,7.28
V002,L009,D0025,B006,CH004,70,46800,6.84
V002,L010,D0025,B006,CH004,87,49400,8.36
V003,L001,D0025,B003,CH003,68,22900,8.67
V003,L002,D0025,B003,CH003,71,31900,6.91
V003,L003,D0025,B003,CH003,59,26400,6.86
V003,L004,D0025,B003,CH003,93,32200,8.89
V003,L005,D0025,B003,CH003,67,30800,6.31
V003,L006,D0025,B003,CH003,62,29100,5.96
V003,L007,D0025,B003,CH003,82,32900,7.17
V003,L008,D0025,B003,CH003,63,32500,6.19
V003,L009,D0025,B003,CH003,71,32300,6.93
V003,L010,D0025,B003,CH003,64,28900,6.15
V004,L001,D0025,B006,CH004,53,31500,6.76
V004,L002,D0025,B006,CH004,65,43300,6.32
V004,L003,D0025,B006,CH004,69,34900,8.02
V004,L004,D0025,B006,CH004,69,45600,6.6
V004,L005,D0025,B006,CH004,76,45800,7.16
V004,L006,D0025,B006,CH004,78,41900,7.49
V004,L007,D0025,B006,CH004,83,44400,7.26
V004,L008,D0025,B006,CH004,67,47200,6.59
V004,L009,D0025,B006,CH004,72,41100,7.03
V004,L010,D0025,B006,CH004,71,42800,6.82
V005,L001,D0025,B007,CH004,53,34700,6.76
V005,L002,D0025,B007,CH004,55,51200,5.35
V005,L003,D0025,B007,CH004,49,39300,5.7
V005,L004,D0025,B007,CH004,54,49200,5.16
V005,L005,D0025,B007,CH004,65,50900,6.13
V005,L006,D0025,B007,CH004,68,46300,6.53
V005,L007,D0025,B007,CH004,67,50600,5.86
V005,L008,D0025,B007,CH004,77,48900,7.57
V005,L009,D0025,B007,CH004,78,52300,7.62
V005,L010,D0025,B007,CH004,67,50000,6.44
V006,L001,D0025,B003,CH003,42,25000,5.36
V006,L002,D0025,B003,CH003,57,34200,5.54
V006,L003,D0025,B003,CH003,54,28000,6.28
V006,L004,D0025,B003,CH003,70,35700,6.69
V006,L005,D0025,B003,CH003,60,38800,5.66
V006,L006,D0025,B003,CH003,88,36500,8.45
V006,L007,D0025,B003,CH003,58,39400,5.07
V006,L008,D0025,B003,CH003,56,35900,5.51
V006,L009,D0025,B003,CH003,56,36300,5.47
V006,L010,D0025,B003,CH003,60,36100,5.76
V007,L001,D0025,B007,CH004,40,35100,5.1
V007,L002,D0025,B007,CH004,73,48600,7.1
V007,L003,D0025,B007,CH004,46,39200,5.35
V007,L004,D0025,B007,CH004,58,51700,5.54
V007,L005,D0025,B007,CH004,64,48900,6.03
V007,L006,D0025,B007,CH004,55,47100,5.28
V007,L007,D0025,B007,CH004,70,50400,6.12
V007,L008,D0025,B007,CH004,63,47600,6.19
V007,L009,D0025,B007,CH004,54,49900,5.27
V007,L010,D0025,B007,CH004,46,48300,4.42
V008,L001,D0025,B002,CH003,33,15600,4.21
V008,L002,D0025,B002,CH003,48,22300,4.67
V008,L003,D0025,B002,CH003,43,18000,5.0
V008,L004,D0025,B002,CH003,54,22300,5.16
V008,L005,D0025,B002,CH003,59,22800,5.56
V008,L006,D0025,B002,CH003,41,21100,3.94
V008,L007,D0025,B002,CH003,62,24300,5.42
V008,L008,D0025,B002,CH003,52,23500,5.11
V008,L009,D0025,B002,CH003,52,21400,5.08
V008,L010,D0025,B002,CH003,54,21500,5.19
V009,L001,D0025,B003,CH003,40,21600,5.1
V009,L002,D0025,B003,CH003,67,30100,6.52
V009,L003,D0025,B003,CH003,39,26300,4.53
V009,L004,D0025,B003,CH003,55,33200,5.26
V009,L005,D0025,B003,CH003,53,31600,5.0
V009,L006,D0025,B003,CH003,45,28600,4.32
V009,L007,D0025,B003,CH003,48,32000,4.2
V009,L008,D0025,B003,CH003,53,31800,5.21
V009,L009,D0025,B003,CH003,42,31600,4.1
V009,L010,D0025,B003,CH003,56,29900,5.38
V010,L001,D0025,B007,CH004,28,43600,3.57
V010,L002,D0025,B007,CH004,28,63400,2.72
V010,L003,D0025,B007,CH004,25,53500,2.91
V010,L004,D0025,B007,CH004,30,66400,2.87
V010,L005,D0025,B007,CH004,40,60100,3.77
V010,L006,D0025,B007,CH004,32,60500,3.07
V010,L007,D0025,B007,CH004,44,67400,3.85
V010,L008,D0025,B007,CH004,28,64800,2.75
V010,L009,D0025,B007,CH004,33,58100,3.22
V010,L010,D0025,B007,CH004,32,59700,3.07
V011,L001,D0025,B005,CH003,34,40700,4.34
V011,L002,D0025,B005,CH003,37,54800,3.6
V011,L003,D0025,B005,CH003,30,46500,3.49
V011,L004,D0025,B005,CH003,27,61200,2.58
V011,L005,D0025,B005,CH003,27,59200,2.54
V011,L006,D0025,B005,CH003,25,56900,2.4
V011,L007,D0025,B005,CH003,39,64400,3.41
V011,L008,D0025,B005,CH003,31,61500,3.05
V011,L009,D0025,B005,CH003,41,57000,4.0
V011,L010,D0025,B005,CH003,40,53800,3.84
V012,L001,D0025,B006,CH003,39,33600,4.97
V012,L002,D0025,B006,CH003,52,45500,5.06
V012,L003,D0025,B006,CH003,40,38300,4.65
V012,L004,D0025,B006,CH003,58,50600,5.54
V012,L005,D0025,B006,CH003,66,50000,6.22
V012,L006,D0025,B006,CH003,56,43800,5.38
V012,L007,D0025,B006,CH003,49,49600,4.29
V012,L008,D0025,B006,CH003,52,45400,5.11
V012,L009,D0025,B006,CH003,49,44500,4.79
V012,L010,D0025,B006,CH003,56,45300,5.38
V013,L001,D0025,B001,CH002,36,24100,4.59
V013,L002,D0025,B001,CH002,50,34800,4.86
V013,L003,D0025,B001,CH002,38,27800,4.42
V013,L004,D0025,B001,CH002,48,32700,4.59
V013,L005,D0025,B001,CH002,47,31600,4.43
V013,L006,D0025,B001,CH002,42,30400,4.03
V013,L007,D0025,B001,CH002,48,35000,4.2
V013,L008,D0025,B001,CH002,49,34600,4.82
V013,L009,D0025,B001,CH002,49,31200,4.79
V013,L010,D0025,B001,CH002,41,32600,3.94
V014,L001,D0025,B004,CH003,28,31400,3.57
V014,L002,D0025,B004,CH003,44,43000,4.28
V014,L003,D0025,B004,CH003,40,32900,4.65
V014,L004,D0025,B004,CH003,39,40400,3.73
V014,L005,D0025,B004,CH003,50,44300,4.71
V014,L006,D0025,B004,CH003,43,39300,4.13
V014,L007,D0025,B004,CH003,53,46200,4.64
V014,L008,D0025,B004,CH003,43,41000,4.23
V014,L009,D0025,B004,CH003,43,40900,4.2
V014,L010,D0025,B004,CH003,48,39100,4.61
V015,L001,D0025,B002,CH004,20,26900,2.55
V015,L002,D0025,B002,CH004,41,38200,3.99
V015,L003,D0025,B002,CH004,35,31500,4.07
V015,L004,D0025,B002,CH004,51,37300,4.88
V015,L005,D0025,B002,CH004,36,37700,3.39
V015,L006,D0025,B002,CH004,42,37800,4.03
V015,L007,D0025,B002,CH004,35,38200,3.06
V015,L008,D0025,B002,CH004,47,36800,4.62
V015,L009,D0025,B002,CH004,36,39300,3.52
V015,L010,D0025,B002,CH004,36,36200,3.46
V016,L001,D0025,B008,CH004,42,38000,5.36
V016,L002,D0025,B008,CH004,40,53600,3.89
V016,L003,D0025,B008,CH004,36,43800,4.19
V016,L004,D0025,B008,CH004,53,54100,5.07
V016,L005,D0025,B008,CH004,50,56600,4.71
V016,L006,D0025,B008,CH004,36,52800,3.46
V016,L007,D0025,B008,CH004,46,60900,4.02
V016,L008,D0025,B008,CH004,42,55500,4.13
V016,L009,D0025,B008,CH004,53,56100,5.18
V016,L010,D0025,B008,CH004,44,49800,4.23
V017,L001,D0025,B010,CH004,15,73800,1.91
V017,L002,D0025,B010,CH004,18,101000,1.75
V017,L003,D0025,B010,CH004,13,77500,1.51
V017,L004,D0025,B010,CH004,15,103400,1.43
V017,L005,D0025,B010,CH004,22,99500,2.07
V017,L006,D0025,B010,CH004,16,94500,1.54
V017,L007,D0025,B010,CH004,25,109700,2.19
V017,L008,D0025,B010,CH004,19,99900,1.87
V017,L009,D0025,B010,CH004,18,100000,1.76
V017,L010,D0025,B010,CH004,15,98100,1.44
V018,L001,D0025,B004,CH002,27,23600,3.44
V018,L002,D0025,B004,CH002,47,34000,4.57
V018,L003,D0025,B004,CH002,50,28700,5.81
V018,L004,D0025,B004,CH002,48,34700,4.59
V018,L005,D0025,B004,CH002,45,36200,4.24
V018,L006,D0025,B004,CH002,56,35200,5.38
V018,L007,D0025,B004,CH002,50,37600,4.37
V018,L008,D0025,B004,CH002,39,36500,3.83
V018,L009,D0025,B004,CH002,42,33600,4.1
V018,L010,D0025,B004,CH002,52,33600,5.0
V019,L001,D0025,B005,CH002,22,32200,2.81
V019,L002,D0025,B005,CH002,29,45000,2.82
V019,L003,D0025,B005,CH002,18,34300,2.09
V019,L004,D0025,B005,CH002,19,42000,1.82
V019,L005,D0025,B005,CH002,27,46200,2.54
V019,L006,D0025,B005,CH002,26,42300,2.5
V019,L007,D0025,B005,CH002,31,47000,2.71
V019,L008,D0025,B005,CH002,36,43400,3.54
V019,L009,D0025,B005,CH002,28,43600,2.73
V019,L010,D0025,B005,CH002,30,44100,2.88
V020,L001,D0025,B003,CH002,50,29700,6.38
V020,L002,D0025,B003,CH002,54,40100,5.25
V020,L003,D0025,B003,CH002,53,31900,6.16
V020,L004,D0025,B003,CH002,62,41000,5.93
V020,L005,D0025,B003,CH002,57,41600,5.37
V020,L006,D0025,B003,CH002,50,39400,4.8
V020,L007,D0025,B003,CH002,65,42000,5.69
V020,L008,D0025,B003,CH002,61,40500,6.0
V020,L009,D0025,B003,CH002,57,38600,5.57
V020,L010,D0025,B003,CH002,54,38400,5.19
V001,L001,D0026,B004,CH004,70,32200,8.57
V001,L002,D0026,B004,CH004,77,40800,7.79
V001,L003,D0026,B004,CH004,77,35300,9.17
V001,L004,D0026,B004,CH004,70,44500,6.46
V001,L005,D0026,B004,CH004,72,44400,6.58
V001,L006,D0026,B004,CH004,86,41300,7.85
V001,L007,D0026,B004,CH004,69,44500,6.19
V001,L008,D0026,B004,CH004,77,46200,6.75
V001,L009,D0026,B004,CH004,84,43800,7.96
V001,L010,D0026,B004,CH004,83,40100,7.89
V002,L001,D0026,B006,CH004,71,33500,8.69
V002,L002,D0026,B006,CH004,57,50700,5.77
V002,L003,D0026,B006,CH004,55,39400,6.55
V002,L004,D0026,B006,CH004,81,48200,7.47
V002,L005,D0026,B006,CH004,85,50300,7.76
V002,L006,D0026,B006,CH004,74,51400,6.75
V002,L007,D0026,B006,CH004,71,53800,6.37
V002,L008,D0026,B006,CH004,90,50800,7.89
V002,L009,D0026,B006,CH004,81,47900,7.68
V002,L010,D0026,B006,CH004,62,49200,5.89
V003,L001,D0026,B003,CH003,53,21400,6.49
V003,L002,D0026,B003,CH003,69,29600,6.98
V003,L003,D0026,B003,CH003,53,23900,6.31
V003,L004,D0026,B003,CH003,81,31000,7.47
V003,L005,D0026,B003,CH003,71,30500,6.48
V003,L006,D0026,B003,CH003,76,28600,6.93
V003,L007,D0026,B003,CH003,75,34300,6.73
V003,L008,D0026,B003,CH003,73,33900,6.4
V003,L009,D0026,B003,CH003,80,29600,7.58
V003,L010,D0026,B003,CH003,68,29600,6.46
V004,L001,D0026,B006,CH004,75,32000,9.18
V004,L002,D0026,B006,CH004,62,45700,6.28
V004,L003,D0026,B006,CH004,52,36000,6.19
V004,L004,D0026,B006,CH004,76,42200,7.01
V004,L005,D0026,B006,CH004,89,44100,8.13
V004,L006,D0026,B006,CH004,78,44300,7.12
V004,L007,D0026,B006,CH004,81,46000,7.27
V004,L008,D0026,B006,CH004,79,47600,6.92
V004,L009,D0026,B006,CH004,77,45600,7.3
V004,L010,D0026,B006,CH004,83,43800,7.89
V005,L001,D0026,B007,CH004,53,34600,6.49
V005,L002,D0026,B007,CH004,72,49200,7.29
V005,L003,D0026,B007,CH004,47,39200,5.6
V005,L004,D0026,B007,CH004,64,53400,5.9
V005,L005,D0026,B007,CH004,65,52900,5.94
V005,L006,D0026,B007,CH004,63,45800,5.75
V005,L007,D0026,B007,CH004,62,53900,5.57
V005,L008,D0026,B007,CH004,71,49200,6.22
V005,L009,D0026,B007,CH004,56,46900,5.31
V005,L010,D0026,B007,CH004,71,50900,6.75
V006,L001,D0026,B003,CH003,35,25200,4.28
V006,L002,D0026,B003,CH003,66,37200,6.68
V006,L003,D0026,B003,CH003,55,30600,6.55
V006,L004,D0026,B003,CH003,64,38700,5.9
V006,L005,D0026,B003,CH003,68,36400,6.21
V006,L006,D0026,B003,CH003,65,36900,5.93
V006,L007,D0026,B003,CH003,67,38600,6.01
V006,L008,D0026,B003,CH003,57,39100,5.0
V006,L009,D0026,B003,CH003,64,37000,6.07
V006,L010,D0026,B003,CH003,58,34400,5.51
V007,L001,D0026,B007,CH004,54,33600,6.61
V007,L002,D0026,B007,CH004,55,49400,5.57
V007,L003,D0026,B007,CH004,50,41100,5.95
V007,L004,D0026,B007,CH004,62,51700,5.72
V007,L005,D0026,B007,CH004,64,47600,5.84
V007,L006,D0026,B007,CH004,81,44300,7.39
V007,L007,D0026,B007,CH004,75,48200,6.73
V007,L008,D0026,B007,CH004,68,48800,5.96
V007,L009,D0026,B007,CH004,46,49100,4.36
V007,L010,D0026,B007,CH004,59,47500,5.61
V008,L001,D0026,B002,CH003,42,15700,5.14
V008,L002,D0026,B002,CH003,57,22500,5.77
V008,L003,D0026,B002,CH003,34,18600,4.05
V008,L004,D0026,B002,CH003,59,22000,5.44
V008,L005,D0026,B002,CH003,66,22000,6.03
V008,L006,D0026,B002,CH003,72,21000,6.57
V008,L007,D0026,B002,CH003,42,23100,3.77
V008,L008,D0026,B002,CH003,66,23700,5.78
V008,L009,D0026,B002,CH003,61,22300,5.78
V008,L010,D0026,B002,CH003,66,22500,6.27
V009,L001,D0026,B003,CH003,29,21200,3.55
V009,L002,D0026,B003,CH003,47,31600,4.76
V009,L003,D0026,B003,CH003,50,24300,5.95
V009,L004,D0026,B003,CH003,64,31600,5.9
V009,L005,D0026,B003,CH003,49,33000,4.47
V009,L006,D0026,B003,CH003,50,28800,4.56
V009,L007,D0026,B003,CH003,58,31800,5.21
V009,L008,D0026,B003,CH003,63,32700,5.52
V009,L009,D0026,B003,CH003,48,31500,4.55
V009,L010,D0026,B003,CH003,64,29100,6.08
V010,L001,D0026,B007,CH004,32,44600,3.92
V010,L002,D0026,B007,CH004,30,61100,3.04
V010,L003,D0026,B007,CH004,33,48600,3.93
V010,L004,D0026,B007,CH004,44,63700,4.06
V010,L005,D0026,B007,CH004,43,61800,3.93
V010,L006,D0026,B007,CH004,31,57900,2.83
V010,L007,D0026,B007,CH004,44,63500,3.95
V010,L008,D0026,B007,CH004,42,63100,3.68
V010,L009,D0026,B007,CH004,44,65000,4.17
V010,L010,D0026,B007,CH004,37,61500,3.52
V011,L001,D0026,B005,CH003,24,42000,2.94
V011,L002,D0026,B005,CH003,36,58600,3.64
V011,L003,D0026,B005,CH003,32,44100,3.81
V011,L004,D0026,B005,CH003,40,61700,3.69
V011,L005,D0026,B005,CH003,41,60600,3.74
V011,L006,D0026,B005,CH003,38,55700,3.47
V011,L007,D0026,B005,CH003,39,63500,3.5
V011,L008,D0026,B005,CH003,47,62000,4.12
V011,L009,D0026,B005,CH003,32,57700,3.03
V011,L010,D0026,B005,CH003,43,56400,4.09
V012,L001,D0026,B006,CH003,48,34700,5.88
V012,L002,D0026,B006,CH003,47,48300,4.76
V012,L003,D0026,B006,CH003,36,37900,4.29
V012,L004,D0026,B006,CH003,71,47600,6.55
V012,L005,D0026,B006,CH003,47,45400,4.29
V012,L006,D0026,B006,CH003,60,43000,5.47
V012,L007,D0026,B006,CH003,67,48000,6.01
V012,L008,D0026,B006,CH003,42,49200,3.68
V012,L009,D0026,B006,CH003,51,47300,4.83
V012,L010,D0026,B006,CH003,45,43000,4.28
V013,L001,D0026,B001,CH002,37,23000,4.53
V013,L002,D0026,B001,CH002,44,32300,4.45
V013,L003,D0026,B001,CH002,41,26700,4.88
V013,L004,D0026,B001,CH002,58,35000,5.35
V013,L005,D0026,B001,CH002,55,32000,5.02
V013,L006,D0026,B001,CH002,37,33500,3.38
V013,L007,D0026,B001,CH002,53,35300,4.76
V013,L008,D0026,B001,CH002,55,36300,4.82
V013,L009,D0026,B001,CH002,46,31300,4.36
V013,L010,D0026,B001,CH002,53,30600,5.04
V014,L001,D0026,B004,CH003,31,29700,3.79
V014,L002,D0026,B004,CH003,36,40000,3.64
V014,L003,D0026,B004,CH003,32,32200,3.81
V014,L004,D0026,B004,CH003,28,40900,2.58
V014,L005,D0026,B004,CH003,51,41000,4.66
V014,L006,D0026,B004,CH003,31,38300,2.83
V014,L007,D0026,B004,CH003,60,45900,5.39
V014,L008,D0026,B004,CH003,47,41800,4.12
V014,L009,D0026,B004,CH003,33,43400,3.13
V014,L010,D0026,B004,CH003,54,38100,5.13
V015,L001,D0026,B002,CH004,23,25900,2.82
V015,L002,D0026,B002,CH004,38,37300,3.85
V015,L003,D0026,B002,CH004,32,31200,3.81
V015,L004,D0026,B002,CH004,31,37300,2.86
V015,L005,D0026,B002,CH004,40,37300,3.65
V015,L006,D0026,B002,CH004,49,35900,4.47
V015,L007,D0026,B002,CH004,40,39200,3.59
V015,L008,D0026,B002,CH004,38,37400,3.33
V015,L009,D0026,B002,CH004,42,37100,3.98
V015,L010,D0026,B002,CH004,32,35200,3.04
V016,L001,D0026,B008,CH004,30,39100,3.67
V016,L002,D0026,B008,CH004,55,56000,5.57
V016,L003,D0026,B008,CH004,36,45700,4.29
V016,L004,D0026,B008,CH004,41,54800,3.78
V016,L005,D0026,B008,CH004,41,51700,3.74
V016,L006,D0026,B008,CH004,47,49900,4.29
V016,L007,D0026,B008,CH004,45,57200,4.04
V016,L008,D0026,B008,CH004,53,58500,4.65
V016,L009,D0026,B008,CH004,41,50600,3.89
V016,L010,D0026,B008,CH004,39,52200,3.71
V017,L001,D0026,B010,CH004,7,72700,0.86
V017,L002,D0026,B010,CH004,11,95300,1.11
V017,L003,D0026,B010,CH004,14,84100,1.67
V017,L004,D0026,B010,CH004,17,102300,1.57
V017,L005,D0026,B010,CH004,18,103800,1.64
V017,L006,D0026,B010,CH004,21,98700,1.92
V017,L007,D0026,B010,CH004,19,103400,1.71
V017,L008,D0026,B010,CH004,18,98100,1.58
V017,L009,D0026,B010,CH004,16,92700,1.52
V017,L010,D0026,B010,CH004,14,96900,1.33
V018,L001,D0026,B004,CH002,42,24200,5.14
V018,L002,D0026,B004,CH002,51,32900,5.16
V018,L003,D0026,B004,CH002,44,26400,5.24
V018,L004,D0026,B004,CH002,41,36000,3.78
V018,L005,D0026,B004,CH002,41,32900,3.74
V018,L006,D0026,B004,CH002,31,31700,2.83
V018,L007,D0026,B004,CH002,49,38800,4.4
V018,L008,D0026,B004,CH002,47,34000,4.12
V018,L009,D0026,B004,CH002,55,32100,5.21
V018,L010,D0026,B004,CH002,43,33900,4.09
V019,L001,D0026,B005,CH002,15,31300,1.84
V019,L002,D0026,B005,CH002,23,41600,2.33
V019,L003,D0026,B005,CH002,19,34200,2.26
V019,L004,D0026,B005,CH002,31,45200,2.86
V019,L005,D0026,B005,CH002,32,45300,2.92
V019,L006,D0026,B005,CH002,29,41900,2.65
V019,L007,D0026,B005,CH002,34,46200,3.05
V019,L008,D0026,B005,CH002,31,42900,2.72
V019,L009,D0026,B005,CH002,31,40900,2.94
V019,L010,D0026,B005,CH002,28,42200,2.66
V020,L001,D0026,B003,CH002,46,27100,5.63
V020,L002,D0026,B003,CH002,55,37600,5.57
V020,L003,D0026,B003,CH002,48,33500,5.71
V020,L004,D0026,B003,CH002,61,38800,5.63
V020,L005,D0026,B003,CH002,57,39400,5.21
V020,L006,D0026,B003,CH002,77,39300,7.03
V020,L007,D0026,B003,CH002,64,40000,5.75
V020,L008,D0026,B003,CH002,77,39300,6.75
V020,L009,D0026,B003,CH002,67,39400,6.35
V020,L010,D0026,B003,CH002,50,38200,4.75
V001,L001,D0027,B004,CH004,67,32400,8.22
V001,L002,D0027,B004,CH004,94,40900,8.27
V001,L003,D0027,B004,CH004,74,36500,7.99
V001,L004,D0027,B004,CH004,81,45500,7.4
V001,L005,D0027,B004,CH004,98,43400,8.53
V001,L006,D0027,B004,CH004,75,41000,6.63
V001,L007,D0027,B004,CH004,85,44600,6.71
V001,L008,D0027,B004,CH004,89,45600,8.06
V001,L009,D0027,B004,CH004,77,42000,6.75
V001,L010,D0027,B004,CH004,59,44900,5.19
V002,L001,D0027,B006,CH004,72,36700,8.83
V002,L002,D0027,B006,CH004,102,48400,8.97
V002,L003,D0027,B006,CH004,68,38900,7.34
V002,L004,D0027,B006,CH004,84,51500,7.68
V002,L005,D0027,B006,CH004,63,47800,5.48
V002,L006,D0027,B006,CH004,75,48700,6.63
V002,L007,D0027,B006,CH004,110,52900,8.69
V002,L008,D0027,B006,CH004,93,52800,8.42
V002,L009,D0027,B006,CH004,91,46500,7.98
V002,L010,D0027,B006,CH004,87,48700,7.65
V003,L001,D0027,B003,CH003,45,23400,5.52
V003,L002,D0027,B003,CH003,72,29800,6.33
V003,L003,D0027,B003,CH003,67,24900,7.24
V003,L004,D0027,B003,CH003,72,30200,6.58
V003,L005,D0027,B003,CH003,80,31500,6.96
V003,L006,D0027,B003,CH003,72,31600,6.37
V003,L007,D0027,B003,CH003,82,33100,6.48
V003,L008,D0027,B003,CH003,59,31300,5.34
V003,L009,D0027,B003,CH003,66,31900,5.79
V003,L010,D0027,B003,CH003,65,31100,5.72
V004,L001,D0027,B006,CH004,50,30700,6.13
V004,L002,D0027,B006,CH004,75,45400,6.6
V004,L003,D0027,B006,CH004,53,34300,5.72
V004,L004,D0027,B006,CH004,82,45500,7.5
V004,L005,D0027,B006,CH004,92,43000,8.01
V004,L006,D0027,B006,CH004,80,42200,7.07
V004,L007,D0027,B006,CH004,91,46300,7.19
V004,L008,D0027,B006,CH004,72,42400,6.52
V004,L009,D0027,B006,CH004,80,42000,7.02
V004,L010,D0027,B006,CH004,62,43400,5.45
V005,L001,D0027,B007,CH004,38,37000,4.66
V005,L002,D0027,B007,CH004,63,47900,5.54
V005,L003,D0027,B007,CH004,60,38800,6.48
V005,L004,D0027,B007,CH004,56,53600,5.12
V005,L005,D0027,B007,CH004,76,50000,6.61
V005,L006,D0027,B007,CH004,63,48800,5.57
V005,L007,D0027,B007,CH004,81,53200,6.4
V005,L008,D0027,B007,CH004,58,53700,5.25
V005,L009,D0027,B007,CH004,64,49300,5.61
V005,L010,D0027,B007,CH004,72,46100,6.33
V006,L001,D0027,B003,CH003,63,25100,7.73
V006,L002,D0027,B003,CH003,63,36300,5.54
V006,L003,D0027,B003,CH003,52,30500,5.62
V006,L004,D0027,B003,CH003,53,37200,4.84
V006,L005,D0027,B003,CH003,59,35700,5.13
V006,L006,D0027,B003,CH003,65,37300,5.75
V006,L007,D0027,B003,CH003,75,37800,5.92
V006,L008,D0027,B003,CH003,58,39000,5.25
V006,L009,D0027,B003,CH003,63,35500,5.53
V006,L010,D0027,B003,CH003,75,36300,6.6
V007,L001,D0027,B007,CH004,47,33400,5.77
V007,L002,D0027,B007,CH004,63,50000,5.54
V007,L003,D0027,B007,CH004,56,36700,6.05
V007,L004,D0027,B007,CH004,62,51500,5.67
V007,L005,D0027,B007,CH004,70,47400,6.09
V007,L006,D0027,B007,CH004,62,44100,5.48
V007,L007,D0027,B007,CH004,67,51600,5.29
V007,L008,D0027,B007,CH004,70,46400,6.34
V007,L009,D0027,B007,CH004,74,44800,6.49
V007,L010,D0027,B007,CH004,75,46800,6.6
V008,L001,D0027,B002,CH003,43,17200,5.28
V008,L002,D0027,B002,CH003,67,21400,5.89
V008,L003,D0027,B002,CH003,50,18700,5.4
V008,L004,D0027,B002,CH003,47,24000,4.3
V008,L005,D0027,B002,CH003,62,21700,5.4
V008,L006,D0027,B002,CH003,82,23500,7.25
V008,L007,D0027,B002,CH003,70,24000,5.53
V008,L008,D0027,B002,CH003,60,24300,5.43
V008,L009,D0027,B002,CH003,64,22700,5.61
V008,L010,D0027,B002,CH003,60,22700,5.28
V009,L001,D0027,B003,CH003,37,22200,4.54
V009,L002,D0027,B003,CH003,57,29800,5.01
V009,L003,D0027,B003,CH003,41,26100,4.43
V009,L004,D0027,B003,CH003,65,31400,5.94
V009,L005,D0027,B003,CH003,72,32000,6.27
V009,L006,D0027,B003,CH003,58,32100,5.13
V009,L007,D0027,B003,CH003,74,34900,5.85
V009,L008,D0027,B003,CH003,50,30600,4.53
V009,L009,D0027,B003,CH003,48,31400,4.21
V009,L010,D0027,B003,CH003,55,28900,4.84
V010,L001,D0027,B007,CH004,28,42400,3.44
V010,L002,D0027,B007,CH004,43,64500,3.78
V010,L003,D0027,B007,CH004,30,48300,3.24
V010,L004,D0027,B007,CH004,46,67000,4.2
V010,L005,D0027,B007,CH004,42,60800,3.66
V010,L006,D0027,B007,CH004,35,62400,3.09
V010,L007,D0027,B007,CH004,39,67900,3.08
V010,L008,D0027,B007,CH004,43,64600,3.89
V010,L009,D0027,B007,CH004,37,65000,3.25
V010,L010,D0027,B007,CH004,41,62900,3.61
V011,L001,D0027,B005,CH003,21,40400,2.58
V011,L002,D0027,B005,CH003,43,53500,3.78
V011,L003,D0027,B005,CH003,24,47300,2.59
V011,L004,D0027,B005,CH003,39,55100,3.56
V011,L005,D0027,B005,CH003,30,60300,2.61
V011,L006,D0027,B005,CH003,37,53700,3.27
V011,L007,D0027,B005,CH003,44,57800,3.48
V011,L008,D0027,B005,CH003,40,61500,3.62
V011,L009,D0027,B005,CH003,32,58500,2.81
V011,L010,D0027,B005,CH003,38,57900,3.34
V012,L001,D0027,B006,CH003,41,34900,5.03
V012,L002,D0027,B006,CH003,61,46600,5.36
V012,L003,D0027,B006,CH003,50,39500,5.4
V012,L004,D0027,B006,CH003,63,48100,5.76
V012,L005,D0027,B006,CH003,60,45300,5.22
V012,L006,D0027,B006,CH003,72,43300,6.37
V012,L007,D0027,B006,CH003,58,47900,4.58
V012,L008,D0027,B006,CH003,58,49200,5.25
V012,L009,D0027,B006,CH003,63,48100,5.53
V012,L010,D0027,B006,CH003,52,43200,4.57
V013,L001,D0027,B001,CH002,37,23300,4.54
V013,L002,D0027,B001,CH002,44,34400,3.87
V013,L003,D0027,B001,CH002,52,26500,5.62
V013,L004,D0027,B001,CH002,48,35300,4.39
V013,L005,D0027,B001,CH002,59,33100,5.13
V013,L006,D0027,B001,CH002,61,33000,5.39
V013,L007,D0027,B001,CH002,57,34700,4.5
V013,L008,D0027,B001,CH002,46,35700,4.17
V013,L009,D0027,B001,CH002,59,34500,5.18
V013,L010,D0027,B001,CH002,49,32000,4.31
V014,L001,D0027,B004,CH003,38,28000,4.66
V014,L002,D0027,B004,CH003,46,42300,4.05
V014,L003,D0027,B004,CH003,29,34000,3.13
V014,L004,D0027,B004,CH003,51,44300,4.66
V014,L005,D0027,B004,CH003,42,39500,3.66
V014,L006,D0027,B004,CH003,54,42200,4.77
V014,L007,D0027,B004,CH003,58,44400,4.58
V014,L008,D0027,B004,CH003,60,41600,5.43
V014,L009,D0027,B004,CH003,54,38900,4.74
V014,L010,D0027,B004,CH003,55,42600,4.84
V015,L001,D0027,B002,CH004,31,28100,3.8
V015,L002,D0027,B002,CH004,43,36300,3.78
V015,L003,D0027,B002,CH004,37,31900,4.0
V015,L004,D0027,B002,CH004,40,39400,3.66
V015,L005,D0027,B002,CH004,25,39300,2.18
V015,L006,D0027,B002,CH004,42,35500,3.71
V015,L007,D0027,B002,CH004,34,37800,2.69
V015,L008,D0027,B002,CH004,36,38700,3.26
V015,L009,D0027,B002,CH004,31,39000,2.72
V015,L010,D0027,B002,CH004,43,36700,3.78
V016,L001,D0027,B008,CH004,37,38900,4.54
V016,L002,D0027,B008,CH004,51,52900,4.49
V016,L003,D0027,B008,CH004,35,42200,3.78
V016,L004,D0027,B008,CH004,54,54100,4.94
V016,L005,D0027,B008,CH004,47,57600,4.09
V016,L006,D0027,B008,CH004,51,52200,4.51
V016,L007,D0027,B008,CH004,56,60000,4.42
V016,L008,D0027,B008,CH004,44,56800,3.99
V016,L009,D0027,B008,CH004,59,55200,5.18
V016,L010,D0027,B008,CH004,60,54300,5.28
V017,L001,D0027,B010,CH004,18,72600,2.21
V017,L002,D0027,B010,CH004,14,102000,1.23
V017,L003,D0027,B010,CH004,22,78400,2.38
V017,L004,D0027,B010,CH004,16,96500,1.46
V017,L005,D0027,B010,CH004,22,96100,1.91
V017,L006,D0027,B010,CH004,18,100400,1.59
V017,L007,D0027,B010,CH004,17,102400,1.34
V017,L008,D0027,B010,CH004,18,104800,1.63
V017,L009,D0027,B010,CH004,26,103000,2.28
V017,L010,D0027,B010,CH004,12,99700,1.06
V018,L001,D0027,B004,CH002,25,23500,3.07
V018,L002,D0027,B004,CH002,42,33200,3.69
V018,L003,D0027,B004,CH002,51,26400,5.51
V018,L004,D0027,B004,CH002,51,34300,4.66
V018,L005,D0027,B004,CH002,56,33400,4.87
V018,L006,D0027,B004,CH002,42,34300,3.71
V018,L007,D0027,B004,CH002,56,37100,4.42
V018,L008,D0027,B004,CH002,50,36500,4.53
V018,L009,D0027,B004,CH002,64,33100,5.61
V018,L010,D0027,B004,CH002,67,34600,5.89
V019,L001,D0027,B005,CH002,23,29900,2.82
V019,L002,D0027,B005,CH002,26,45600,2.29
V019,L003,D0027,B005,CH002,24,37200,2.59
V019,L004,D0027,B005,CH002,26,42500,2.38
V019,L005,D0027,B005,CH002,30,43000,2.61
V019,L006,D0027,B005,CH002,27,43400,2.39
V019,L007,D0027,B005,CH002,33,44900,2.61
V019,L008,D0027,B005,CH002,26,42700,2.36
V019,L009,D0027,B005,CH002,28,41500,2.46
V019,L010,D0027,B005,CH002,39,42800,3.43
V020,L001,D0027,B003,CH002,54,29400,6.63
V020,L002,D0027,B003,CH002,68,41400,5.98
V020,L003,D0027,B003,CH002,51,30600,5.51
V020,L004,D0027,B003,CH002,58,39000,5.3
V020,L005,D0027,B003,CH002,64,41500,5.57
V020,L006,D0027,B003,CH002,60,36900,5.31
V020,L007,D0027,B003,CH002,79,41300,6.24
V020,L008,D0027,B003,CH002,74,42300,6.7
V020,L009,D0027,B003,CH002,60,38300,5.26
V020,L010,D0027,B003,CH002,71,39800,6.24
V001,L001,D0028,B004,CH004,60,29900,7.38
V001,L002,D0028,B004,CH004,79,41100,7.03
V001,L003,D0028,B004,CH004,66,36300,6.9
V001,L004,D0028,B004,CH004,78,44500,6.95
V001,L005,D0028,B004,CH004,96,43500,8.27
V001,L006,D0028,B004,CH004,75,40700,7.43
V001,L007,D0028,B004,CH004,92,46100,7.46
V001,L008,D0028,B004,CH004,82,46700,7.12
V001,L009,D0028,B004,CH004,85,45100,7.25
V001,L010,D0028,B004,CH004,76,41100,6.81
V002,L001,D0028,B006,CH004,50,37000,6.15
V002,L002,D0028,B006,CH004,79,47300,7.03
V002,L003,D0028,B006,CH004,76,41400,7.95
V002,L004,D0028,B006,CH004,97,51900,8.64
V002,L005,D0028,B006,CH004,99,47700,8.53
V002,L006,D0028,B006,CH004,69,49100,6.84
V002,L007,D0028,B006,CH004,93,56200,7.54
V002,L008,D0028,B006,CH004,95,49900,8.25
V002,L009,D0028,B006,CH004,90,47300,7.68
V002,L010,D0028,B006,CH004,94,51300,8.42
V003,L001,D0028,B003,CH003,61,23300,7.5
V003,L002,D0028,B003,CH003,66,29200,5.87
V003,L003,D0028,B003,CH003,70,25100,7.32
V003,L004,D0028,B003,CH003,74,30900,6.59
V003,L005,D0028,B003,CH003,63,32000,5.43
V003,L006,D0028,B003,CH003,65,29500,6.44
V003,L007,D0028,B003,CH003,95,33900,7.7
V003,L008,D0028,B003,CH003,96,33000,8.33
V003,L009,D0028,B003,CH003,71,30400,6.06
V003,L010,D0028,B003,CH003,77,31600,6.9
V004,L001,D0028,B006,CH004,65,31200,8.0
V004,L002,D0028,B006,CH004,78,45500,6.94
V004,L003,D0028,B006,CH004,62,35200,6.49
V004,L004,D0028,B006,CH004,81,45300,7.21
V004,L005,D0028,B006,CH004,88,43300,7.58
V004,L006,D0028,B006,CH004,82,44200,8.13
V004,L007,D0028,B006,CH004,78,47200,6.33
V004,L008,D0028,B006,CH004,82,42700,7.12
V004,L009,D0028,B006,CH004,94,42600,8.02
V004,L010,D0028,B006,CH004,63,40800,5.65
V005,L001,D0028,B007,CH004,52,37200,6.4
V005,L002,D0028,B007,CH004,69,52400,6.14
V005,L003,D0028,B007,CH004,58,41100,6.07
V005,L004,D0028,B007,CH004,55,48100,4.9
V005,L005,D0028,B007,CH004,57,49200,4.91
V005,L006,D0028,B007,CH004,52,49900,5.15
V005,L007,D0028,B007,CH004,64,52700,5.19
V005,L008,D0028,B007,CH004,58,49200,5.03
V005,L009,D0028,B007,CH004,67,50000,5.72
V005,L010,D0028,B007,CH004,88,45600,7.89
V006,L001,D0028,B003,CH003,61,27000,7.5
V006,L002,D0028,B003,CH003,68,38200,6.05
V006,L003,D0028,B003,CH003,55,28800,5.75
V006,L004,D0028,B003,CH003,44,35600,3.92
V006,L005,D0028,B003,CH003,66,35200,5.68
V006,L006,D0028,B003,CH003,76,33700,7.53
V006,L007,D0028,B003,CH003,79,37400,6.41
V006,L008,D0028,B003,CH003,54,37300,4.69
V006,L009,D0028,B003,CH003,68,37200,5.8
V006,L010,D0028,B003,CH003,63,37000,5.65
V007,L001,D0028,B007,CH004,47,32100,5.78
V007,L002,D0028,B007,CH004,61,49600,5.43
V007,L003,D0028,B007,CH004,59,40900,6.17
V007,L004,D0028,B007,CH004,80,50500,7.12
V007,L005,D0028,B007,CH004,70,50300,6.03
V007,L006,D0028,B007,CH004,72,46100,7.14
V007,L007,D0028,B007,CH004,75,49200,6.08
V007,L008,D0028,B007,CH004,59,48200,5.12
V007,L009,D0028,B007,CH004,54,49900,4.61
V007,L010,D0028,B007,CH004,54,47100,4.84
V008,L001,D0028,B002,CH003,43,16900,5.29
V008,L002,D0028,B002,CH003,68,23400,6.05
V008,L003,D0028,B002,CH003,50,18800,5.23
V008,L004,D0028,B002,CH003,57,22400,5.08
V008,L005,D0028,B002,CH003,77,24300,6.63
V008,L006,D0028,B002,CH003,54,21900,5.35
V008,L007,D0028,B002,CH003,66,24600,5.35
V008,L008,D0028,B002,CH003,55,24200,4.77
V008,L009,D0028,B002,CH003,60,21400,5.12
V008,L010,D0028,B002,CH003,63,23300,5.65
V009,L001,D0028,B003,CH003,38,22500,4.67
V009,L002,D0028,B003,CH003,55,30800,4.89
V009,L003,D0028,B003,CH003,43,24100,4.5
V009,L004,D0028,B003,CH003,48,32400,4.27
V009,L005,D0028,B003,CH003,69,29800,5.94
V009,L006,D0028,B003,CH003,49,29900,4.86
V009,L007,D0028,B003,CH003,70,32700,5.68
V009,L008,D0028,B003,CH003,66,30400,5.73
V009,L009,D0028,B003,CH003,75,31000,6.4
V009,L010,D0028,B003,CH003,65,30600,5.82
V010,L001,D0028,B007,CH004,32,42700,3.94
V010,L002,D0028,B007,CH004,51,58400,4.54
V010,L003,D0028,B007,CH004,31,50900,3.24
V010,L004,D0028,B007,CH004,53,60400,4.72
V010,L005,D0028,B007,CH004,31,59500,2.67
V010,L006,D0028,B007,CH004,35,58300,3.47
V010,L007,D0028,B007,CH004,51,68300,4.14
V010,L008,D0028,B007,CH004,47,66900,4.08
V010,L009,D0028,B007,CH004,41,64800,3.5
V010,L010,D0028,B007,CH004,41,58300,3.67
V011,L001,D0028,B005,CH003,28,40800,3.44
V011,L002,D0028,B005,CH003,39,58000,3.47
V011,L003,D0028,B005,CH003,29,46500,3.03
V011,L004,D0028,B005,CH003,29,61700,2.58
V011,L005,D0028,B005,CH003,35,57400,3.01
V011,L006,D0028,B005,CH003,32,58700,3.17
V011,L007,D0028,B005,CH003,32,58400,2.6
V011,L008,D0028,B005,CH003,23,59600,2.0
V011,L009,D0028,B005,CH003,46,54500,3.92
V011,L010,D0028,B005,CH003,29,52400,2.6
V012,L001,D0028,B006,CH003,40,34000,4.92
V012,L002,D0028,B006,CH003,66,46000,5.87
V012,L003,D0028,B006,CH003,48,38200,5.02
V012,L004,D0028,B006,CH003,56,45000,4.99
V012,L005,D0028,B006,CH003,47,49200,4.05
V012,L006,D0028,B006,CH003,46,47800,4.56
V012,L007,D0028,B006,CH003,63,48200,5.11
V012,L008,D0028,B006,CH003,52,47100,4.51
V012,L009,D0028,B006,CH003,60,48300,5.12
V012,L010,D0028,B006,CH003,51,44700,4.57
V013,L001,D0028,B001,CH002,30,22700,3.69
V013,L002,D0028,B001,CH002,52,34800,4.63
V013,L003,D0028,B001,CH002,50,26700,5.23
V013,L004,D0028,B001,CH002,53,35200,4.72
V013,L005,D0028,B001,CH002,54,32300,4.65
V013,L006,D0028,B001,CH002,53,33000,5.25
V013,L007,D0028,B001,CH002,66,36400,5.35
V013,L008,D0028,B001,CH002,53,35100,4.6
V013,L009,D0028,B001,CH002,54,31800,4.61
V013,L010,D0028,B001,CH002,62,32900,5.56
V014,L001,D0028,B004,CH003,40,31100,4.92
V014,L002,D0028,B004,CH003,46,39200,4.09
V014,L003,D0028,B004,CH003,40,34600,4.18
V014,L004,D0028,B004,CH003,52,40200,4.63
V014,L005,D0028,B004,CH003,57,41600,4.91
V014,L006,D0028,B004,CH003,41,42200,4.06
V014,L007,D0028,B004,CH003,52,44100,4.22
V014,L008,D0028,B004,CH003,49,44200,4.25
V014,L009,D0028,B004,CH003,46,42700,3.92
V014,L010,D0028,B004,CH003,47,42600,4.21
V015,L001,D0028,B002,CH004,29,27500,3.57
V015,L002,D0028,B002,CH004,38,36900,3.38
V015,L003,D0028,B002,CH004,29,31300,3.03
V015,L004,D0028,B002,CH004,45,39600,4.01
V015,L005,D0028,B002,CH004,37,39600,3.19
V015,L006,D0028,B002,CH004,35,36300,3.47
V015,L007,D0028,B002,CH004,40,39500,3.24
V015,L008,D0028,B002,CH004,50,39200,4.34
V015,L009,D0028,B002,CH004,35,38900,2.99
V015,L010,D0028,B002,CH004,33,38400,2.96
V016,L001,D0028,B008,CH004,50,39700,6.15
V016,L002,D0028,B008,CH004,62,55000,5.52
V016,L003,D0028,B008,CH004,41,45900,4.29
V016,L004,D0028,B008,CH004,52,54600,4.63
V016,L005,D0028,B008,CH004,57,51700,4.91
V016,L006,D0028,B008,CH004,38,55100,3.77
V016,L007,D0028,B008,CH004,50,55800,4.06
V016,L008,D0028,B008,CH004,48,54200,4.17
V016,L009,D0028,B008,CH004,54,52100,4.61
V016,L010,D0028,B008,CH004,46,55600,4.12
V017,L001,D0028,B010,CH004,11,66900,1.35
V017,L002,D0028,B010,CH004,14,94900,1.25
V017,L003,D0028,B010,CH004,26,84300,2.72
V017,L004,D0028,B010,CH004,22,95900,1.96
V017,L005,D0028,B010,CH004,15,95200,1.29
V017,L006,D0028,B010,CH004,15,95000,1.49
V017,L007,D0028,B010,CH004,30,101200,2.43
V017,L008,D0028,B010,CH004,21,103400,1.82
V017,L009,D0028,B010,CH004,29,101800,2.47
V017,L010,D0028,B010,CH004,13,92200,1.16
V018,L001,D0028,B004,CH002,35,25200,4.31
V018,L002,D0028,B004,CH002,41,32100,3.65
V018,L003,D0028,B004,CH002,40,27800,4.18
V018,L004,D0028,B004,CH002,60,36800,5.34
V018,L005,D0028,B004,CH002,59,32800,5.08
V018,L006,D0028,B004,CH002,41,35000,4.06
V018,L007,D0028,B004,CH002,37,36900,3.0
V018,L008,D0028,B004,CH002,61,33800,5.3
V018,L009,D0028,B004,CH002,46,34300,3.92
V018,L010,D0028,B004,CH002,45,33600,4.03
V019,L001,D0028,B005,CH002,13,31900,1.6
V019,L002,D0028,B005,CH002,26,44400,2.31
V019,L003,D0028,B005,CH002,26,34300,2.72
V019,L004,D0028,B005,CH002,27,43900,2.4
V019,L005,D0028,B005,CH002,33,43000,2.84
V019,L006,D0028,B005,CH002,27,43600,2.68
V019,L007,D0028,B005,CH002,27,49400,2.19
V019,L008,D0028,B005,CH002,33,43400,2.86
V019,L009,D0028,B005,CH002,33,40800,2.82
V019,L010,D0028,B005,CH002,32,43900,2.87
V020,L001,D0028,B003,CH002,28,26900,3.44
V020,L002,D0028,B003,CH002,66,41400,5.87
V020,L003,D0028,B003,CH002,57,30400,5.96
V020,L004,D0028,B003,CH002,60,42100,5.34
V020,L005,D0028,B003,CH002,51,40600,4.39
V020,L006,D0028,B003,CH002,52,39800,5.15
V020,L007,D0028,B003,CH002,73,40000,5.92
V020,L008,D0028,B003,CH002,68,42100,5.9
V020,L009,D0028,B003,CH002,64,40000,5.46
V020,L010,D0028,B003,CH002,74,39100,6.63
V001,L001,D0029,B004,CH004,77,31600,9.01
V001,L002,D0029,B004,CH004,75,42000,6.33
V001,L003,D0029,B004,CH004,76,33400,7.68
V001,L004,D0029,B004,CH004,90,47200,7.54
V001,L005,D0029,B004,CH004,82,45300,7.04
V001,L006,D0029,B004,CH004,75,43800,6.7
V001,L007,D0029,B004,CH004,99,46100,8.22
V001,L008,D0029,B004,CH004,93,46200,7.85
V001,L009,D0029,B004,CH004,93,42800,8.13
V001,L010,D0029,B004,CH004,108,43900,9.02
V002,L001,D0029,B006,CH004,65,35000,7.6
V002,L002,D0029,B006,CH004,73,48900,6.17
V002,L003,D0029,B006,CH004,74,40000,7.47
V002,L004,D0029,B006,CH004,75,48800,6.28
V002,L005,D0029,B006,CH004,87,52400,7.47
V002,L006,D0029,B006,CH004,95,51200,8.48
V002,L007,D0029,B006,CH004,90,52800,7.47
V002,L008,D0029,B006,CH004,91,53900,7.69
V002,L009,D0029,B006,CH004,70,48900,6.12
V002,L010,D0029,B006,CH004,83,50600,6.93
V003,L001,D0029,B003,CH003,45,22000,5.26
V003,L002,D0029,B003,CH003,86,32500,7.26
V003,L003,D0029,B003,CH003,60,25400,6.06
V003,L004,D0029,B003,CH003,94,30800,7.87
V003,L005,D0029,B003,CH003,74,32000,6.35
V003,L006,D0029,B003,CH003,71,30500,6.34
V003,L007,D0029,B003,CH003,81,32100,6.72
V003,L008,D0029,B003,CH003,72,32200,6.08
V003,L009,D0029,B003,CH003,88,32000,7.69
V003,L010,D0029,B003,CH003,85,29400,7.1
V004,L001,D0029,B006,CH004,62,31000,7.25
V004,L002,D0029,B006,CH004,84,44800,7.09
V004,L003,D0029,B006,CH004,74,35700,7.47
V004,L004,D0029,B006,CH004,89,42900,7.45
V004,L005,D0029,B006,CH004,77,44900,6.61
V004,L006,D0029,B006,CH004,81,43000,7.23
V004,L007,D0029,B006,CH004,90,44200,7.47
V004,L008,D0029,B006,CH004,77,43700,6.5
V004,L009,D0029,B006,CH004,66,42800,5.77
V004,L010,D0029,B006,CH004,82,44600,6.85
V005,L001,D0029,B007,CH004,45,35000,5.26
V005,L002,D0029,B007,CH004,85,49300,7.18
V005,L003,D0029,B007,CH004,76,41700,7.68
V005,L004,D0029,B007,CH004,74,53000,6.2
V005,L005,D0029,B007,CH004,67,50300,5.75
V005,L006,D0029,B007,CH004,47,48900,4.2
V005,L007,D0029,B007,CH004,72,51000,5.98
V005,L008,D0029,B007,CH004,73,53200,6.17
V005,L009,D0029,B007,CH004,73,47200,6.38
V005,L010,D0029,B007,CH004,77,49600,6.43
V006,L001,D0029,B003,CH003,57,26300,6.67
V006,L002,D0029,B003,CH003,66,34600,5.57
V006,L003,D0029,B003,CH003,71,30800,7.17
V006,L004,D0029,B003,CH003,62,39000,5.19
V006,L005,D0029,B003,CH003,78,36000,6.7
V006,L006,D0029,B003,CH003,54,34600,4.82
V006,L007,D0029,B003,CH003,69,38800,5.73
V006,L008,D0029,B003,CH003,65,38700,5.49
V006,L009,D0029,B003,CH003,63,35500,5.51
V006,L010,D0029,B003,CH003,60,36600,5.01
V007,L001,D0029,B007,CH004,46,33900,5.38
V007,L002,D0029,B007,CH004,78,47300,6.59
V007,L003,D0029,B007,CH004,44,40200,4.44
V007,L004,D0029,B007,CH004,66,46200,5.53
V007,L005,D0029,B007,CH004,76,45800,6.52
V007,L006,D0029,B007,CH004,68,43700,6.07
V007,L007,D0029,B007,CH004,63,51000,5.23
V007,L008,D0029,B007,CH004,73,49000,6.17
V007,L009,D0029,B007,CH004,60,47800,5.24
V007,L010,D0029,B007,CH004,86,47000,7.18
V008,L001,D0029,B002,CH003,44,17100,5.15
V008,L002,D0029,B002,CH003,70,22500,5.91
V008,L003,D0029,B002,CH003,60,18500,6.06
V008,L004,D0029,B002,CH003,62,22500,5.19
V008,L005,D0029,B002,CH003,63,22300,5.41
V008,L006,D0029,B002,CH003,60,21100,5.36
V008,L007,D0029,B002,CH003,61,24800,5.06
V008,L008,D0029,B002,CH003,60,24800,5.07
V008,L009,D0029,B002,CH003,62,23200,5.42
V008,L010,D0029,B002,CH003,44,22100,3.68
V009,L001,D0029,B003,CH003,34,22600,3.98
V009,L002,D0029,B003,CH003,38,30500,3.21
V009,L003,D0029,B003,CH003,43,25100,4.34
V009,L004,D0029,B003,CH003,66,30200,5.53
V009,L005,D0029,B003,CH003,46,32400,3.95
V009,L006,D0029,B003,CH003,48,29500,4.29
V009,L007,D0029,B003,CH003,62,31900,5.15
V009,L008,D0029,B003,CH003,68,31100,5.74
V009,L009,D0029,B003,CH003,63,29600,5.51
V009,L010,D0029,B003,CH003,53,30800,4.43
V010,L001,D0029,B007,CH004,39,46800,4.56
V010,L002,D0029,B007,CH004,47,64400,3.97
V010,L003,D0029,B007,CH004,29,50300,2.93
V010,L004,D0029,B007,CH004,42,62300,3.52
V010,L005,D0029,B007,CH004,55,64400,4.72
V010,L006,D0029,B007,CH004,42,63700,3.75
V010,L007,D0029,B007,CH004,51,67800,4.23
V010,L008,D0029,B007,CH004,51,64800,4.31
V010,L009,D0029,B007,CH004,38,61400,3.32
V010,L010,D0029,B007,CH004,53,58800,4.43
V011,L001,D0029,B005,CH003,22,41000,2.57
V011,L002,D0029,B005,CH003,37,57100,3.12
V011,L003,D0029,B005,CH003,38,47300,3.84
V011,L004,D0029,B005,CH003,29,60100,2.43
V011,L005,D0029,B005,CH003,34,56800,2.92
V011,L006,D0029,B005,CH003,42,52600,3.75
V011,L007,D0029,B005,CH003,37,63900,3.07
V011,L008,D0029,B005,CH003,37,57900,3.12
V011,L009,D0029,B005,CH003,38,54400,3.32
V011,L010,D0029,B005,CH003,40,58200,3.34
V012,L001,D0029,B006,CH003,38,34300,4.44
V012,L002,D0029,B006,CH003,66,48900,5.57
V012,L003,D0029,B006,CH003,50,36400,5.05
V012,L004,D0029,B006,CH003,67,49500,5.61
V012,L005,D0029,B006,CH003,69,45400,5.92
V012,L006,D0029,B006,CH003,76,42800,6.79
V012,L007,D0029,B006,CH003,59,49100,4.9
V012,L008,D0029,B006,CH003,66,49000,5.57
V012,L009,D0029,B006,CH003,62,43900,5.42
V012,L010,D0029,B006,CH003,57,47500,4.76
V013,L001,D0029,B001,CH002,50,24200,5.85
V013,L002,D0029,B001,CH002,51,33500,4.31
V013,L003,D0029,B001,CH002,50,27200,5.05
V013,L004,D0029,B001,CH002,48,32700,4.02
V013,L005,D0029,B001,CH002,46,34000,3.95
V013,L006,D0029,B001,CH002,65,31500,5.8
V013,L007,D0029,B001,CH002,51,35200,4.23
V013,L008,D0029,B001,CH002,53,33900,4.48
V013,L009,D0029,B001,CH002,63,31800,5.51
V013,L010,D0029,B001,CH002,49,32400,4.09
V014,L001,D0029,B004,CH003,41,29900,4.8
V014,L002,D0029,B004,CH003,55,39600,4.65
V014,L003,D0029,B004,CH003,42,32400,4.24
V014,L004,D0029,B004,CH003,45,40200,3.77
V014,L005,D0029,B004,CH003,54,40900,4.64
V014,L006,D0029,B004,CH003,44,41400,3.93
V014,L007,D0029,B004,CH003,56,44800,4.65
V014,L008,D0029,B004,CH003,41,43800,3.46
V014,L009,D0029,B004,CH003,43,39200,3.76
V014,L010,D0029,B004,CH003,49,41100,4.09
V015,L001,D0029,B002,CH004,24,27800,2.81
V015,L002,D0029,B002,CH004,44,37500,3.72
V015,L003,D0029,B002,CH004,34,29300,3.43
V015,L004,D0029,B002,CH004,45,38000,3.77
V015,L005,D0029,B002,CH004,30,40100,2.58
V015,L006,D0029,B002,CH004,30,37200,2.68
V015,L007,D0029,B002,CH004,44,41900,3.65
V015,L008,D0029,B002,CH004,45,36600,3.8
V015,L009,D0029,B002,CH004,39,38500,3.41
V015,L010,D0029,B002,CH004,40,34500,3.34
V016,L001,D0029,B008,CH004,40,40400,4.68
V016,L002,D0029,B008,CH004,52,52500,4.39
V016,L003,D0029,B008,CH004,46,42400,4.65
V016,L004,D0029,B008,CH004,58,56300,4.86
V016,L005,D0029,B008,CH004,50,51500,4.29
V016,L006,D0029,B008,CH004,46,51000,4.11
V016,L007,D0029,B008,CH004,49,60600,4.07
V016,L008,D0029,B008,CH004,53,56500,4.48
V016,L009,D0029,B008,CH004,56,51700,4.9
V016,L010,D0029,B008,CH004,49,53800,4.09
V017,L001,D0029,B010,CH004,19,72800,2.22
V017,L002,D0029,B010,CH004,18,96800,1.52
V017,L003,D0029,B010,CH004,15,84800,1.52
V017,L004,D0029,B010,CH004,25,103300,2.09
V017,L005,D0029,B010,CH004,19,95300,1.63
V017,L006,D0029,B010,CH004,21,94200,1.88
V017,L007,D0029,B010,CH004,25,109000,2.07
V017,L008,D0029,B010,CH004,20,100400,1.69
V017,L009,D0029,B010,CH004,23,96300,2.01
V017,L010,D0029,B010,CH004,17,96800,1.42
V018,L001,D0029,B004,CH002,40,23800,4.68
V018,L002,D0029,B004,CH002,59,33900,4.98
V018,L003,D0029,B004,CH002,36,27000,3.64
V018,L004,D0029,B004,CH002,59,35200,4.94
V018,L005,D0029,B004,CH002,50,35800,4.29
V018,L006,D0029,B004,CH002,41,35100,3.66
V018,L007,D0029,B004,CH002,48,36500,3.98
V018,L008,D0029,B004,CH002,48,34500,4.05
V018,L009,D0029,B004,CH002,54,32300,4.72
V018,L010,D0029,B004,CH002,50,33000,4.18
V019,L001,D0029,B005,CH002,21,29700,2.46
V019,L002,D0029,B005,CH002,28,42800,2.36
V019,L003,D0029,B005,CH002,29,37500,2.93
V019,L004,D0029,B005,CH002,36,43900,3.02
V019,L005,D0029,B005,CH002,35,42500,3.0
V019,L006,D0029,B005,CH002,35,42400,3.12
V019,L007,D0029,B005,CH002,25,46200,2.07
V019,L008,D0029,B005,CH002,31,44300,2.62
V019,L009,D0029,B005,CH002,30,45300,2.62
V019,L010,D0029,B005,CH002,34,40100,2.84
V020,L001,D0029,B003,CH002,46,27900,5.38
V020,L002,D0029,B003,CH002,72,39800,6.08
V020,L003,D0029,B003,CH002,43,31100,4.34
V020,L004,D0029,B003,CH002,62,40100,5.19
V020,L005,D0029,B003,CH002,73,37800,6.27
V020,L006,D0029,B003,CH002,79,39200,7.05
V020,L007,D0029,B003,CH002,73,40000,6.06
V020,L008,D0029,B003,CH002,67,42100,5.66
V020,L009,D0029,B003,CH002,60,39300,5.24
V020,L010,D0029,B003,CH002,81,36400,6.77
V001,L001,D0030,B004,CH004,51,30000,6.32
V001,L002,D0030,B004,CH004,94,45200,8.39
V001,L003,D0030,B004,CH004,60,37500,6.31
V001,L004,D0030,B004,CH004,99,43500,8.43
V001,L005,D0030,B004,CH004,91,44400,7.96
V001,L006,D0030,B004,CH004,77,40800,7.05
V001,L007,D0030,B004,CH004,106,46100,8.62
V001,L008,D0030,B004,CH004,97,46700,7.88
V001,L009,D0030,B004,CH004,93,45100,8.56
V001,L010,D0030,B004,CH004,92,41500,8.13
V002,L001,D0030,B006,CH004,59,35200,7.31
V002,L002,D0030,B006,CH004,78,49000,6.96
V002,L003,D0030,B006,CH004,77,39900,8.1
V002,L004,D0030,B006,CH004,92,51700,7.84
V002,L005,D0030,B006,CH004,90,47700,7.87
V002,L006,D0030,B006,CH004,84,48200,7.69
V002,L007,D0030,B006,CH004,85,55700,6.92
V002,L008,D0030,B006,CH004,101,50300,8.2
V002,L009,D0030,B006,CH004,86,49600,7.92
V002,L010,D0030,B006,CH004,112,50100,9.9
V003,L001,D0030,B003,CH003,56,23200,6.94
V003,L002,D0030,B003,CH003,75,31300,6.7
V003,L003,D0030,B003,CH003,62,24400,6.52
V003,L004,D0030,B003,CH003,88,33600,7.5
V003,L005,D0030,B003,CH003,70,30800,6.12
V003,L006,D0030,B003,CH003,67,31500,6.14
V003,L007,D0030,B003,CH003,81,33300,6.59
V003,L008,D0030,B003,CH003,71,32000,5.77
V003,L009,D0030,B003,CH003,63,31000,5.8
V003,L010,D0030,B003,CH003,64,30500,5.66
V004,L001,D0030,B006,CH004,49,31400,6.07
V004,L002,D0030,B006,CH004,87,40900,7.77
V004,L003,D0030,B006,CH004,63,35800,6.62
V004,L004,D0030,B006,CH004,73,45800,6.22
V004,L005,D0030,B006,CH004,79,42300,6.91
V004,L006,D0030,B006,CH004,85,40400,7.78
V004,L007,D0030,B006,CH004,73,45000,5.94
V004,L008,D0030,B006,CH004,90,47300,7.31
V004,L009,D0030,B006,CH004,55,41900,5.06
V004,L010,D0030,B006,CH004,62,40900,5.48
V005,L001,D0030,B007,CH004,51,37300,6.32
V005,L002,D0030,B007,CH004,50,47800,4.46
V005,L003,D0030,B007,CH004,57,40500,5.99
V005,L004,D0030,B007,CH004,71,51600,6.05
V005,L005,D0030,B007,CH004,73,53400,6.39
V005,L006,D0030,B007,CH004,60,46600,5.49
V005,L007,D0030,B007,CH004,76,52900,6.18
V005,L008,D0030,B007,CH004,67,51600,5.44
V005,L009,D0030,B007,CH004,59,47400,5.43
V005,L010,D0030,B007,CH004,71,46500,6.28
V006,L001,D0030,B003,CH003,48,26300,5.95
V006,L002,D0030,B003,CH003,62,34400,5.54
V006,L003,D0030,B003,CH003,53,27900,5.57
V006,L004,D0030,B003,CH003,80,37700,6.81
V006,L005,D0030,B003,CH003,69,34700,6.04
V006,L006,D0030,B003,CH003,78,35400,7.14
V006,L007,D0030,B003,CH003,85,37400,6.92
V006,L008,D0030,B003,CH003,66,35600,5.36
V006,L009,D0030,B003,CH003,62,34400,5.71
V006,L010,D0030,B003,CH003,64,37200,5.66
V007,L001,D0030,B007,CH004,42,32600,5.2
V007,L002,D0030,B007,CH004,68,48900,6.07
V007,L003,D0030,B007,CH004,47,40200,4.94
V007,L004,D0030,B007,CH004,66,48800,5.62
V007,L005,D0030,B007,CH004,61,48800,5.34
V007,L006,D0030,B007,CH004,48,45800,4.4
V007,L007,D0030,B007,CH004,55,50700,4.48
V007,L008,D0030,B007,CH004,64,48000,5.2
V007,L009,D0030,B007,CH004,73,45700,6.72
V007,L010,D0030,B007,CH004,55,47500,4.86
V008,L001,D0030,B002,CH003,57,16800,7.06
V008,L002,D0030,B002,CH003,67,22900,5.98
V008,L003,D0030,B002,CH003,44,19200,4.63
V008,L004,D0030,B002,CH003,65,23300,5.54
V008,L005,D0030,B002,CH003,50,22500,4.37
V008,L006,D0030,B002,CH003,49,22400,4.49
V008,L007,D0030,B002,CH003,71,23300,5.78
V008,L008,D0030,B002,CH003,54,23800,4.39
V008,L009,D0030,B002,CH003,55,23800,5.06
V008,L010,D0030,B002,CH003,66,21800,5.84
V009,L001,D0030,B003,CH003,44,23200,5.45
V009,L002,D0030,B003,CH003,55,31200,4.91
V009,L003,D0030,B003,CH003,46,24600,4.84
V009,L004,D0030,B003,CH003,57,31400,4.86
V009,L005,D0030,B003,CH003,55,32900,4.81
V009,L006,D0030,B003,CH003,58,30700,5.31
V009,L007,D0030,B003,CH003,80,31900,6.51
V009,L008,D0030,B003,CH003,60,32000,4.87
V009,L009,D0030,B003,CH003,55,30200,5.06
V009,L010,D0030,B003,CH003,66,31400,5.84
V010,L001,D0030,B007,CH004,41,44400,5.08
V010,L002,D0030,B007,CH004,34,60300,3.04
V010,L003,D0030,B007,CH004,41,49300,4.31
V010,L004,D0030,B007,CH004,36,59900,3.07
V010,L005,D0030,B007,CH004,57,62400,4.99
V010,L006,D0030,B007,CH004,29,60700,2.66
V010,L007,D0030,B007,CH004,46,67000,3.74
V010,L008,D0030,B007,CH004,46,63200,3.74
V010,L009,D0030,B007,CH004,36,64100,3.31
V010,L010,D0030,B007,CH004,46,63000,4.07
V011,L001,D0030,B005,CH003,21,40400,2.6
V011,L002,D0030,B005,CH003,30,57000,2.68
V011,L003,D0030,B005,CH003,35,47500,3.68
V011,L004,D0030,B005,CH003,38,56900,3.24
V011,L005,D0030,B005,CH003,50,55900,4.37
V011,L006,D0030,B005,CH003,42,52300,3.85
V011,L007,D0030,B005,CH003,33,60400,2.69
V011,L008,D0030,B005,CH003,41,58600,3.33
V011,L009,D0030,B005,CH003,45,55700,4.14
V011,L010,D0030,B005,CH003,34,52700,3.01
V012,L001,D0030,B006,CH003,52,31700,6.44
V012,L002,D0030,B006,CH003,75,48500,6.7
V012,L003,D0030,B006,CH003,47,38700,4.94
V012,L004,D0030,B006,CH003,53,48700,4.51
V012,L005,D0030,B006,CH003,61,49700,5.34
V012,L006,D0030,B006,CH003,54,47600,4.95
V012,L007,D0030,B006,CH003,61,48300,4.96
V012,L008,D0030,B006,CH003,64,46000,5.2
V012,L009,D0030,B006,CH003,57,48500,5.25
V012,L010,D0030,B006,CH003,58,43600,5.13
V013,L001,D0030,B001,CH002,37,23600,4.58
V013,L002,D0030,B001,CH002,44,32900,3.93
V013,L003,D0030,B001,CH002,37,28400,3.89
V013,L004,D0030,B001,CH002,54,34100,4.6
V013,L005,D0030,B001,CH002,51,31600,4.46
V013,L006,D0030,B001,CH002,58,32200,5.31
V013,L007,D0030,B001,CH002,50,34900,4.07
V013,L008,D0030,B001,CH002,68,32900,5.52
V013,L009,D0030,B001,CH002,55,31300,5.06
V013,L010,D0030,B001,CH002,67,31200,5.92
V014,L001,D0030,B004,CH003,36,30300,4.46
V014,L002,D0030,B004,CH003,51,40100,4.55
V014,L003,D0030,B004,CH003,48,32000,5.05
V014,L004,D0030,B004,CH003,43,44000,3.66
V014,L005,D0030,B004,CH003,53,44400,4.64
V014,L006,D0030,B004,CH003,48,41600,4.4
V014,L007,D0030,B004,CH003,41,45900,3.34
V014,L008,D0030,B004,CH003,45,43800,3.66
V014,L009,D0030,B004,CH003,38,38900,3.5
V014,L010,D0030,B004,CH003,39,39600,3.45
V015,L001,D0030,B002,CH004,22,25300,2.73
V015,L002,D0030,B002,CH004,41,36300,3.66
V015,L003,D0030,B002,CH004,35,28800,3.68
V015,L004,D0030,B002,CH004,49,39200,4.17
V015,L005,D0030,B002,CH004,37,36400,3.24
V015,L006,D0030,B002,CH004,44,38400,4.03
V015,L007,D0030,B002,CH004,48,39300,3.91
V015,L008,D0030,B002,CH004,42,39400,3.41
V015,L009,D0030,B002,CH004,40,39200,3.68
V015,L010,D0030,B002,CH004,38,37000,3.36
V016,L001,D0030,B008,CH004,40,38700,4.96
V016,L002,D0030,B008,CH004,45,55400,4.02
V016,L003,D0030,B008,CH004,47,46000,4.94
V016,L004,D0030,B008,CH004,55,56500,4.68
V016,L005,D0030,B008,CH004,47,54800,4.11
V016,L006,D0030,B008,CH004,45,50100,4.12
V016,L007,D0030,B008,CH004,55,61100,4.48
V016,L008,D0030,B008,CH004,57,56700,4.63
V016,L009,D0030,B008,CH004,61,51500,5.62
V016,L010,D0030,B008,CH004,39,50100,3.45
V017,L001,D0030,B010,CH004,11,74000,1.36
V017,L002,D0030,B010,CH004,13,101700,1.16
V017,L003,D0030,B010,CH004,19,78800,2.0
V017,L004,D0030,B010,CH004,22,100700,1.87
V017,L005,D0030,B010,CH004,11,99200,0.96
V017,L006,D0030,B010,CH004,25,95500,2.29
V017,L007,D0030,B010,CH004,23,111400,1.87
V017,L008,D0030,B010,CH004,38,98600,3.09
V017,L009,D0030,B010,CH004,26,97100,2.39
V017,L010,D0030,B010,CH004,9,90500,0.8
V018,L001,D0030,B004,CH002,38,24400,4.71
V018,L002,D0030,B004,CH002,50,34000,4.46
V018,L003,D0030,B004,CH002,43,27500,4.52
V018,L004,D0030,B004,CH002,42,33300,3.58
V018,L005,D0030,B004,CH002,41,33300,3.59
V018,L006,D0030,B004,CH002,50,33400,4.58
V018,L007,D0030,B004,CH002,62,38800,5.04
V018,L008,D0030,B004,CH002,58,34100,4.71
V018,L009,D0030,B004,CH002,40,35600,3.68
V018,L010,D0030,B004,CH002,57,31400,5.04
V019,L001,D0030,B005,CH002,18,30600,2.23
V019,L002,D0030,B005,CH002,30,42400,2.68
V019,L003,D0030,B005,CH002,26,37400,2.73
V019,L004,D0030,B005,CH002,22,42600,1.87
V019,L005,D0030,B005,CH002,26,46300,2.27
V019,L006,D0030,B005,CH002,35,42200,3.21
V019,L007,D0030,B005,CH002,25,47400,2.03
V019,L008,D0030,B005,CH002,33,45400,2.68
V019,L009,D0030,B005,CH002,25,43600,2.3
V019,L010,D0030,B005,CH002,31,43100,2.74
V020,L001,D0030,B003,CH002,34,27100,4.21
V020,L002,D0030,B003,CH002,71,37800,6.34
V020,L003,D0030,B003,CH002,64,33400,6.73
V020,L004,D0030,B003,CH002,69,39600,5.88
V020,L005,D0030,B003,CH002,71,40200,6.21
V020,L006,D0030,B003,CH002,56,38400,5.13
V020,L007,D0030,B003,CH002,73,44000,5.94
V020,L008,D0030,B003,CH002,69,39900,5.61
V020,L009,D0030,B003,CH002,62,41300,5.71
V020,L010,D0030,B003,CH002,61,39100,5.39
V001,L001,D0031,B004,CH004,55,31100,7.05
V001,L002,D0031,B004,CH004,73,41900,7.1
V001,L003,D0031,B004,CH004,66,36700,7.58
V001,L004,D0031,B004,CH004,73,47200,6.77
V001,L005,D0031,B004,CH004,97,42500,8.71
V001,L006,D0031,B004,CH004,91,40600,8.03
V001,L007,D0031,B004,CH004,92,47100,7.87
V001,L008,D0031,B004,CH004,79,45400,6.83
V001,L009,D0031,B004,CH004,78,44400,7.22
V001,L010,D0031,B004,CH004,72,43600,6.81
V002,L001,D0031,B006,CH004,62,35900,7.95
V002,L002,D0031,B006,CH004,66,51200,6.42
V002,L003,D0031,B006,CH004,51,42800,5.86
V002,L004,D0031,B006,CH004,86,53700,7.98
V002,L005,D0031,B006,CH004,72,51100,6.46
V002,L006,D0031,B006,CH004,76,46900,6.71
V002,L007,D0031,B006,CH004,87,54200,7.44
V002,L008,D0031,B006,CH004,84,52300,7.26
V002,L009,D0031,B006,CH004,73,50000,6.75
V002,L010,D0031,B006,CH004,88,50400,8.32
V003,L001,D0031,B003,CH003,64,21500,8.21
V003,L002,D0031,B003,CH003,67,31600,6.52
V003,L003,D0031,B003,CH003,48,25800,5.51
V003,L004,D0031,B003,CH003,73,31900,6.77
V003,L005,D0031,B003,CH003,81,32300,7.27
V003,L006,D0031,B003,CH003,78,29000,6.88
V003,L007,D0031,B003,CH003,99,34700,8.47
V003,L008,D0031,B003,CH003,73,31900,6.31
V003,L009,D0031,B003,CH003,81,31700,7.49
V003,L010,D0031,B003,CH003,71,31000,6.71
V004,L001,D0031,B006,CH004,47,30000,6.03
V004,L002,D0031,B006,CH004,64,45400,6.23
V004,L003,D0031,B006,CH004,59,33500,6.77
V004,L004,D0031,B006,CH004,78,46900,7.24
V004,L005,D0031,B006,CH004,72,45900,6.46
V004,L006,D0031,B006,CH004,69,40000,6.09
V004,L007,D0031,B006,CH004,71,44500,6.07
V004,L008,D0031,B006,CH004,82,45100,7.09
V004,L009,D0031,B006,CH004,68,41500,6.29
V004,L010,D0031,B006,CH004,56,41600,5.29
V005,L001,D0031,B007,CH004,43,36700,5.51
V005,L002,D0031,B007,CH004,74,49700,7.2
V005,L003,D0031,B007,CH004,55,40400,6.31
V005,L004,D0031,B007,CH004,76,53600,7.05
V005,L005,D0031,B007,CH004,64,50300,5.75
V005,L006,D0031,B007,CH004,73,49100,6.44
V005,L007,D0031,B007,CH004,68,52900,5.82
V005,L008,D0031,B007,CH004,73,49700,6.31
V005,L009,D0031,B007,CH004,74,49900,6.85
V005,L010,D0031,B007,CH004,57,45800,5.39
V006,L001,D0031,B003,CH003,51,26200,6.54
V006,L002,D0031,B003,CH003,71,35900,6.91
V006,L003,D0031,B003,CH003,41,29500,4.71
V006,L004,D0031,B003,CH003,57,39300,5.29
V006,L005,D0031,B003,CH003,74,36300,6.64
V006,L006,D0031,B003,CH003,58,36300,5.12
V006,L007,D0031,B003,CH003,65,40500,5.56
V006,L008,D0031,B003,CH003,78,38100,6.74
V006,L009,D0031,B003,CH003,62,37400,5.74
V006,L010,D0031,B003,CH003,72,33800,6.81
V007,L001,D0031,B007,CH004,47,33400,6.03
V007,L002,D0031,B007,CH004,59,49600,5.74
V007,L003,D0031,B007,CH004,52,36600,5.97
V007,L004,D0031,B007,CH004,53,47900,4.92
V007,L005,D0031,B007,CH004,61,46500,5.48
V007,L006,D0031,B007,CH004,51,46400,4.5
V007,L007,D0031,B007,CH004,63,50800,5.39
V007,L008,D0031,B007,CH004,66,49000,5.7
V007,L009,D0031,B007,CH004,63,46400,5.83
V007,L010,D0031,B007,CH004,67,46900,6.33
V008,L001,D0031,B002,CH003,36,15700,4.62
V008,L002,D0031,B002,CH003,54,23000,5.25
V008,L003,D0031,B002,CH003,46,17700,5.28
V008,L004,D0031,B002,CH003,52,24200,4.82
V008,L005,D0031,B002,CH003,61,23100,5.48
V008,L006,D0031,B002,CH003,64,21900,5.65
V008,L007,D0031,B002,CH003,71,23900,6.07
V008,L008,D0031,B002,CH003,63,22600,5.45
V008,L009,D0031,B002,CH003,53,23300,4.9
V008,L010,D0031,B002,CH003,46,22100,4.35
V009,L001,D0031,B003,CH003,32,21800,4.1
V009,L002,D0031,B003,CH003,47,31800,4.57
V009,L003,D0031,B003,CH003,50,23900,5.74
V009,L004,D0031,B003,CH003,43,30800,3.99
V009,L005,D0031,B003,CH003,60,32100,5.39
V009,L006,D0031,B003,CH003,61,29100,5.38
V009,L007,D0031,B003,CH003,68,34600,5.82
V009,L008,D0031,B003,CH003,68,32100,5.88
V009,L009,D0031,B003,CH003,62,29500,5.74
V009,L010,D0031,B003,CH003,60,29100,5.67
V010,L001,D0031,B007,CH004,30,43000,3.85
V010,L002,D0031,B007,CH004,23,65000,2.24
V010,L003,D0031,B007,CH004,30,51300,3.44
V010,L004,D0031,B007,CH004,44,64700,4.08
V010,L005,D0031,B007,CH004,31,66700,2.78
V010,L006,D0031,B007,CH004,47,64100,4.15
V010,L007,D0031,B007,CH004,45,63300,3.85
V010,L008,D0031,B007,CH004,40,65600,3.46
V010,L009,D0031,B007,CH004,35,64900,3.24
V010,L010,D0031,B007,CH004,33,58500,3.12
V011,L001,D0031,B005,CH003,24,39700,3.08
V011,L002,D0031,B005,CH003,39,54800,3.79
V011,L003,D0031,B005,CH003,37,48400,4.25
V011,L004,D0031,B005,CH003,32,58900,2.97
V011,L005,D0031,B005,CH003,33,55500,2.96
V011,L006,D0031,B005,CH003,35,56800,3.09
V011,L007,D0031,B005,CH003,40,62600,3.42
V011,L008,D0031,B005,CH003,23,58900,1.99
V011,L009,D0031,B005,CH003,37,56800,3.42
V011,L010,D0031,B005,CH003,53,54600,5.01
V012,L001,D0031,B006,CH003,45,33200,5.77
V012,L002,D0031,B006,CH003,57,48700,5.54
V012,L003,D0031,B006,CH003,51,36500,5.86
V012,L004,D0031,B006,CH003,64,46500,5.94
V012,L005,D0031,B006,CH003,71,48900,6.37
V012,L006,D0031,B006,CH003,77,47800,6.8
V012,L007,D0031,B006,CH003,70,50600,5.99
V012,L008,D0031,B006,CH003,58,50900,5.01
V012,L009,D0031,B006,CH003,53,43900,4.9
V012,L010,D0031,B006,CH003,46,44700,4.35
V013,L001,D0031,B001,CH002,36,24500,4.62
V013,L002,D0031,B001,CH002,57,34700,5.54
V013,L003,D0031,B001,CH002,43,27400,4.94
V013,L004,D0031,B001,CH002,61,32400,5.66
V013,L005,D0031,B001,CH002,51,35500,4.58
V013,L006,D0031,B001,CH002,48,30400,4.24
V013,L007,D0031,B001,CH002,44,34000,3.76
V013,L008,D0031,B001,CH002,49,36200,4.24
V013,L009,D0031,B001,CH002,58,32900,5.37
V013,L010,D0031,B001,CH002,59,32900,5.58
V014,L001,D0031,B004,CH003,34,29500,4.36
V014,L002,D0031,B004,CH003,41,40100,3.99
V014,L003,D0031,B004,CH003,38,33200,4.36
V014,L004,D0031,B004,CH003,46,42500,4.27
V014,L005,D0031,B004,CH003,41,42200,3.68
V014,L006,D0031,B004,CH003,44,40100,3.88
V014,L007,D0031,B004,CH003,57,44500,4.88
V014,L008,D0031,B004,CH003,62,42600,5.36
V014,L009,D0031,B004,CH003,42,43400,3.89
V014,L010,D0031,B004,CH003,50,42600,4.73
V015,L001,D0031,B002,CH004,32,25300,4.1
V015,L002,D0031,B002,CH004,34,35400,3.31
V015,L003,D0031,B002,CH004,32,31000,3.67
V015,L004,D0031,B002,CH004,39,36200,3.62
V015,L005,D0031,B002,CH004,34,40000,3.05
V015,L006,D0031,B002,CH004,38,35400,3.35
V015,L007,D0031,B002,CH004,45,37900,3.85
V015,L008,D0031,B002,CH004,38,38000,3.28
V015,L009,D0031,B002,CH004,37,37600,3.42
V015,L010,D0031,B002,CH004,33,37200,3.12
V016,L001,D0031,B008,CH004,31,38000,3.97
V016,L002,D0031,B008,CH004,55,51300,5.35
V016,L003,D0031,B008,CH004,45,46400,5.17
V016,L004,D0031,B008,CH004,62,57300,5.75
V016,L005,D0031,B008,CH004,53,57900,4.76
V016,L006,D0031,B008,CH004,51,49900,4.5
V016,L007,D0031,B008,CH004,40,59900,3.42
V016,L008,D0031,B008,CH004,52,58700,4.49
V016,L009,D0031,B008,CH004,42,53800,3.89
V016,L010,D0031,B008,CH004,40,51100,3.78
V017,L001,D0031,B010,CH004,24,71700,3.08
V017,L002,D0031,B010,CH004,24,103600,2.33
V017,L003,D0031,B010,CH004,14,78000,1.61
V017,L004,D0031,B010,CH004,21,96700,1.95
V017,L005,D0031,B010,CH004,23,97700,2.06
V017,L006,D0031,B010,CH004,20,90800,1.77
V017,L007,D0031,B010,CH004,14,106800,1.2
V017,L008,D0031,B010,CH004,20,96500,1.73
V017,L009,D0031,B010,CH004,19,94800,1.76
V017,L010,D0031,B010,CH004,21,98000,1.98
V018,L001,D0031,B004,CH002,26,24800,3.33
V018,L002,D0031,B004,CH002,37,34800,3.6
V018,L003,D0031,B004,CH002,35,27500,4.02
V018,L004,D0031,B004,CH002,38,36300,3.53
V018,L005,D0031,B004,CH002,49,32700,4.4
V018,L006,D0031,B004,CH002,53,34600,4.68
V018,L007,D0031,B004,CH002,47,38100,4.02
V018,L008,D0031,B004,CH002,57,33500,4.93
V018,L009,D0031,B004,CH002,38,33900,3.52
V018,L010,D0031,B004,CH002,54,35100,5.1
V019,L001,D0031,B005,CH002,24,30600,3.08
V019,L002,D0031,B005,CH002,29,43400,2.82
V019,L003,D0031,B005,CH002,24,36100,2.76
V019,L004,D0031,B005,CH002,24,45200,2.23
V019,L005,D0031,B005,CH002,29,46100,2.6
V019,L006,D0031,B005,CH002,33,40000,2.91
V019,L007,D0031,B005,CH002,23,48800,1.97
V019,L008,D0031,B005,CH002,25,44700,2.16
V019,L009,D0031,B005,CH002,31,44900,2.87
V019,L010,D0031,B005,CH002,24,42300,2.27
V020,L001,D0031,B003,CH002,37,29700,4.74
V020,L002,D0031,B003,CH002,57,39600,5.54
V020,L003,D0031,B003,CH002,54,31200,6.2
V020,L004,D0031,B003,CH002,56,40000,5.19
V020,L005,D0031,B003,CH002,57,37900,5.12
V020,L006,D0031,B003,CH002,66,39800,5.83
V020,L007,D0031,B003,CH002,60,44600,5.13
V020,L008,D0031,B003,CH002,67,40000,5.79
V020,L009,D0031,B003,CH002,75,38100,6.94
V020,L010,D0031,B003,CH002,56,39400,5.29
V001,L001,D0032,B004,CH004,51,29500,6.63
V001,L002,D0032,B004,CH004,70,43200,6.72
V001,L003,D0032,B004,CH004,63,33600,7.24
V001,L004,D0032,B004,CH004,75,44200,6.65
V001,L005,D0032,B004,CH004,93,43200,8.24
V001,L006,D0032,B004,CH004,79,44100,7.18
V001,L007,D0032,B004,CH004,101,45200,8.83
V001,L008,D0032,B004,CH004,80,43900,6.99
V001,L009,D0032,B004,CH004,78,43200,7.4
V001,L010,D0032,B004,CH004,69,42000,6.62
V002,L001,D0032,B006,CH004,57,36100,7.41
V002,L002,D0032,B006,CH004,73,49300,7.01
V002,L003,D0032,B006,CH004,60,39900,6.9
V002,L004,D0032,B006,CH004,86,52400,7.63
V002,L005,D0032,B006,CH004,87,49500,7.71
V002,L006,D0032,B006,CH004,88,51200,8.0
V002,L007,D0032,B006,CH004,81,56100,7.08
V002,L008,D0032,B006,CH004,87,51500,7.6
V002,L009,D0032,B006,CH004,62,47300,5.88
V002,L010,D0032,B006,CH004,76,49800,7.29
V003,L001,D0032,B003,CH003,46,23100,5.98
V003,L002,D0032,B003,CH003,77,31900,7.39
V003,L003,D0032,B003,CH003,65,24200,7.47
V003,L004,D0032,B003,CH003,72,32900,6.39
V003,L005,D0032,B003,CH003,85,30700,7.54
V003,L006,D0032,B003,CH003,69,29300,6.27
V003,L007,D0032,B003,CH003,75,33600,6.56
V003,L008,D0032,B003,CH003,82,31900,7.16
V003,L009,D0032,B003,CH003,60,31300,5.69
V003,L010,D0032,B003,CH003,78,28500,7.49
V004,L001,D0032,B006,CH004,50,31000,6.5
V004,L002,D0032,B006,CH004,73,45400,7.01
V004,L003,D0032,B006,CH004,52,36400,5.98
V004,L004,D0032,B006,CH004,77,42500,6.83
V004,L005,D0032,B006,CH004,84,43600,7.45
V004,L006,D0032,B006,CH004,77,42400,7.0
V004,L007,D0032,B006,CH004,71,47600,6.21
V004,L008,D0032,B006,CH004,76,44400,6.64
V004,L009,D0032,B006,CH004,88,41500,8.35
V004,L010,D0032,B006,CH004,63,40200,6.05
V005,L001,D0032,B007,CH004,47,35000,6.11
V005,L002,D0032,B007,CH004,74,49500,7.1
V005,L003,D0032,B007,CH004,43,40700,4.94
V005,L004,D0032,B007,CH004,73,47900,6.48
V005,L005,D0032,B007,CH004,59,51500,5.23
V005,L006,D0032,B007,CH004,65,49700,5.91
V005,L007,D0032,B007,CH004,68,53700,5.94
V005,L008,D0032,B007,CH004,68,52100,5.94
V005,L009,D0032,B007,CH004,62,48000,5.88
V005,L010,D0032,B007,CH004,58,48300,5.57
V006,L001,D0032,B003,CH003,45,26300,5.85
V006,L002,D0032,B003,CH003,61,37900,5.85
V006,L003,D0032,B003,CH003,55,30000,6.32
V006,L004,D0032,B003,CH003,74,38500,6.57
V006,L005,D0032,B003,CH003,75,35500,6.65
V006,L006,D0032,B003,CH003,59,34700,5.36
V006,L007,D0032,B003,CH003,64,39100,5.59
V006,L008,D0032,B003,CH003,70,37600,6.11
V006,L009,D0032,B003,CH003,76,35600,7.21
V006,L010,D0032,B003,CH003,59,37100,5.66
V007,L001,D0032,B007,CH004,54,34800,7.02
V007,L002,D0032,B007,CH004,71,45100,6.81
V007,L003,D0032,B007,CH004,43,39700,4.94
V007,L004,D0032,B007,CH004,58,48800,5.15
V007,L005,D0032,B007,CH004,68,48000,6.03
V007,L006,D0032,B007,CH004,74,48200,6.73
V007,L007,D0032,B007,CH004,52,49400,4.55
V007,L008,D0032,B007,CH004,60,50600,5.24
V007,L009,D0032,B007,CH004,53,50000,5.03
V007,L010,D0032,B007,CH004,50,44900,4.8
V008,L001,D0032,B002,CH003,43,16600,5.59
V008,L002,D0032,B002,CH003,48,23200,4.61
V008,L003,D0032,B002,CH003,52,17900,5.98
V008,L004,D0032,B002,CH003,64,23800,5.68
V008,L005,D0032,B002,CH003,61,22100,5.41
V008,L006,D0032,B002,CH003,68,23400,6.18
V008,L007,D0032,B002,CH003,64,23800,5.59
V008,L008,D0032,B002,CH003,61,24700,5.33
V008,L009,D0032,B002,CH003,68,22600,6.45
V008,L010,D0032,B002,CH003,51,21000,4.89
V009,L001,D0032,B003,CH003,38,23100,4.94
V009,L002,D0032,B003,CH003,56,31600,5.37
V009,L003,D0032,B003,CH003,39,25300,4.48
V009,L004,D0032,B003,CH003,61,30800,5.41
V009,L005,D0032,B003,CH003,52,31200,4.61
V009,L006,D0032,B003,CH003,57,29600,5.18
V009,L007,D0032,B003,CH003,56,34600,4.9
V009,L008,D0032,B003,CH003,63,31200,5.5
V009,L009,D0032,B003,CH003,60,31100,5.69
V009,L010,D0032,B003,CH003,51,29600,4.89
V010,L001,D0032,B007,CH004,14,42000,1.82
V010,L002,D0032,B007,CH004,38,61900,3.65
V010,L003,D0032,B007,CH004,34,50000,3.91
V010,L004,D0032,B007,CH004,40,60800,3.55
V010,L005,D0032,B007,CH004,47,64700,4.17
V010,L006,D0032,B007,CH004,43,59500,3.91
V010,L007,D0032,B007,CH004,31,67100,2.71
V010,L008,D0032,B007,CH004,47,62700,4.1
V010,L009,D0032,B007,CH004,37,61000,3.51
V010,L010,D0032,B007,CH004,42,62000,4.03
V011,L001,D0032,B005,CH003,27,40500,3.51
V011,L002,D0032,B005,CH003,29,55800,2.78
V011,L003,D0032,B005,CH003,31,43900,3.56
V011,L004,D0032,B005,CH003,42,56100,3.73
V011,L005,D0032,B005,CH003,33,58400,2.93
V011,L006,D0032,B005,CH003,31,54700,2.82
V011,L007,D0032,B005,CH003,50,59400,4.37
V011,L008,D0032,B005,CH003,34,56000,2.97
V011,L009,D0032,B005,CH003,31,53800,2.94
V011,L010,D0032,B005,CH003,42,57400,4.03
V012,L001,D0032,B006,CH003,41,34700,5.33
V012,L002,D0032,B006,CH003,52,47600,4.99
V012,L003,D0032,B006,CH003,50,37700,5.75
V012,L004,D0032,B006,CH003,60,47800,5.32
V012,L005,D0032,B006,CH003,55,46300,4.88
V012,L006,D0032,B006,CH003,59,46700,5.36
V012,L007,D0032,B006,CH003,57,47300,4.98
V012,L008,D0032,B006,CH003,61,46400,5.33
V012,L009,D0032,B006,CH003,57,46500,5.41
V012,L010,D0032,B006,CH003,61,44000,5.85
V013,L001,D0032,B001,CH002,35,23700,4.55
V013,L002,D0032,B001,CH002,43,34800,4.13
V013,L003,D0032,B001,CH002,32,27500,3.68
V013,L004,D0032,B001,CH002,44,32600,3.9
V013,L005,D0032,B001,CH002,51,32400,4.52
V013,L006,D0032,B001,CH002,44,32500,4.0
V013,L007,D0032,B001,CH002,59,36400,5.16
V013,L008,D0032,B001,CH002,53,35000,4.63
V013,L009,D0032,B001,CH002,57,34600,5.41
V013,L010,D0032,B001,CH002,47,32800,4.51
V014,L001,D0032,B004,CH003,42,29900,5.46
V014,L002,D0032,B004,CH003,34,41500,3.26
V014,L003,D0032,B004,CH003,36,34400,4.14
V014,L004,D0032,B004,CH003,59,42800,5.24
V014,L005,D0032,B004,CH003,47,44500,4.17
V014,L006,D0032,B004,CH003,54,40600,4.91
V014,L007,D0032,B004,CH003,47,42000,4.11
V014,L008,D0032,B004,CH003,45,40900,3.93
V014,L009,D0032,B004,CH003,48,38900,4.55
V014,L010,D0032,B004,CH003,37,39500,3.55
V015,L001,D0032,B002,CH004,33,26200,4.29
V015,L002,D0032,B002,CH004,38,37300,3.65
V015,L003,D0032,B002,CH004,27,31000,3.1
V015,L004,D0032,B002,CH004,41,38000,3.64
V015,L005,D0032,B002,CH004,30,36800,2.66
V015,L006,D0032,B002,CH004,34,35800,3.09
V015,L007,D0032,B002,CH004,44,41100,3.85
V015,L008,D0032,B002,CH004,32,39700,2.79
V015,L009,D0032,B002,CH004,38,35600,3.61
V015,L010,D0032,B002,CH004,45,38100,4.32
V016,L001,D0032,B008,CH004,31,39200,4.03
V016,L002,D0032,B008,CH004,37,54500,3.55
V016,L003,D0032,B008,CH004,41,45100,4.71
V016,L004,D0032,B008,CH004,47,54100,4.17
V016,L005,D0032,B008,CH004,40,55700,3.55
V016,L006,D0032,B008,CH004,52,49800,4.73
V016,L007,D0032,B008,CH004,54,54400,4.72
V016,L008,D0032,B008,CH004,59,59000,5.15
V016,L009,D0032,B008,CH004,39,54500,3.7
V016,L010,D0032,B008,CH004,49,54200,4.7
V017,L001,D0032,B010,CH004,19,66200,2.47
V017,L002,D0032,B010,CH004,14,100100,1.34
V017,L003,D0032,B010,CH004,20,82500,2.3
V017,L004,D0032,B010,CH004,16,103200,1.42
V017,L005,D0032,B010,CH004,16,94200,1.42
V017,L006,D0032,B010,CH004,16,96200,1.45
V017,L007,D0032,B010,CH004,15,104400,1.31
V017,L008,D0032,B010,CH004,15,106300,1.31
V017,L009,D0032,B010,CH004,25,96100,2.37
V017,L010,D0032,B010,CH004,22,101000,2.11
V018,L001,D0032,B004,CH002,30,24200,3.9
V018,L002,D0032,B004,CH002,49,32000,4.7
V018,L003,D0032,B004,CH002,54,26900,6.21
V018,L004,D0032,B004,CH002,52,35900,4.61
V018,L005,D0032,B004,CH002,51,35100,4.52
V018,L006,D0032,B004,CH002,49,34900,4.45
V018,L007,D0032,B004,CH002,52,38600,4.55
V018,L008,D0032,B004,CH002,51,36100,4.45
V018,L009,D0032,B004,CH002,32,32700,3.04
V018,L010,D0032,B004,CH002,52,33400,4.99
V019,L001,D0032,B005,CH002,21,31800,2.73
V019,L002,D0032,B005,CH002,34,43500,3.26
V019,L003,D0032,B005,CH002,22,34000,2.53
V019,L004,D0032,B005,CH002,24,43500,2.13
V019,L005,D0032,B005,CH002,28,43800,2.48
V019,L006,D0032,B005,CH002,25,42600,2.27
V019,L007,D0032,B005,CH002,33,48400,2.88
V019,L008,D0032,B005,CH002,23,46000,2.01
V019,L009,D0032,B005,CH002,23,45700,2.18
V019,L010,D0032,B005,CH002,22,44400,2.11
V020,L001,D0032,B003,CH002,45,27400,5.85
V020,L002,D0032,B003,CH002,71,38000,6.81
V020,L003,D0032,B003,CH002,51,31400,5.86
V020,L004,D0032,B003,CH002,62,40300,5.5
V020,L005,D0032,B003,CH002,66,38300,5.85
V020,L006,D0032,B003,CH002,57,40200,5.18
V020,L007,D0032,B003,CH002,70,44600,6.12
V020,L008,D0032,B003,CH002,78,41800,6.81
V020,L009,D0032,B003,CH002,60,39500,5.69
V020,L010,D0032,B003,CH002,68,36900,6.53
V001,L001,D0033,B004,CH004,59,32300,7.81
V001,L002,D0033,B004,CH004,88,41900,7.59
V001,L003,D0033,B004,CH004,82,36800,9.19
V001,L004,D0033,B004,CH004,87,43300,7.54
V001,L005,D0033,B004,CH004,99,45700,8.71
V001,L006,D0033,B004,CH004,81,43800,7.81
V001,L007,D0033,B004,CH004,101,48200,8.8
V001,L008,D0033,B004,CH004,84,46800,7.45
V001,L009,D0033,B004,CH004,83,43900,7.57
V001,L010,D0033,B004,CH004,76,44900,6.77
V002,L001,D0033,B006,CH004,62,36900,8.21
V002,L002,D0033,B006,CH004,85,51500,7.33
V002,L003,D0033,B006,CH004,61,42700,6.84
V002,L004,D0033,B006,CH004,96,53900,8.32
V002,L005,D0033,B006,CH004,76,53300,6.69
V002,L006,D0033,B006,CH004,83,50300,8.0
V002,L007,D0033,B006,CH004,90,51700,7.84
V002,L008,D0033,B006,CH004,76,52600,6.74
V002,L009,D0033,B006,CH004,86,50400,7.85
V002,L010,D0033,B006,CH004,91,47300,8.1
V003,L001,D0033,B003,CH003,53,21200,7.02
V003,L002,D0033,B003,CH003,82,30100,7.07
V003,L003,D0033,B003,CH003,76,25900,8.52
V003,L004,D0033,B003,CH003,81,31100,7.02
V003,L005,D0033,B003,CH003,96,30600,8.45
V003,L006,D0033,B003,CH003,83,28700,8.0
V003,L007,D0033,B003,CH003,75,32500,6.53
V003,L008,D0033,B003,CH003,83,32000,7.36
V003,L009,D0033,B003,CH003,84,32200,7.66
V003,L010,D0033,B003,CH003,73,29800,6.5
V004,L001,D0033,B006,CH004,65,30300,8.61
V004,L002,D0033,B006,CH004,82,42200,7.07
V004,L003,D0033,B006,CH004,56,35900,6.28
V004,L004,D0033,B006,CH004,79,46700,6.85
V004,L005,D0033,B006,CH004,72,43400,6.34
V004,L006,D0033,B006,CH004,71,44700,6.85
V004,L007,D0033,B006,CH004,82,44800,7.14
V004,L008,D0033,B006,CH004,69,43600,6.12
V004,L009,D0033,B006,CH004,69,44700,6.3
V004,L010,D0033,B006,CH004,83,43700,7.39
V005,L001,D0033,B007,CH004,43,35200,5.7
V005,L002,D0033,B007,CH004,60,52200,5.17
V005,L003,D0033,B007,CH004,50,41100,5.61
V005,L004,D0033,B007,CH004,83,51300,7.19
V005,L005,D0033,B007,CH004,71,51800,6.25
V005,L006,D0033,B007,CH004,57,46300,5.5
V005,L007,D0033,B007,CH004,73,56400,6.36
V005,L008,D0033,B007,CH004,75,53600,6.65
V005,L009,D0033,B007,CH004,65,48000,5.93
V005,L010,D0033,B007,CH004,64,48100,5.7
V006,L001,D0033,B003,CH003,54,26600,7.15
V006,L002,D0033,B003,CH003,77,37900,6.64
V006,L003,D0033,B003,CH003,44,29300,4.93
V006,L004,D0033,B003,CH003,57,36100,4.94
V006,L005,D0033,B003,CH003,56,37100,4.93
V006,L006,D0033,B003,CH003,60,33600,5.79
V006,L007,D0033,B003,CH003,72,40200,6.27
V006,L008,D0033,B003,CH003,61,35400,5.41
V006,L009,D0033,B003,CH003,70,35200,6.39
V006,L010,D0033,B003,CH003,64,36900,5.7
V007,L001,D0033,B007,CH004,41,34600,5.43
V007,L002,D0033,B007,CH004,60,48400,5.17
V007,L003,D0033,B007,CH004,41,37000,4.6
V007,L004,D0033,B007,CH004,70,50500,6.07
V007,L005,D0033,B007,CH004,56,48200,4.93
V007,L006,D0033,B007,CH004,62,45700,5.98
V007,L007,D0033,B007,CH004,71,51700,6.18
V007,L008,D0033,B007,CH004,65,48100,5.76
V007,L009,D0033,B007,CH004,69,45400,6.3
V007,L010,D0033,B007,CH004,59,44700,5.25
V008,L001,D0033,B002,CH003,41,16700,5.43
V008,L002,D0033,B002,CH003,59,22000,5.09
V008,L003,D0033,B002,CH003,66,17900,7.4
V008,L004,D0033,B002,CH003,51,24200,4.42
V008,L005,D0033,B002,CH003,51,22800,4.49
V008,L006,D0033,B002,CH003,56,23100,5.4
V008,L007,D0033,B002,CH003,55,25500,4.79
V008,L008,D0033,B002,CH003,57,23700,5.05
V008,L009,D0033,B002,CH003,60,23200,5.47
V008,L010,D0033,B002,CH003,62,21800,5.52
V009,L001,D0033,B003,CH003,34,23500,4.5
V009,L002,D0033,B003,CH003,52,30400,4.48
V009,L003,D0033,B003,CH003,43,25600,4.82
V009,L004,D0033,B003,CH003,48,31000,4.16
V009,L005,D0033,B003,CH003,52,31600,4.58
V009,L006,D0033,B003,CH003,46,30200,4.44
V009,L007,D0033,B003,CH003,36,35300,3.14
V009,L008,D0033,B003,CH003,55,31800,4.88
V009,L009,D0033,B003,CH003,55,29700,5.02
V009,L010,D0033,B003,CH003,51,31300,4.54
V010,L001,D0033,B007,CH004,24,46100,3.18
V010,L002,D0033,B007,CH004,44,60300,3.79
V010,L003,D0033,B007,CH004,35,51100,3.92
V010,L004,D0033,B007,CH004,42,66900,3.64
V010,L005,D0033,B007,CH004,45,65200,3.96
V010,L006,D0033,B007,CH004,41,61400,3.95
V010,L007,D0033,B007,CH004,35,65300,3.05
V010,L008,D0033,B007,CH004,47,60900,4.17
V010,L009,D0033,B007,CH004,38,62700,3.47
V010,L010,D0033,B007,CH004,49,60000,4.36
V011,L001,D0033,B005,CH003,19,41300,2.52
V011,L002,D0033,B005,CH003,40,56900,3.45
V011,L003,D0033,B005,CH003,31,48300,3.48
V011,L004,D0033,B005,CH003,34,55300,2.95
V011,L005,D0033,B005,CH003,25,58300,2.2
V011,L006,D0033,B005,CH003,34,56500,3.28
V011,L007,D0033,B005,CH003,26,62800,2.26
V011,L008,D0033,B005,CH003,42,59700,3.72
V011,L009,D0033,B005,CH003,30,57000,2.74
V011,L010,D0033,B005,CH003,33,55100,2.94
V012,L001,D0033,B006,CH003,38,33400,5.03
V012,L002,D0033,B006,CH003,61,43900,5.26
V012,L003,D0033,B006,CH003,53,37000,5.94
V012,L004,D0033,B006,CH003,72,48400,6.24
V012,L005,D0033,B006,CH003,63,47800,5.55
V012,L006,D0033,B006,CH003,36,47900,3.47
V012,L007,D0033,B006,CH003,67,49000,5.84
V012,L008,D0033,B006,CH003,71,47200,6.29
V012,L009,D0033,B006,CH003,52,44400,4.74
V012,L010,D0033,B006,CH003,60,44300,5.34
V013,L001,D0033,B001,CH002,40,24100,5.3
V013,L002,D0033,B001,CH002,45,33000,3.88
V013,L003,D0033,B001,CH002,38,25900,4.26
V013,L004,D0033,B001,CH002,47,33600,4.07
V013,L005,D0033,B001,CH002,49,33000,4.31
V013,L006,D0033,B001,CH002,52,33400,5.01
V013,L007,D0033,B001,CH002,51,34900,4.44
V013,L008,D0033,B001,CH002,53,33900,4.7
V013,L009,D0033,B001,CH002,55,31600,5.02
V013,L010,D0033,B001,CH002,59,30500,5.25
V014,L001,D0033,B004,CH003,27,28700,3.58
V014,L002,D0033,B004,CH003,52,43200,4.48
V014,L003,D0033,B004,CH003,26,34100,2.91
V014,L004,D0033,B004,CH003,48,44100,4.16
V014,L005,D0033,B004,CH003,54,42600,4.75
V014,L006,D0033,B004,CH003,38,40100,3.66
V014,L007,D0033,B004,CH003,51,43400,4.44
V014,L008,D0033,B004,CH003,50,43900,4.43
V014,L009,D0033,B004,CH003,40,39400,3.65
V014,L010,D0033,B004,CH003,54,41500,4.81
V015,L001,D0033,B002,CH004,23,25700,3.05
V015,L002,D0033,B002,CH004,42,37300,3.62
V015,L003,D0033,B002,CH004,33,31900,3.7
V015,L004,D0033,B002,CH004,40,39400,3.47
V015,L005,D0033,B002,CH004,34,37200,2.99
V015,L006,D0033,B002,CH004,34,34700,3.28
V015,L007,D0033,B002,CH004,45,37700,3.92
V015,L008,D0033,B002,CH004,39,36900,3.46
V015,L009,D0033,B002,CH004,39,35700,3.56
V015,L010,D0033,B002,CH004,36,36300,3.21
V016,L001,D0033,B008,CH004,32,40300,4.24
V016,L002,D0033,B008,CH004,55,55300,4.74
V016,L003,D0033,B008,CH004,41,44300,4.6
V016,L004,D0033,B008,CH004,47,54900,4.07
V016,L005,D0033,B008,CH004,62,56300,5.46
V016,L006,D0033,B008,CH004,61,51100,5.88
V016,L007,D0033,B008,CH004,43,57500,3.75
V016,L008,D0033,B008,CH004,47,53000,4.17
V016,L009,D0033,B008,CH004,54,52400,4.93
V016,L010,D0033,B008,CH004,41,54800,3.65
V017,L001,D0033,B010,CH004,13,74400,1.72
V017,L002,D0033,B010,CH004,25,101000,2.16
V017,L003,D0033,B010,CH004,17,82700,1.91
V017,L004,D0033,B010,CH004,24,103700,2.08
V017,L005,D0033,B010,CH004,23,93900,2.02
V017,L006,D0033,B010,CH004,19,94200,1.83
V017,L007,D0033,B010,CH004,22,107700,1.92
V017,L008,D0033,B010,CH004,16,107500,1.42
V017,L009,D0033,B010,CH004,20,94000,1.82
V017,L010,D0033,B010,CH004,20,95600,1.78
V018,L001,D0033,B004,CH002,32,25000,4.24
V018,L002,D0033,B004,CH002,48,33400,4.14
V018,L003,D0033,B004,CH002,33,27100,3.7
V018,L004,D0033,B004,CH002,48,35400,4.16
V018,L005,D0033,B004,CH002,45,34800,3.96
V018,L006,D0033,B004,CH002,45,31600,4.34
V018,L007,D0033,B004,CH002,52,38400,4.53
V018,L008,D0033,B004,CH002,54,34900,4.79
V018,L009,D0033,B004,CH002,43,33900,3.92
V018,L010,D0033,B004,CH002,55,33400,4.9
V019,L001,D0033,B005,CH002,21,31000,2.78
V019,L002,D0033,B005,CH002,32,41900,2.76
V019,L003,D0033,B005,CH002,21,36400,2.35
V019,L004,D0033,B005,CH002,38,45300,3.29
V019,L005,D0033,B005,CH002,28,43500,2.46
V019,L006,D0033,B005,CH002,25,41300,2.41
V019,L007,D0033,B005,CH002,36,44900,3.14
V019,L008,D0033,B005,CH002,28,43000,2.48
V019,L009,D0033,B005,CH002,30,44800,2.74
V019,L010,D0033,B005,CH002,30,42600,2.67
V020,L001,D0033,B003,CH002,34,28900,4.5
V020,L002,D0033,B003,CH002,71,39300,6.12
V020,L003,D0033,B003,CH002,45,31900,5.04
V020,L004,D0033,B003,CH002,62,41300,5.37
V020,L005,D0033,B003,CH002,79,37900,6.95
V020,L006,D0033,B003,CH002,53,38400,5.11
V020,L007,D0033,B003,CH002,65,41200,5.66
V020,L008,D0033,B003,CH002,56,40500,4.96
V020,L009,D0033,B003,CH002,54,38500,4.93
V020,L010,D0033,B003,CH002,63,38100,5.61
V001,L001,D0034,B004,CH004,63,30700,7.69
V001,L002,D0034,B004,CH004,96,42200,8.54
V001,L003,D0034,B004,CH004,62,35500,6.07
V001,L004,D0034,B004,CH004,85,42700,7.19
V001,L005,D0034,B004,CH004,105,44400,8.76
V001,L006,D0034,B004,CH004,97,40200,8.32
V001,L007,D0034,B004,CH004,97,46200,7.16
V001,L008,D0034,B004,CH004,87,45700,7.12
V001,L009,D0034,B004,CH004,94,41000,8.2
V001,L010,D0034,B004,CH004,77,40900,6.82
V002,L001,D0034,B006,CH004,52,37100,6.35
V002,L002,D0034,B006,CH004,104,51400,9.25
V002,L003,D0034,B006,CH004,81,42100,7.93
V002,L004,D0034,B006,CH004,90,50400,7.61
V002,L005,D0034,B006,CH004,91,51300,7.59
V002,L006,D0034,B006,CH004,79,51000,6.78
V002,L007,D0034,B006,CH004,100,53700,7.39
V002,L008,D0034,B006,CH004,108,52500,8.84
V002,L009,D0034,B006,CH004,79,46800,6.89
V002,L010,D0034,B006,CH004,71,46100,6.29
V003,L001,D0034,B003,CH003,55,22100,6.72
V003,L002,D0034,B003,CH003,58,29800,5.16
V003,L003,D0034,B003,CH003,60,25300,5.88
V003,L004,D0034,B003,CH003,84,32700,7.1
V003,L005,D0034,B003,CH003,67,32700,5.59
V003,L006,D0034,B003,CH003,70,30700,6.0
V003,L007,D0034,B003,CH003,119,31900,8.79
V003,L008,D0034,B003,CH003,88,33900,7.2
V003,L009,D0034,B003,CH003,82,30500,7.15
V003,L010,D0034,B003,CH003,73,29700,6.47
V004,L001,D0034,B006,CH004,55,29700,6.72
V004,L002,D0034,B006,CH004,73,44300,6.49
V004,L003,D0034,B006,CH004,80,36000,7.84
V004,L004,D0034,B006,CH004,71,45700,6.0
V004,L005,D0034,B006,CH004,81,44700,6.76
V004,L006,D0034,B006,CH004,83,44900,7.12
V004,L007,D0034,B006,CH004,105,47400,7.75
V004,L008,D0034,B006,CH004,94,47000,7.69
V004,L009,D0034,B006,CH004,83,42300,7.24
V004,L010,D0034,B006,CH004,75,44800,6.64
V005,L001,D0034,B007,CH004,52,34400,6.35
V005,L002,D0034,B007,CH004,72,52100,6.41
V005,L003,D0034,B007,CH004,62,41900,6.07
V005,L004,D0034,B007,CH004,74,51800,6.26
V005,L005,D0034,B007,CH004,71,48100,5.92
V005,L006,D0034,B007,CH004,83,48800,7.12
V005,L007,D0034,B007,CH004,79,53300,5.83
V005,L008,D0034,B007,CH004,87,53300,7.12
V005,L009,D0034,B007,CH004,60,47700,5.23
V005,L010,D0034,B007,CH004,66,48300,5.85
V006,L001,D0034,B003,CH003,48,27200,5.86
V006,L002,D0034,B003,CH003,64,34100,5.69
V006,L003,D0034,B003,CH003,69,30700,6.76
V006,L004,D0034,B003,CH003,71,38100,6.0
V006,L005,D0034,B003,CH003,62,35400,5.17
V006,L006,D0034,B003,CH003,57,33800,4.89
V006,L007,D0034,B003,CH003,73,40700,5.39
V006,L008,D0034,B003,CH003,69,37800,5.65
V006,L009,D0034,B003,CH003,71,35300,6.19
V006,L010,D0034,B003,CH003,84,36100,7.44
V007,L001,D0034,B007,CH004,47,34700,5.74
V007,L002,D0034,B007,CH004,61,46800,5.43
V007,L003,D0034,B007,CH004,59,36700,5.78
V007,L004,D0034,B007,CH004,59,48600,4.99
V007,L005,D0034,B007,CH004,73,51000,6.09
V007,L006,D0034,B007,CH004,48,44600,4.12
V007,L007,D0034,B007,CH004,77,50500,5.69
V007,L008,D0034,B007,CH004,62,48000,5.07
V007,L009,D0034,B007,CH004,61,49900,5.32
V007,L010,D0034,B007,CH004,71,49000,6.29
V008,L001,D0034,B002,CH003,43,16900,5.25
V008,L002,D0034,B002,CH003,68,23700,6.05
V008,L003,D0034,B002,CH003,57,17800,5.58
V008,L004,D0034,B002,CH003,60,24500,5.07
V008,L005,D0034,B002,CH003,62,23500,5.17
V008,L006,D0034,B002,CH003,64,22200,5.49
V008,L007,D0034,B002,CH003,65,23900,4.8
V008,L008,D0034,B002,CH003,62,22700,5.07
V008,L009,D0034,B002,CH003,64,23500,5.58
V008,L010,D0034,B002,CH003,63,22700,5.58
V009,L001,D0034,B003,CH003,46,21500,5.62
V009,L002,D0034,B003,CH003,65,31700,5.78
V009,L003,D0034,B003,CH003,43,25800,4.21
V009,L004,D0034,B003,CH003,50,32500,4.23
V009,L005,D0034,B003,CH003,64,32900,5.34
V009,L006,D0034,B003,CH003,70,29700,6.0
V009,L007,D0034,B003,CH003,67,34800,4.95
V009,L008,D0034,B003,CH003,69,33500,5.65
V009,L009,D0034,B003,CH003,50,32600,4.36
V009,L010,D0034,B003,CH003,56,31100,4.96
V010,L001,D0034,B007,CH004,36,44400,4.4
V010,L002,D0034,B007,CH004,38,64700,3.38
V010,L003,D0034,B007,CH004,37,51900,3.62
V010,L004,D0034,B007,CH004,42,62500,3.55
V010,L005,D0034,B007,CH004,41,59600,3.42
V010,L006,D0034,B007,CH004,36,58900,3.09
V010,L007,D0034,B007,CH004,51,66000,3.77
V010,L008,D0034,B007,CH004,39,65400,3.19
V010,L009,D0034,B007,CH004,38,61600,3.31
V010,L010,D0034,B007,CH004,40,63700,3.54
V011,L001,D0034,B005,CH003,25,42600,3.05
V011,L002,D0034,B005,CH003,39,54200,3.47
V011,L003,D0034,B005,CH003,50,44200,4.9
V011,L004,D0034,B005,CH003,44,56100,3.72
V011,L005,D0034,B005,CH003,41,57800,3.42
V011,L006,D0034,B005,CH003,39,53900,3.34
V011,L007,D0034,B005,CH003,52,63400,3.84
V011,L008,D0034,B005,CH003,48,60500,3.93
V011,L009,D0034,B005,CH003,34,55800,2.96
V011,L010,D0034,B005,CH003,41,54600,3.63
V012,L001,D0034,B006,CH003,38,34400,4.64
V012,L002,D0034,B006,CH003,56,43900,4.98
V012,L003,D0034,B006,CH003,57,37000,5.58
V012,L004,D0034,B006,CH003,58,45000,4.9
V012,L005,D0034,B006,CH003,67,47600,5.59
V012,L006,D0034,B006,CH003,67,46200,5.75
V012,L007,D0034,B006,CH003,67,49500,4.95
V012,L008,D0034,B006,CH003,65,47900,5.32
V012,L009,D0034,B006,CH003,67,46000,5.84
V012,L010,D0034,B006,CH003,64,43700,5.67
V013,L001,D0034,B001,CH002,46,25000,5.62
V013,L002,D0034,B001,CH002,49,31700,4.36
V013,L003,D0034,B001,CH002,41,27700,4.02
V013,L004,D0034,B001,CH002,56,32600,4.73
V013,L005,D0034,B001,CH002,48,32600,4.0
V013,L006,D0034,B001,CH002,48,32400,4.12
V013,L007,D0034,B001,CH002,51,34300,3.77
V013,L008,D0034,B001,CH002,48,32400,3.93
V013,L009,D0034,B001,CH002,63,34700,5.49
V013,L010,D0034,B001,CH002,52,32500,4.61
V014,L001,D0034,B004,CH003,28,29400,3.42
V014,L002,D0034,B004,CH003,43,40100,3.83
V014,L003,D0034,B004,CH003,45,35300,4.41
V014,L004,D0034,B004,CH003,52,40300,4.4
V014,L005,D0034,B004,CH003,56,40000,4.67
V014,L006,D0034,B004,CH003,51,41000,4.37
V014,L007,D0034,B004,CH003,57,46600,4.21
V014,L008,D0034,B004,CH003,48,42300,3.93
V014,L009,D0034,B004,CH003,44,41000,3.84
V014,L010,D0034,B004,CH003,40,40000,3.54
V015,L001,D0034,B002,CH004,28,25600,3.42
V015,L002,D0034,B002,CH004,42,36200,3.74
V015,L003,D0034,B002,CH004,31,31700,3.04
V015,L004,D0034,B002,CH004,50,39100,4.23
V015,L005,D0034,B002,CH004,51,36700,4.25
V015,L006,D0034,B002,CH004,46,37300,3.95
V015,L007,D0034,B002,CH004,40,42400,2.95
V015,L008,D0034,B002,CH004,34,39500,2.78
V015,L009,D0034,B002,CH004,41,35800,3.57
V015,L010,D0034,B002,CH004,42,36200,3.72
V016,L001,D0034,B008,CH004,41,38100,5.01
V016,L002,D0034,B008,CH004,57,54500,5.07
V016,L003,D0034,B008,CH004,42,44500,4.11
V016,L004,D0034,B008,CH004,63,56400,5.33
V016,L005,D0034,B008,CH004,44,56300,3.67
V016,L006,D0034,B008,CH004,57,51000,4.89
V016,L007,D0034,B008,CH004,61,57200,4.51
V016,L008,D0034,B008,CH004,50,54300,4.09
V016,L009,D0034,B008,CH004,54,53100,4.71
V016,L010,D0034,B008,CH004,49,52700,4.34
V017,L001,D0034,B010,CH004,19,70200,2.32
V017,L002,D0034,B010,CH004,25,92800,2.22
V017,L003,D0034,B010,CH004,22,83800,2.15
V017,L004,D0034,B010,CH004,25,105300,2.11
V017,L005,D0034,B010,CH004,22,105300,1.83
V017,L006,D0034,B010,CH004,19,98600,1.63
V017,L007,D0034,B010,CH004,22,109200,1.62
V017,L008,D0034,B010,CH004,26,105000,2.13
V017,L009,D0034,B010,CH004,18,95500,1.57
V017,L010,D0034,B010,CH004,27,95600,2.39
V018,L001,D0034,B004,CH002,33,24700,4.03
V018,L002,D0034,B004,CH002,38,33400,3.38
V018,L003,D0034,B004,CH002,36,26300,3.53
V018,L004,D0034,B004,CH002,50,35000,4.23
V018,L005,D0034,B004,CH002,49,34600,4.09
V018,L006,D0034,B004,CH002,56,32400,4.8
V018,L007,D0034,B004,CH002,61,35600,4.51
V018,L008,D0034,B004,CH002,49,34200,4.01
V018,L009,D0034,B004,CH002,48,33800,4.18
V018,L010,D0034,B004,CH002,45,34200,3.99
V019,L001,D0034,B005,CH002,18,32000,2.2
V019,L002,D0034,B005,CH002,26,42800,2.31
V019,L003,D0034,B005,CH002,29,35400,2.84
V019,L004,D0034,B005,CH002,31,46900,2.62
V019,L005,D0034,B005,CH002,36,44100,3.0
V019,L006,D0034,B005,CH002,33,42600,2.83
V019,L007,D0034,B005,CH002,26,45600,1.92
V019,L008,D0034,B005,CH002,25,45500,2.05
V019,L009,D0034,B005,CH002,18,43200,1.57
V019,L010,D0034,B005,CH002,31,44100,2.75
V020,L001,D0034,B003,CH002,46,28700,5.62
V020,L002,D0034,B003,CH002,50,38200,4.45
V020,L003,D0034,B003,CH002,58,33800,5.68
V020,L004,D0034,B003,CH002,68,42400,5.75
V020,L005,D0034,B003,CH002,68,39400,5.67
V020,L006,D0034,B003,CH002,63,38800,5.4
V020,L007,D0034,B003,CH002,84,42600,6.2
V020,L008,D0034,B003,CH002,64,39400,5.24
V020,L009,D0034,B003,CH002,78,40600,6.8
V020,L010,D0034,B003,CH002,62,39500,5.49
V001,L001,D0035,B004,CH004,62,31600,7.16
V001,L002,D0035,B004,CH004,90,41600,7.29
V001,L003,D0035,B004,CH004,86,36600,8.68
V001,L004,D0035,B004,CH004,100,42300,7.9
V001,L005,D0035,B004,CH004,96,42500,7.34
V001,L006,D0035,B004,CH004,76,43800,6.76
V001,L007,D0035,B004,CH004,103,46200,8.01
V001,L008,D0035,B004,CH004,84,42400,6.82
V001,L009,D0035,B004,CH004,96,44100,7.96
V001,L010,D0035,B004,CH004,90,42100,7.67
V002,L001,D0035,B006,CH004,65,36900,7.51
V002,L002,D0035,B006,CH004,86,49900,6.97
V002,L003,D0035,B006,CH004,54,41500,5.45
V002,L004,D0035,B006,CH004,98,52700,7.74
V002,L005,D0035,B006,CH004,122,48100,9.33
V002,L006,D0035,B006,CH004,69,48800,6.14
V002,L007,D0035,B006,CH004,87,54300,6.77
V002,L008,D0035,B006,CH004,82,49300,6.66
V002,L009,D0035,B006,CH004,94,47100,7.79
V002,L010,D0035,B006,CH004,92,49500,7.84
V003,L001,D0035,B003,CH003,68,22300,7.85
V003,L002,D0035,B003,CH003,90,30900,7.29
V003,L003,D0035,B003,CH003,63,24200,6.36
V003,L004,D0035,B003,CH003,81,31700,6.4
V003,L005,D0035,B003,CH003,98,32900,7.49
V003,L006,D0035,B003,CH003,75,29900,6.67
V003,L007,D0035,B003,CH003,89,32900,6.92
V003,L008,D0035,B003,CH003,74,32800,6.01
V003,L009,D0035,B003,CH003,79,31600,6.55
V003,L010,D0035,B003,CH003,85,31100,7.25
V004,L001,D0035,B006,CH004,54,31800,6.24
V004,L002,D0035,B006,CH004,82,44300,6.65
V004,L003,D0035,B006,CH004,90,36800,9.08
V004,L004,D0035,B006,CH004,71,42800,5.61
V004,L005,D0035,B006,CH004,66,45000,5.05
V004,L006,D0035,B006,CH004,77,44800,6.85
V004,L007,D0035,B006,CH004,79,48200,6.14
V004,L008,D0035,B006,CH004,97,42800,7.87
V004,L009,D0035,B006,CH004,82,43500,6.8
V004,L010,D0035,B006,CH004,87,43600,7.42
V005,L001,D0035,B007,CH004,60,34700,6.93
V005,L002,D0035,B007,CH004,76,47400,6.16
V005,L003,D0035,B007,CH004,58,39200,5.85
V005,L004,D0035,B007,CH004,70,51700,5.53
V005,L005,D0035,B007,CH004,70,48400,5.35
V005,L006,D0035,B007,CH004,74,51300,6.58
V005,L007,D0035,B007,CH004,79,51200,6.14
V005,L008,D0035,B007,CH004,74,51400,6.01
V005,L009,D0035,B007,CH004,71,49500,5.89
V005,L010,D0035,B007,CH004,65,49700,5.54
V006,L001,D0035,B003,CH003,60,24700,6.93
V006,L002,D0035,B003,CH003,70,35400,5.67
V006,L003,D0035,B003,CH003,54,29600,5.45
V006,L004,D0035,B003,CH003,62,36500,4.9
V006,L005,D0035,B003,CH003,73,35200,5.58
V006,L006,D0035,B003,CH003,63,33500,5.6
V006,L007,D0035,B003,CH003,75,38800,5.83
V006,L008,D0035,B003,CH003,89,36800,7.22
V006,L009,D0035,B003,CH003,75,34600,6.22
V006,L010,D0035,B003,CH003,71,36600,6.05
V007,L001,D0035,B007,CH004,39,34200,4.5
V007,L002,D0035,B007,CH004,73,46900,5.92
V007,L003,D0035,B007,CH004,52,40700,5.25
V007,L004,D0035,B007,CH004,70,48100,5.53
V007,L005,D0035,B007,CH004,90,47700,6.88
V007,L006,D0035,B007,CH004,64,45900,5.69
V007,L007,D0035,B007,CH004,80,51300,6.22
V007,L008,D0035,B007,CH004,72,52100,5.84
V007,L009,D0035,B007,CH004,80,49200,6.63
V007,L010,D0035,B007,CH004,59,43800,5.03
V008,L001,D0035,B002,CH003,34,15800,3.93
V008,L002,D0035,B002,CH003,63,23300,5.11
V008,L003,D0035,B002,CH003,52,17600,5.25
V008,L004,D0035,B002,CH003,70,24700,5.53
V008,L005,D0035,B002,CH003,61,23300,4.66
V008,L006,D0035,B002,CH003,67,22600,5.96
V008,L007,D0035,B002,CH003,78,25300,6.07
V008,L008,D0035,B002,CH003,74,23300,6.01
V008,L009,D0035,B002,CH003,62,23800,5.14
V008,L010,D0035,B002,CH003,57,21900,4.86
V009,L001,D0035,B003,CH003,41,22600,4.73
V009,L002,D0035,B003,CH003,74,31300,6.0
V009,L003,D0035,B003,CH003,50,24100,5.05
V009,L004,D0035,B003,CH003,65,31400,5.13
V009,L005,D0035,B003,CH003,63,33200,4.82
V009,L006,D0035,B003,CH003,59,29800,5.25
V009,L007,D0035,B003,CH003,55,35000,4.28
V009,L008,D0035,B003,CH003,64,31800,5.19
V009,L009,D0035,B003,CH003,54,32700,4.48
V009,L010,D0035,B003,CH003,72,29500,6.14
V010,L001,D0035,B007,CH004,31,47000,3.58
V010,L002,D0035,B007,CH004,48,62600,3.89
V010,L003,D0035,B007,CH004,39,50600,3.94
V010,L004,D0035,B007,CH004,52,61800,4.11
V010,L005,D0035,B007,CH004,60,65600,4.59
V010,L006,D0035,B007,CH004,33,60600,2.94
V010,L007,D0035,B007,CH004,56,68900,4.35
V010,L008,D0035,B007,CH004,44,63400,3.57
V010,L009,D0035,B007,CH004,49,60800,4.06
V010,L010,D0035,B007,CH004,41,58200,3.5
V011,L001,D0035,B005,CH003,31,38500,3.58
V011,L002,D0035,B005,CH003,40,54800,3.24
V011,L003,D0035,B005,CH003,29,48800,2.93
V011,L004,D0035,B005,CH003,51,60800,4.03
V011,L005,D0035,B005,CH003,46,58800,3.52
V011,L006,D0035,B005,CH003,36,54600,3.2
V011,L007,D0035,B005,CH003,29,58100,2.26
V011,L008,D0035,B005,CH003,47,60000,3.81
V011,L009,D0035,B005,CH003,39,57800,3.23
V011,L010,D0035,B005,CH003,37,53600,3.15
V012,L001,D0035,B006,CH003,37,35200,4.27
V012,L002,D0035,B006,CH003,73,47900,5.92
V012,L003,D0035,B006,CH003,47,37500,4.74
V012,L004,D0035,B006,CH003,61,48500,4.82
V012,L005,D0035,B006,CH003,74,48200,5.66
V012,L006,D0035,B006,CH003,68,44600,6.05
V012,L007,D0035,B006,CH003,64,52800,4.98
V012,L008,D0035,B006,CH003,68,50900,5.52
V012,L009,D0035,B006,CH003,70,48200,5.8
V012,L010,D0035,B006,CH003,64,44100,5.46
V013,L001,D0035,B001,CH002,34,23500,3.93
V013,L002,D0035,B001,CH002,49,31600,3.97
V013,L003,D0035,B001,CH002,51,25900,5.15
V013,L004,D0035,B001,CH002,59,33400,4.66
V013,L005,D0035,B001,CH002,55,33600,4.2
V013,L006,D0035,B001,CH002,58,31000,5.16
V013,L007,D0035,B001,CH002,61,37200,4.74
V013,L008,D0035,B001,CH002,53,33400,4.3
V013,L009,D0035,B001,CH002,58,34600,4.81
V013,L010,D0035,B001,CH002,56,31400,4.77
V014,L001,D0035,B004,CH003,40,28900,4.62
V014,L002,D0035,B004,CH003,54,42500,4.38
V014,L003,D0035,B004,CH003,49,32700,4.94
V014,L004,D0035,B004,CH003,57,43400,4.5
V014,L005,D0035,B004,CH003,47,42900,3.59
V014,L006,D0035,B004,CH003,48,38200,4.27
V014,L007,D0035,B004,CH003,62,42900,4.82
V014,L008,D0035,B004,CH003,42,42100,3.41
V014,L009,D0035,B004,CH003,49,40000,4.06
V014,L010,D0035,B004,CH003,42,40100,3.58
V015,L001,D0035,B002,CH004,37,25700,4.27
V015,L002,D0035,B002,CH004,40,35800,3.24
V015,L003,D0035,B002,CH004,36,30900,3.63
V015,L004,D0035,B002,CH004,45,37300,3.55
V015,L005,D0035,B002,CH004,30,36500,2.29
V015,L006,D0035,B002,CH004,36,35300,3.2
V015,L007,D0035,B002,CH004,31,41900,2.41
V015,L008,D0035,B002,CH004,46,37400,3.73
V015,L009,D0035,B002,CH004,41,38700,3.4
V015,L010,D0035,B002,CH004,41,37300,3.5
V016,L001,D0035,B008,CH004,48,37100,5.54
V016,L002,D0035,B008,CH004,51,55700,4.13
V016,L003,D0035,B008,CH004,36,46000,3.63
V016,L004,D0035,B008,CH004,73,58000,5.77
V016,L005,D0035,B008,CH004,55,53300,4.2
V016,L006,D0035,B008,CH004,54,51800,4.8
V016,L007,D0035,B008,CH004,63,59500,4.9
V016,L008,D0035,B008,CH004,47,54300,3.81
V016,L009,D0035,B008,CH004,43,56100,3.57
V016,L010,D0035,B008,CH004,56,52600,4.77
V017,L001,D0035,B010,CH004,13,66400,1.5
V017,L002,D0035,B010,CH004,30,97400,2.43
V017,L003,D0035,B010,CH004,19,83200,1.92
V017,L004,D0035,B010,CH004,24,98500,1.9
V017,L005,D0035,B010,CH004,30,100700,2.29
V017,L006,D0035,B010,CH004,17,98000,1.51
V017,L007,D0035,B010,CH004,29,102800,2.26
V017,L008,D0035,B010,CH004,20,106300,1.62
V017,L009,D0035,B010,CH004,18,101100,1.49
V017,L010,D0035,B010,CH004,24,91300,2.05
V018,L001,D0035,B004,CH002,44,25800,5.08
V018,L002,D0035,B004,CH002,49,33300,3.97
V018,L003,D0035,B004,CH002,39,28200,3.94
V018,L004,D0035,B004,CH002,44,33000,3.48
V018,L005,D0035,B004,CH002,52,36100,3.98
V018,L006,D0035,B004,CH002,51,32300,4.54
V018,L007,D0035,B004,CH002,57,35500,4.43
V018,L008,D0035,B004,CH002,53,34600,4.3
V018,L009,D0035,B004,CH002,52,35600,4.31
V018,L010,D0035,B004,CH002,50,34300,4.26
V019,L001,D0035,B005,CH002,23,31400,2.66
V019,L002,D0035,B005,CH002,29,44500,2.35
V019,L003,D0035,B005,CH002,28,35900,2.83
V019,L004,D0035,B005,CH002,34,46100,2.69
V019,L005,D0035,B005,CH002,37,42100,2.83
V019,L006,D0035,B005,CH002,38,41700,3.38
V019,L007,D0035,B005,CH002,30,44600,2.33
V019,L008,D0035,B005,CH002,26,43100,2.11
V019,L009,D0035,B005,CH002,30,45300,2.49
V019,L010,D0035,B005,CH002,26,40600,2.22
V020,L001,D0035,B003,CH002,45,28100,5.2
V020,L002,D0035,B003,CH002,67,41400,5.43
V020,L003,D0035,B003,CH002,59,32200,5.95
V020,L004,D0035,B003,CH002,79,38000,6.24
V020,L005,D0035,B003,CH002,83,39100,6.35
V020,L006,D0035,B003,CH002,61,37500,5.43
V020,L007,D0035,B003,CH002,79,43200,6.14
V020,L008,D0035,B003,CH002,76,42600,6.17
V020,L009,D0035,B003,CH002,64,38900,5.31
V020,L010,D0035,B003,CH002,58,39700,4.94
V001,L001,D0036,B004,CH004,76,31900,7.79
V001,L002,D0036,B004,CH004,96,45700,7.55
V001,L003,D0036,B004,CH004,90,35700,8.6
V001,L004,D0036,B004,CH004,98,44500,7.32
V001,L005,D0036,B004,CH004,89,43500,6.64
V001,L006,D0036,B004,CH004,86,43200,6.61
V001,L007,D0036,B004,CH004,98,45200,6.84
V001,L008,D0036,B004,CH004,109,47200,7.86
V001,L009,D0036,B004,CH004,103,44700,7.61
V001,L010,D0036,B004,CH004,88,44400,6.93
V002,L001,D0036,B006,CH004,67,35300,6.86
V002,L002,D0036,B006,CH004,104,50300,8.18
V002,L003,D0036,B006,CH004,90,41400,8.6
V002,L004,D0036,B006,CH004,95,48000,7.1
V002,L005,D0036,B006,CH004,90,51900,6.71
V002,L006,D0036,B006,CH004,103,47700,7.91
V002,L007,D0036,B006,CH004,105,53400,7.33
V002,L008,D0036,B006,CH004,105,49100,7.58
V002,L009,D0036,B006,CH004,105,49300,7.75
V002,L010,D0036,B006,CH004,105,49400,8.27
V003,L001,D0036,B003,CH003,74,23600,7.58
V003,L002,D0036,B003,CH003,93,29300,7.31
V003,L003,D0036,B003,CH003,84,26600,8.03
V003,L004,D0036,B003,CH003,86,30600,6.43
V003,L005,D0036,B003,CH003,104,32000,7.76
V003,L006,D0036,B003,CH003,97,28900,7.45
V003,L007,D0036,B003,CH003,100,34500,6.98
V003,L008,D0036,B003,CH003,77,33300,5.56
V003,L009,D0036,B003,CH003,107,30200,7.9
V003,L010,D0036,B003,CH003,113,31500,8.9
V004,L001,D0036,B006,CH004,46,30600,4.71
V004,L002,D0036,B006,CH004,90,42800,7.08
V004,L003,D0036,B006,CH004,67,33400,6.41
V004,L004,D0036,B006,CH004,71,42400,5.31
V004,L005,D0036,B006,CH004,97,45500,7.23
V004,L006,D0036,B006,CH004,90,44100,6.91
V004,L007,D0036,B006,CH004,100,48500,6.98
V004,L008,D0036,B006,CH004,98,46400,7.07
V004,L009,D0036,B006,CH004,94,45700,6.94
V004,L010,D0036,B006,CH004,88,44800,6.93
V005,L001,D0036,B007,CH004,65,36700,6.66
V005,L002,D0036,B007,CH004,73,49200,5.74
V005,L003,D0036,B007,CH004,53,41100,5.07
V005,L004,D0036,B007,CH004,75,50900,5.61
V005,L005,D0036,B007,CH004,78,48600,5.82
V005,L006,D0036,B007,CH004,79,49800,6.07
V005,L007,D0036,B007,CH004,88,54800,6.14
V005,L008,D0036,B007,CH004,99,53700,7.14
V005,L009,D0036,B007,CH004,78,50900,5.76
V005,L010,D0036,B007,CH004,76,49200,5.99
V006,L001,D0036,B003,CH003,65,26700,6.66
V006,L002,D0036,B003,CH003,68,37700,5.35
V006,L003,D0036,B003,CH003,54,29200,5.16
V006,L004,D0036,B003,CH003,88,38000,6.58
V006,L005,D0036,B003,CH003,76,36400,5.67
V006,L006,D0036,B003,CH003,87,35800,6.68
V006,L007,D0036,B003,CH003,97,38200,6.77
V006,L008,D0036,B003,CH003,93,39100,6.71
V006,L009,D0036,B003,CH003,73,34700,5.39
V006,L010,D0036,B003,CH003,73,33600,5.75
V007,L001,D0036,B007,CH004,54,34200,5.53
V007,L002,D0036,B007,CH004,53,46700,4.17
V007,L003,D0036,B007,CH004,53,39400,5.07
V007,L004,D0036,B007,CH004,80,47700,5.98
V007,L005,D0036,B007,CH004,78,48200,5.82
V007,L006,D0036,B007,CH004,82,46900,6.3
V007,L007,D0036,B007,CH004,68,49300,4.75
V007,L008,D0036,B007,CH004,67,49300,4.83
V007,L009,D0036,B007,CH004,71,49300,5.24
V007,L010,D0036,B007,CH004,61,46800,4.81
V008,L001,D0036,B002,CH003,45,15400,4.61
V008,L002,D0036,B002,CH003,56,22400,4.4
V008,L003,D0036,B002,CH003,42,19500,4.02
V008,L004,D0036,B002,CH003,86,22800,6.43
V008,L005,D0036,B002,CH003,70,24400,5.22
V008,L006,D0036,B002,CH003,63,21600,4.84
V008,L007,D0036,B002,CH003,92,25200,6.42
V008,L008,D0036,B002,CH003,81,24200,5.84
V008,L009,D0036,B002,CH003,83,23400,6.13
V008,L010,D0036,B002,CH003,59,23200,4.65
V009,L001,D0036,B003,CH003,61,22000,6.25
V009,L002,D0036,B003,CH003,62,32300,4.87
V009,L003,D0036,B003,CH003,47,25100,4.49
V009,L004,D0036,B003,CH003,71,33500,5.31
V009,L005,D0036,B003,CH003,49,29700,3.65
V009,L006,D0036,B003,CH003,77,31600,5.91
V009,L007,D0036,B003,CH003,75,34400,5.23
V009,L008,D0036,B003,CH003,59,33800,4.26
V009,L009,D0036,B003,CH003,73,30400,5.39
V009,L010,D0036,B003,CH003,70,28800,5.52
V010,L001,D0036,B007,CH004,36,45700,3.69
V010,L002,D0036,B007,CH004,47,59800,3.69
V010,L003,D0036,B007,CH004,30,48300,2.87
V010,L004,D0036,B007,CH004,38,63500,2.84
V010,L005,D0036,B007,CH004,51,62800,3.8
V010,L006,D0036,B007,CH004,45,61200,3.46
V010,L007,D0036,B007,CH004,56,69800,3.91
V010,L008,D0036,B007,CH004,48,64400,3.46
V010,L009,D0036,B007,CH004,48,59700,3.55
V010,L010,D0036,B007,CH004,44,61300,3.47
V011,L001,D0036,B005,CH003,31,41600,3.18
V011,L002,D0036,B005,CH003,42,56000,3.3
V011,L003,D0036,B005,CH003,32,47500,3.06
V011,L004,D0036,B005,CH003,40,61500,2.99
V011,L005,D0036,B005,CH003,35,54300,2.61
V011,L006,D0036,B005,CH003,44,57100,3.38
V011,L007,D0036,B005,CH003,59,61000,4.12
V011,L008,D0036,B005,CH003,43,61700,3.1
V011,L009,D0036,B005,CH003,40,55200,2.95
V011,L010,D0036,B005,CH003,38,55200,2.99
V012,L001,D0036,B006,CH003,51,34100,5.23
V012,L002,D0036,B006,CH003,74,47400,5.82
V012,L003,D0036,B006,CH003,56,39100,5.35
V012,L004,D0036,B006,CH003,80,49300,5.98
V012,L005,D0036,B006,CH003,68,46500,5.07
V012,L006,D0036,B006,CH003,69,44700,5.3
V012,L007,D0036,B006,CH003,64,51500,4.47
V012,L008,D0036,B006,CH003,79,48100,5.7
V012,L009,D0036,B006,CH003,58,45400,4.28
V012,L010,D0036,B006,CH003,63,47500,4.96
V013,L001,D0036,B001,CH002,40,24500,4.1
V013,L002,D0036,B001,CH002,65,32700,5.11
V013,L003,D0036,B001,CH002,45,25500,4.3
V013,L004,D0036,B001,CH002,51,34800,3.81
V013,L005,D0036,B001,CH002,60,32400,4.47
V013,L006,D0036,B001,CH002,58,30600,4.45
V013,L007,D0036,B001,CH002,61,36000,4.26
V013,L008,D0036,B001,CH002,72,34500,5.19
V013,L009,D0036,B001,CH002,59,32500,4.36
V013,L010,D0036,B001,CH002,70,31500,5.52
V014,L001,D0036,B004,CH003,41,30200,4.2
V014,L002,D0036,B004,CH003,54,41100,4.25
V014,L003,D0036,B004,CH003,47,35500,4.49
V014,L004,D0036,B004,CH003,59,41700,4.41
V014,L005,D0036,B004,CH003,62,41100,4.62
V014,L006,D0036,B004,CH003,47,41200,3.61
V014,L007,D0036,B004,CH003,76,44300,5.3
V014,L008,D0036,B004,CH003,52,43100,3.75
V014,L009,D0036,B004,CH003,54,39200,3.99
V014,L010,D0036,B004,CH003,43,38800,3.39
V015,L001,D0036,B002,CH004,33,28000,3.38
V015,L002,D0036,B002,CH004,51,35200,4.01
V015,L003,D0036,B002,CH004,45,30700,4.3
V015,L004,D0036,B002,CH004,48,37200,3.59
V015,L005,D0036,B002,CH004,36,36400,2.68
V015,L006,D0036,B002,CH004,39,38200,3.0
V015,L007,D0036,B002,CH004,41,41600,2.86
V015,L008,D0036,B002,CH004,51,40500,3.68
V015,L009,D0036,B002,CH004,39,35800,2.88
V015,L010,D0036,B002,CH004,44,38100,3.47
V016,L001,D0036,B008,CH004,41,39400,4.2
V016,L002,D0036,B008,CH004,62,55100,4.87
V016,L003,D0036,B008,CH004,47,42300,4.49
V016,L004,D0036,B008,CH004,62,52800,4.63
V016,L005,D0036,B008,CH004,72,55600,5.37
V016,L006,D0036,B008,CH004,57,55100,4.38
V016,L007,D0036,B008,CH004,70,60900,4.88
V016,L008,D0036,B008,CH004,59,55400,4.26
V016,L009,D0036,B008,CH004,63,55300,4.65
V016,L010,D0036,B008,CH004,55,54400,4.33
V017,L001,D0036,B010,CH004,17,70300,1.74
V017,L002,D0036,B010,CH004,20,93700,1.57
V017,L003,D0036,B010,CH004,21,80300,2.01
V017,L004,D0036,B010,CH004,22,97500,1.64
V017,L005,D0036,B010,CH004,32,105000,2.39
V017,L006,D0036,B010,CH004,22,90900,1.69
V017,L007,D0036,B010,CH004,33,103400,2.3
V017,L008,D0036,B010,CH004,20,96500,1.44
V017,L009,D0036,B010,CH004,29,99800,2.14
V017,L010,D0036,B010,CH004,26,97400,2.05
V018,L001,D0036,B004,CH002,50,25200,5.12
V018,L002,D0036,B004,CH002,54,34900,4.25
V018,L003,D0036,B004,CH002,40,27600,3.82
V018,L004,D0036,B004,CH002,63,33900,4.71
V018,L005,D0036,B004,CH002,72,33000,5.37
V018,L006,D0036,B004,CH002,54,33100,4.15
V018,L007,D0036,B004,CH002,47,38100,3.28
V018,L008,D0036,B004,CH002,49,33500,3.54
V018,L009,D0036,B004,CH002,55,34300,4.06
V018,L010,D0036,B004,CH002,59,31400,4.65
V019,L001,D0036,B005,CH002,24,30100,2.46
V019,L002,D0036,B005,CH002,38,41200,2.99
V019,L003,D0036,B005,CH002,31,35200,2.96
V019,L004,D0036,B005,CH002,32,45900,2.39
V019,L005,D0036,B005,CH002,38,44800,2.83
V019,L006,D0036,B005,CH002,33,42000,2.53
V019,L007,D0036,B005,CH002,38,46100,2.65
V019,L008,D0036,B005,CH002,37,43200,2.67
V019,L009,D0036,B005,CH002,38,40700,2.81
V019,L010,D0036,B005,CH002,37,42000,2.92
V020,L001,D0036,B003,CH002,59,27900,6.05
V020,L002,D0036,B003,CH002,70,37400,5.5
V020,L003,D0036,B003,CH002,72,32900,6.88
V020,L004,D0036,B003,CH002,93,41500,6.95
V020,L005,D0036,B003,CH002,84,42300,6.26
V020,L006,D0036,B003,CH002,70,39600,5.38
V020,L007,D0036,B003,CH002,65,40300,4.54
V020,L008,D0036,B003,CH002,88,42400,6.35
V020,L009,D0036,B003,CH002,84,41000,6.2
V020,L010,D0036,B003,CH002,57,37600,4.49
V001,L001,D0037,B004,CH004,77,33400,8.35
V001,L002,D0037,B004,CH004,91,44500,6.97
V001,L003,D0037,B004,CH004,83,35200,7.74
V001,L004,D0037,B004,CH004,85,43500,6.6
V001,L005,D0037,B004,CH004,95,47100,7.21
V001,L006,D0037,B004,CH004,83,41700,6.25
V001,L007,D0037,B004,CH004,96,46500,6.78
V001,L008,D0037,B004,CH004,108,45400,8.16
V001,L009,D0037,B004,CH004,109,42900,8.74
V001,L010,D0037,B004,CH004,91,41400,6.98
V002,L001,D0037,B006,CH004,69,35000,7.48
V002,L002,D0037,B006,CH004,113,51800,8.65
V002,L003,D0037,B006,CH004,83,41800,7.74
V002,L004,D0037,B006,CH004,111,52100,8.62
V002,L005,D0037,B006,CH004,93,51300,7.06
V002,L006,D0037,B006,CH004,99,48700,7.45
V002,L007,D0037,B006,CH004,118,54600,8.34
V002,L008,D0037,B006,CH004,98,55100,7.41
V002,L009,D0037,B006,CH004,93,49400,7.46
V002,L010,D0037,B006,CH004,76,50500,5.83
V003,L001,D0037,B003,CH003,69,22900,7.48
V003,L002,D0037,B003,CH003,71,32800,5.44
V003,L003,D0037,B003,CH003,88,25300,8.21
V003,L004,D0037,B003,CH003,69,31000,5.36
V003,L005,D0037,B003,CH003,83,30900,6.3
V003,L006,D0037,B003,CH003,90,31200,6.78
V003,L007,D0037,B003,CH003,97,33200,6.86
V003,L008,D0037,B003,CH003,80,30700,6.05
V003,L009,D0037,B003,CH003,86,29900,6.9
V003,L010,D0037,B003,CH003,110,29000,8.44
V004,L001,D0037,B006,CH004,77,31300,8.35
V004,L002,D0037,B006,CH004,88,41500,6.74
V004,L003,D0037,B006,CH004,66,37700,6.16
V004,L004,D0037,B006,CH004,92,44400,7.15
V004,L005,D0037,B006,CH004,117,47400,8.88
V004,L006,D0037,B006,CH004,85,41100,6.4
V004,L007,D0037,B006,CH004,97,47800,6.86
V004,L008,D0037,B006,CH004,100,44600,7.56
V004,L009,D0037,B006,CH004,83,46500,6.66
V004,L010,D0037,B006,CH004,87,43900,6.67
V005,L001,D0037,B007,CH004,51,36800,5.53
V005,L002,D0037,B007,CH004,88,50000,6.74
V005,L003,D0037,B007,CH004,60,39900,5.6
V005,L004,D0037,B007,CH004,71,51900,5.52
V005,L005,D0037,B007,CH004,73,51100,5.54
V005,L006,D0037,B007,CH004,79,50400,5.95
V005,L007,D0037,B007,CH004,73,56800,5.16
V005,L008,D0037,B007,CH004,88,52400,6.65
V005,L009,D0037,B007,CH004,82,53100,6.58
V005,L010,D0037,B007,CH004,85,48600,6.52
V006,L001,D0037,B003,CH003,65,27200,7.05
V006,L002,D0037,B003,CH003,105,36800,8.04
V006,L003,D0037,B003,CH003,66,31100,6.16
V006,L004,D0037,B003,CH003,74,36300,5.75
V006,L005,D0037,B003,CH003,65,35400,4.94
V006,L006,D0037,B003,CH003,77,35700,5.8
V006,L007,D0037,B003,CH003,92,40400,6.5
V006,L008,D0037,B003,CH003,72,36300,5.44
V006,L009,D0037,B003,CH003,76,37700,6.09
V006,L010,D0037,B003,CH003,78,37300,5.98
V007,L001,D0037,B007,CH004,55,35900,5.97
V007,L002,D0037,B007,CH004,73,47500,5.59
V007,L003,D0037,B007,CH004,66,37500,6.16
V007,L004,D0037,B007,CH004,78,48200,6.06
V007,L005,D0037,B007,CH004,79,48000,6.0
V007,L006,D0037,B007,CH004,82,46400,6.17
V007,L007,D0037,B007,CH004,69,52900,4.88
V007,L008,D0037,B007,CH004,70,50700,5.29
V007,L009,D0037,B007,CH004,62,49500,4.97
V007,L010,D0037,B007,CH004,77,44800,5.9
V008,L001,D0037,B002,CH003,46,16800,4.99
V008,L002,D0037,B002,CH003,63,23900,4.82
V008,L003,D0037,B002,CH003,59,19200,5.5
V008,L004,D0037,B002,CH003,85,24600,6.6
V008,L005,D0037,B002,CH003,90,22600,6.83
V008,L006,D0037,B002,CH003,81,21500,6.1
V008,L007,D0037,B002,CH003,69,24700,4.88
V008,L008,D0037,B002,CH003,80,24000,6.05
V008,L009,D0037,B002,CH003,61,22000,4.89
V008,L010,D0037,B002,CH003,74,22000,5.67
V009,L001,D0037,B003,CH003,37,23700,4.01
V009,L002,D0037,B003,CH003,73,30100,5.59
V009,L003,D0037,B003,CH003,50,25700,4.66
V009,L004,D0037,B003,CH003,74,32600,5.75
V009,L005,D0037,B003,CH003,54,32300,4.1
V009,L006,D0037,B003,CH003,55,30100,4.14
V009,L007,D0037,B003,CH003,68,35800,4.81
V009,L008,D0037,B003,CH003,48,33300,3.63
V009,L009,D0037,B003,CH003,58,31600,4.65
V009,L010,D0037,B003,CH003,58,30100,4.45
V010,L001,D0037,B007,CH004,36,43800,3.9
V010,L002,D0037,B007,CH004,49,59400,3.75
V010,L003,D0037,B007,CH004,39,48400,3.64
V010,L004,D0037,B007,CH004,49,62300,3.81
V010,L005,D0037,B007,CH004,53,65100,4.02
V010,L006,D0037,B007,CH004,52,59600,3.92
V010,L007,D0037,B007,CH004,50,68500,3.53
V010,L008,D0037,B007,CH004,40,63400,3.02
V010,L009,D0037,B007,CH004,54,63400,4.33
V010,L010,D0037,B007,CH004,45,62100,3.45
V011,L001,D0037,B005,CH003,33,41200,3.58
V011,L002,D0037,B005,CH003,42,56700,3.22
V011,L003,D0037,B005,CH003,24,45900,2.24
V011,L004,D0037,B005,CH003,52,61200,4.04
V011,L005,D0037,B005,CH003,47,59700,3.57
V011,L006,D0037,B005,CH003,56,53000,4.22
V011,L007,D0037,B005,CH003,51,62500,3.6
V011,L008,D0037,B005,CH003,52,58000,3.93
V011,L009,D0037,B005,CH003,53,59200,4.25
V011,L010,D0037,B005,CH003,39,59300,2.99
V012,L001,D0037,B006,CH003,45,34500,4.88
V012,L002,D0037,B006,CH003,66,46500,5.05
V012,L003,D0037,B006,CH003,63,38300,5.88
V012,L004,D0037,B006,CH003,64,49500,4.97
V012,L005,D0037,B006,CH003,67,50200,5.09
V012,L006,D0037,B006,CH003,80,48800,6.02
V012,L007,D0037,B006,CH003,78,48900,5.51
V012,L008,D0037,B006,CH003,74,50200,5.59
V012,L009,D0037,B006,CH003,53,45100,4.25
V012,L010,D0037,B006,CH003,62,46900,4.75
V013,L001,D0037,B001,CH002,35,24600,3.8
V013,L002,D0037,B001,CH002,50,35400,3.83
V013,L003,D0037,B001,CH002,63,27000,5.88
V013,L004,D0037,B001,CH002,56,35100,4.35
V013,L005,D0037,B001,CH002,51,32500,3.87
V013,L006,D0037,B001,CH002,57,31300,4.29
V013,L007,D0037,B001,CH002,80,34200,5.65
V013,L008,D0037,B001,CH002,50,36000,3.78
V013,L009,D0037,B001,CH002,53,34900,4.25
V013,L010,D0037,B001,CH002,77,31600,5.9
V014,L001,D0037,B004,CH003,43,29200,4.66
V014,L002,D0037,B004,CH003,60,39500,4.59
V014,L003,D0037,B004,CH003,41,35200,3.82
V014,L004,D0037,B004,CH003,57,44300,4.43
V014,L005,D0037,B004,CH003,49,44100,3.72
V014,L006,D0037,B004,CH003,55,42100,4.14
V014,L007,D0037,B004,CH003,69,45100,4.88
V014,L008,D0037,B004,CH003,48,41800,3.63
V014,L009,D0037,B004,CH003,50,39400,4.01
V014,L010,D0037,B004,CH003,56,43400,4.29
V015,L001,D0037,B002,CH004,27,25900,2.93
V015,L002,D0037,B002,CH004,38,37300,2.91
V015,L003,D0037,B002,CH004,34,31300,3.17
V015,L004,D0037,B002,CH004,51,36600,3.96
V015,L005,D0037,B002,CH004,48,37100,3.64
V015,L006,D0037,B002,CH004,36,38600,2.71
V015,L007,D0037,B002,CH004,56,42000,3.96
V015,L008,D0037,B002,CH004,59,40700,4.46
V015,L009,D0037,B002,CH004,48,37700,3.85
V015,L010,D0037,B002,CH004,46,36400,3.53
V016,L001,D0037,B008,CH004,42,38600,4.56
V016,L002,D0037,B008,CH004,54,56700,4.13
V016,L003,D0037,B008,CH004,50,43100,4.66
V016,L004,D0037,B008,CH004,57,56100,4.43
V016,L005,D0037,B008,CH004,57,56200,4.33
V016,L006,D0037,B008,CH004,60,53600,4.52
V016,L007,D0037,B008,CH004,70,59500,4.95
V016,L008,D0037,B008,CH004,53,59600,4.01
V016,L009,D0037,B008,CH004,56,55600,4.49
V016,L010,D0037,B008,CH004,63,52000,4.83
V017,L001,D0037,B010,CH004,13,75800,1.41
V017,L002,D0037,B010,CH004,24,102300,1.84
V017,L003,D0037,B010,CH004,12,85100,1.12
V017,L004,D0037,B010,CH004,19,105900,1.48
V017,L005,D0037,B010,CH004,28,102200,2.13
V017,L006,D0037,B010,CH004,30,102600,2.26
V017,L007,D0037,B010,CH004,29,104800,2.05
V017,L008,D0037,B010,CH004,27,100400,2.04
V017,L009,D0037,B010,CH004,19,102200,1.52
V017,L010,D0037,B010,CH004,23,92900,1.76
V018,L001,D0037,B004,CH002,38,23700,4.12
V018,L002,D0037,B004,CH002,63,35200,4.82
V018,L003,D0037,B004,CH002,43,28900,4.01
V018,L004,D0037,B004,CH002,58,34300,4.51
V018,L005,D0037,B004,CH002,45,36700,3.42
V018,L006,D0037,B004,CH002,50,32200,3.77
V018,L007,D0037,B004,CH002,54,37000,3.82
V018,L008,D0037,B004,CH002,58,34600,4.38
V018,L009,D0037,B004,CH002,50,35100,4.01
V018,L010,D0037,B004,CH002,55,35300,4.22
V019,L001,D0037,B005,CH002,21,30600,2.28
V019,L002,D0037,B005,CH002,24,43100,1.84
V019,L003,D0037,B005,CH002,27,36300,2.52
V019,L004,D0037,B005,CH002,29,44900,2.25
V019,L005,D0037,B005,CH002,39,43600,2.96
V019,L006,D0037,B005,CH002,41,41500,3.09
V019,L007,D0037,B005,CH002,26,48800,1.84
V019,L008,D0037,B005,CH002,34,47600,2.57
V019,L009,D0037,B005,CH002,36,43100,2.89
V019,L010,D0037,B005,CH002,30,44100,2.3
V020,L001,D0037,B003,CH002,43,30300,4.66
V020,L002,D0037,B003,CH002,71,37900,5.44
V020,L003,D0037,B003,CH002,55,34300,5.13
V020,L004,D0037,B003,CH002,56,39100,4.35
V020,L005,D0037,B003,CH002,84,42200,6.38
V020,L006,D0037,B003,CH002,80,40700,6.02
V020,L007,D0037,B003,CH002,73,43100,5.16
V020,L008,D0037,B003,CH002,84,41300,6.35
V020,L009,D0037,B003,CH002,65,38100,5.21
V020,L010,D0037,B003,CH002,72,37400,5.52
V001,L001,D0038,B004,CH004,63,30500,6.55
V001,L002,D0038,B004,CH004,93,41800,6.95
V001,L003,D0038,B004,CH004,93,35700,8.77
V001,L004,D0038,B004,CH004,100,43800,7.23
V001,L005,D0038,B004,CH004,87,46700,6.67
V001,L006,D0038,B004,CH004,86,43700,7.29
V001,L007,D0038,B004,CH004,103,48300,7.49
V001,L008,D0038,B004,CH004,119,45700,8.4
V001,L009,D0038,B004,CH004,85,42100,6.53
V001,L010,D0038,B004,CH004,105,43300,8.2
V002,L001,D0038,B006,CH004,85,35300,8.84
V002,L002,D0038,B006,CH004,106,48300,7.92
V002,L003,D0038,B006,CH004,73,41000,6.88
V002,L004,D0038,B006,CH004,102,49600,7.37
V002,L005,D0038,B006,CH004,91,49100,6.97
V002,L006,D0038,B006,CH004,99,51800,8.39
V002,L007,D0038,B006,CH004,113,56700,8.22
V002,L008,D0038,B006,CH004,99,53800,6.99
V002,L009,D0038,B006,CH004,116,51100,8.91
V002,L010,D0038,B006,CH004,93,50400,7.27
V003,L001,D0038,B003,CH003,63,23600,6.55
V003,L002,D0038,B003,CH003,84,31700,6.27
V003,L003,D0038,B003,CH003,61,27100,5.75
V003,L004,D0038,B003,CH003,99,31800,7.15
V003,L005,D0038,B003,CH003,88,33500,6.74
V003,L006,D0038,B003,CH003,70,31400,5.93
V003,L007,D0038,B003,CH003,101,35800,7.35
V003,L008,D0038,B003,CH003,97,33900,6.85
V003,L009,D0038,B003,CH003,85,32400,6.53
V003,L010,D0038,B003,CH003,99,31200,7.73
V004,L001,D0038,B006,CH004,66,31000,6.86
V004,L002,D0038,B006,CH004,100,45800,7.47
V004,L003,D0038,B006,CH004,67,34400,6.31
V004,L004,D0038,B006,CH004,92,46800,6.65
V004,L005,D0038,B006,CH004,91,42400,6.97
V004,L006,D0038,B006,CH004,91,41400,7.71
V004,L007,D0038,B006,CH004,87,47400,6.33
V004,L008,D0038,B006,CH004,79,46400,5.58
V004,L009,D0038,B006,CH004,113,46500,8.68
V004,L010,D0038,B006,CH004,101,43600,7.89
V005,L001,D0038,B007,CH004,57,38200,5.93
V005,L002,D0038,B007,CH004,104,47400,7.77
V005,L003,D0038,B007,CH004,60,39000,5.66
V005,L004,D0038,B007,CH004,88,51000,6.36
V005,L005,D0038,B007,CH004,88,53300,6.74
V005,L006,D0038,B007,CH004,71,48200,6.02
V005,L007,D0038,B007,CH004,78,51500,5.67
V005,L008,D0038,B007,CH004,75,50500,5.3
V005,L009,D0038,B007,CH004,80,52000,6.14
V005,L010,D0038,B007,CH004,77,51100,6.02
V006,L001,D0038,B003,CH003,56,24900,5.82
V006,L002,D0038,B003,CH003,68,35800,5.08
V006,L003,D0038,B003,CH003,68,29900,6.41
V006,L004,D0038,B003,CH003,81,37000,5.85
V006,L005,D0038,B003,CH003,87,38900,6.67
V006,L006,D0038,B003,CH003,61,35900,5.17
V006,L007,D0038,B003,CH003,88,39000,6.4
V006,L008,D0038,B003,CH003,89,36500,6.29
V006,L009,D0038,B003,CH003,74,36100,5.68
V006,L010,D0038,B003,CH003,83,36500,6.48
V007,L001,D0038,B007,CH004,50,35200,5.2
V007,L002,D0038,B007,CH004,77,47000,5.75
V007,L003,D0038,B007,CH004,67,37900,6.31
V007,L004,D0038,B007,CH004,88,48600,6.36
V007,L005,D0038,B007,CH004,68,48700,5.21
V007,L006,D0038,B007,CH004,64,44500,5.42
V007,L007,D0038,B007,CH004,96,49400,6.98
V007,L008,D0038,B007,CH004,86,47000,6.07
V007,L009,D0038,B007,CH004,76,50600,5.84
V007,L010,D0038,B007,CH004,69,48800,5.39
V008,L001,D0038,B002,CH003,56,16000,5.82
V008,L002,D0038,B002,CH003,72,23300,5.38
V008,L003,D0038,B002,CH003,54,19400,5.09
V008,L004,D0038,B002,CH003,80,23000,5.78
V008,L005,D0038,B002,CH003,61,24500,4.67
V008,L006,D0038,B002,CH003,58,23700,4.92
V008,L007,D0038,B002,CH003,56,25200,4.07
V008,L008,D0038,B002,CH003,71,22700,5.01
V008,L009,D0038,B002,CH003,88,21700,6.76
V008,L010,D0038,B002,CH003,84,22300,6.56
V009,L001,D0038,B003,CH003,47,21500,4.89
V009,L002,D0038,B003,CH003,71,31800,5.3
V009,L003,D0038,B003,CH003,50,24800,4.71
V009,L004,D0038,B003,CH003,63,30700,4.55
V009,L005,D0038,B003,CH003,62,31200,4.75
V009,L006,D0038,B003,CH003,63,29300,5.34
V009,L007,D0038,B003,CH003,60,34400,4.36
V009,L008,D0038,B003,CH003,76,33800,5.37
V009,L009,D0038,B003,CH003,66,32500,5.07
V009,L010,D0038,B003,CH003,55,29400,4.3
V010,L001,D0038,B007,CH004,24,43100,2.49
V010,L002,D0038,B007,CH004,55,63600,4.11
V010,L003,D0038,B007,CH004,53,52300,5.0
V010,L004,D0038,B007,CH004,54,66200,3.9
V010,L005,D0038,B007,CH004,54,64600,4.14
V010,L006,D0038,B007,CH004,40,57900,3.39
V010,L007,D0038,B007,CH004,54,66700,3.93
V010,L008,D0038,B007,CH004,51,67900,3.6
V010,L009,D0038,B007,CH004,40,62400,3.07
V010,L010,D0038,B007,CH004,35,60800,2.73
V011,L001,D0038,B005,CH003,36,43400,3.74
V011,L002,D0038,B005,CH003,44,55100,3.29
V011,L003,D0038,B005,CH003,38,48800,3.58
V011,L004,D0038,B005,CH003,41,61900,2.96
V011,L005,D0038,B005,CH003,37,60300,2.84
V011,L006,D0038,B005,CH003,33,53600,2.8
V011,L007,D0038,B005,CH003,56,63000,4.07
V011,L008,D0038,B005,CH003,58,62200,4.1
V011,L009,D0038,B005,CH003,39,54900,3.0
V011,L010,D0038,B005,CH003,39,54100,3.05
V012,L001,D0038,B006,CH003,52,33900,5.41
V012,L002,D0038,B006,CH003,67,47500,5.0
V012,L003,D0038,B006,CH003,49,37900,4.62
V012,L004,D0038,B006,CH003,82,50000,5.92
V012,L005,D0038,B006,CH003,67,50800,5.13
V012,L006,D0038,B006,CH003,72,45300,6.1
V012,L007,D0038,B006,CH003,79,53600,5.75
V012,L008,D0038,B006,CH003,81,47700,5.72
V012,L009,D0038,B006,CH003,57,47400,4.38
V012,L010,D0038,B006,CH003,47,44700,3.67
V013,L001,D0038,B001,CH002,53,22800,5.51
V013,L002,D0038,B001,CH002,59,34300,4.41
V013,L003,D0038,B001,CH002,57,28200,5.37
V013,L004,D0038,B001,CH002,51,32500,3.68
V013,L005,D0038,B001,CH002,60,34900,4.6
V013,L006,D0038,B001,CH002,60,33900,5.08
V013,L007,D0038,B001,CH002,53,38000,3.85
V013,L008,D0038,B001,CH002,51,34700,3.6
V013,L009,D0038,B001,CH002,60,34100,4.61
V013,L010,D0038,B001,CH002,48,30800,3.75
V014,L001,D0038,B004,CH003,36,30100,3.74
V014,L002,D0038,B004,CH003,62,40800,4.63
V014,L003,D0038,B004,CH003,37,32300,3.49
V014,L004,D0038,B004,CH003,58,40900,4.19
V014,L005,D0038,B004,CH003,57,40600,4.37
V014,L006,D0038,B004,CH003,49,41000,4.15
V014,L007,D0038,B004,CH003,53,46500,3.85
V014,L008,D0038,B004,CH003,55,44600,3.88
V014,L009,D0038,B004,CH003,42,39500,3.23
V014,L010,D0038,B004,CH003,57,43400,4.45
V015,L001,D0038,B002,CH004,33,26400,3.43
V015,L002,D0038,B002,CH004,32,37400,2.39
V015,L003,D0038,B002,CH004,39,29100,3.68
V015,L004,D0038,B002,CH004,54,36500,3.9
V015,L005,D0038,B002,CH004,40,39100,3.07
V015,L006,D0038,B002,CH004,42,36100,3.56
V015,L007,D0038,B002,CH004,47,38300,3.42
V015,L008,D0038,B002,CH004,62,41500,4.38
V015,L009,D0038,B002,CH004,56,37300,4.3
V015,L010,D0038,B002,CH004,52,36600,4.06
V016,L001,D0038,B008,CH004,38,38800,3.95
V016,L002,D0038,B008,CH004,49,54100,3.66
V016,L003,D0038,B008,CH004,49,44800,4.62
V016,L004,D0038,B008,CH004,61,58900,4.41
V016,L005,D0038,B008,CH004,68,55300,5.21
V016,L006,D0038,B008,CH004,55,52700,4.66
V016,L007,D0038,B008,CH004,54,56500,3.93
V016,L008,D0038,B008,CH004,65,57900,4.59
V016,L009,D0038,B008,CH004,54,56500,4.15
V016,L010,D0038,B008,CH004,51,53100,3.98
V017,L001,D0038,B010,CH004,20,75000,2.08
V017,L002,D0038,B010,CH004,23,100200,1.72
V017,L003,D0038,B010,CH004,21,80500,1.98
V017,L004,D0038,B010,CH004,31,101300,2.24
V017,L005,D0038,B010,CH004,25,103500,1.92
V017,L006,D0038,B010,CH004,21,102100,1.78
V017,L007,D0038,B010,CH004,29,109300,2.11
V017,L008,D0038,B010,CH004,20,98900,1.41
V017,L009,D0038,B010,CH004,19,99700,1.46
V017,L010,D0038,B010,CH004,22,103000,1.72
V018,L001,D0038,B004,CH002,44,25000,4.57
V018,L002,D0038,B004,CH002,62,33100,4.63
V018,L003,D0038,B004,CH002,48,28400,4.52
V018,L004,D0038,B004,CH002,40,35400,2.89
V018,L005,D0038,B004,CH002,62,35900,4.75
V018,L006,D0038,B004,CH002,50,33300,4.24
V018,L007,D0038,B004,CH002,63,38400,4.58
V018,L008,D0038,B004,CH002,67,35400,4.73
V018,L009,D0038,B004,CH002,46,36000,3.53
V018,L010,D0038,B004,CH002,61,34300,4.77
V019,L001,D0038,B005,CH002,25,33000,2.6
V019,L002,D0038,B005,CH002,40,45200,2.99
V019,L003,D0038,B005,CH002,26,35000,2.45
V019,L004,D0038,B005,CH002,36,44600,2.6
V019,L005,D0038,B005,CH002,28,46800,2.15
V019,L006,D0038,B005,CH002,23,43500,1.95
V019,L007,D0038,B005,CH002,44,45300,3.2
V019,L008,D0038,B005,CH002,42,48300,2.97
V019,L009,D0038,B005,CH002,41,46000,3.15
V019,L010,D0038,B005,CH002,29,42600,2.27
V020,L001,D0038,B003,CH002,58,29800,6.03
V020,L002,D0038,B003,CH002,71,41400,5.3
V020,L003,D0038,B003,CH002,51,34300,4.81
V020,L004,D0038,B003,CH002,83,39500,6.0
V020,L005,D0038,B003,CH002,84,38900,6.44
V020,L006,D0038,B003,CH002,72,37800,6.1
V020,L007,D0038,B003,CH002,61,45400,4.44
V020,L008,D0038,B003,CH002,73,41300,5.16
V020,L009,D0038,B003,CH002,65,40900,4.99
V020,L010,D0038,B003,CH002,73,37800,5.7
V001,L001,D0039,B004,CH004,69,33300,7.26
V001,L002,D0039,B004,CH004,111,42300,8.13
V001,L003,D0039,B004,CH004,89,36100,8.44
V001,L004,D0039,B004,CH004,103,43000,7.39
V001,L005,D0039,B004,CH004,106,45100,7.48
V001,L006,D0039,B004,CH004,106,43300,7.85
V001,L007,D0039,B004,CH004,102,48000,6.96
V001,L008,D0039,B004,CH004,108,44300,7.52
V001,L009,D0039,B004,CH004,87,42500,6.38
V001,L010,D0039,B004,CH004,95,43600,7.35
V002,L001,D0039,B006,CH004,56,37900,5.89
V002,L002,D0039,B006,CH004,95,49100,6.96
V002,L003,D0039,B006,CH004,88,41400,8.34
V002,L004,D0039,B006,CH004,111,50600,7.97
V002,L005,D0039,B006,CH004,107,50000,7.55
V002,L006,D0039,B006,CH004,119,50700,8.81
V002,L007,D0039,B006,CH004,123,55300,8.4
V002,L008,D0039,B006,CH004,108,50600,7.52
V002,L009,D0039,B006,CH004,115,48800,8.43
V002,L010,D0039,B006,CH004,102,51500,7.89
V003,L001,D0039,B003,CH003,62,22600,6.53
V003,L002,D0039,B003,CH003,113,32500,8.28
V003,L003,D0039,B003,CH003,70,26600,6.64
V003,L004,D0039,B003,CH003,104,30700,7.47
V003,L005,D0039,B003,CH003,105,32100,7.41
V003,L006,D0039,B003,CH003,82,31600,6.07
V003,L007,D0039,B003,CH003,102,35000,6.96
V003,L008,D0039,B003,CH003,90,33600,6.26
V003,L009,D0039,B003,CH003,96,30100,7.04
V003,L010,D0039,B003,CH003,73,31100,5.65
V004,L001,D0039,B006,CH004,54,30000,5.68
V004,L002,D0039,B006,CH004,100,46100,7.33
V004,L003,D0039,B006,CH004,66,34100,6.26
V004,L004,D0039,B006,CH004,88,47700,6.32
V004,L005,D0039,B006,CH004,96,44900,6.77
V004,L006,D0039,B006,CH004,82,42500,6.07
V004,L007,D0039,B006,CH004,104,45600,7.1
V004,L008,D0039,B006,CH004,97,46400,6.75
V004,L009,D0039,B006,CH004,100,45800,7.33
V004,L010,D0039,B006,CH004,76,42600,5.88
V005,L001,D0039,B007,CH004,48,37800,5.05
V005,L002,D0039,B007,CH004,89,51200,6.52
V005,L003,D0039,B007,CH004,61,41300,5.78
V005,L004,D0039,B007,CH004,89,48700,6.39
V005,L005,D0039,B007,CH004,76,49700,5.36
V005,L006,D0039,B007,CH004,72,46500,5.33
V005,L007,D0039,B007,CH004,79,51500,5.39
V005,L008,D0039,B007,CH004,90,50100,6.26
V005,L009,D0039,B007,CH004,75,51600,5.5
V005,L010,D0039,B007,CH004,94,48400,7.27
V006,L001,D0039,B003,CH003,63,27400,6.63
V006,L002,D0039,B003,CH003,65,36100,4.76
V006,L003,D0039,B003,CH003,68,29300,6.45
V006,L004,D0039,B003,CH003,58,39500,4.16
V006,L005,D0039,B003,CH003,88,39500,6.21
V006,L006,D0039,B003,CH003,70,36400,5.19
V006,L007,D0039,B003,CH003,86,39300,5.87
V006,L008,D0039,B003,CH003,85,40200,5.92
V006,L009,D0039,B003,CH003,86,35600,6.3
V006,L010,D0039,B003,CH003,68,37300,5.26
V007,L001,D0039,B007,CH004,62,34100,6.53
V007,L002,D0039,B007,CH004,90,50600,6.59
V007,L003,D0039,B007,CH004,73,40700,6.92
V007,L004,D0039,B007,CH004,71,49800,5.1
V007,L005,D0039,B007,CH004,83,50600,5.86
V007,L006,D0039,B007,CH004,79,49400,5.85
V007,L007,D0039,B007,CH004,81,49300,5.53
V007,L008,D0039,B007,CH004,84,47600,5.85
V007,L009,D0039,B007,CH004,72,46500,5.28
V007,L010,D0039,B007,CH004,77,48000,5.96
V008,L001,D0039,B002,CH003,53,17400,5.58
V008,L002,D0039,B002,CH003,67,24000,4.91
V008,L003,D0039,B002,CH003,73,19900,6.92
V008,L004,D0039,B002,CH003,80,24600,5.74
V008,L005,D0039,B002,CH003,76,23500,5.36
V008,L006,D0039,B002,CH003,75,21700,5.56
V008,L007,D0039,B002,CH003,84,24000,5.73
V008,L008,D0039,B002,CH003,80,24200,5.57
V008,L009,D0039,B002,CH003,82,22000,6.01
V008,L010,D0039,B002,CH003,86,22300,6.65
V009,L001,D0039,B003,CH003,53,21900,5.58
V009,L002,D0039,B003,CH003,66,31200,4.84
V009,L003,D0039,B003,CH003,56,26000,5.31
V009,L004,D0039,B003,CH003,68,31600,4.88
V009,L005,D0039,B003,CH003,63,31900,4.45
V009,L006,D0039,B003,CH003,64,29800,4.74
V009,L007,D0039,B003,CH003,76,35700,5.19
V009,L008,D0039,B003,CH003,70,32400,4.87
V009,L009,D0039,B003,CH003,57,31200,4.18
V009,L010,D0039,B003,CH003,61,30000,4.72
V010,L001,D0039,B007,CH004,38,42500,4.0
V010,L002,D0039,B007,CH004,39,61900,2.86
V010,L003,D0039,B007,CH004,37,54200,3.51
V010,L004,D0039,B007,CH004,54,64400,3.88
V010,L005,D0039,B007,CH004,60,61600,4.23
V010,L006,D0039,B007,CH004,51,58700,3.78
V010,L007,D0039,B007,CH004,67,70300,4.57
V010,L008,D0039,B007,CH004,47,68700,3.27
V010,L009,D0039,B007,CH004,63,61200,4.62
V010,L010,D0039,B007,CH004,51,63500,3.94
V011,L001,D0039,B005,CH003,35,40500,3.68
V011,L002,D0039,B005,CH003,30,56400,2.2
V011,L003,D0039,B005,CH003,32,45200,3.03
V011,L004,D0039,B005,CH003,49,56400,3.52
V011,L005,D0039,B005,CH003,48,59400,3.39
V011,L006,D0039,B005,CH003,48,56700,3.56
V011,L007,D0039,B005,CH003,49,61400,3.34
V011,L008,D0039,B005,CH003,44,60500,3.06
V011,L009,D0039,B005,CH003,41,60100,3.01
V011,L010,D0039,B005,CH003,45,54400,3.48
V012,L001,D0039,B006,CH003,47,35000,4.95
V012,L002,D0039,B006,CH003,70,46400,5.13
V012,L003,D0039,B006,CH003,39,39500,3.7
V012,L004,D0039,B006,CH003,86,50400,6.17
V012,L005,D0039,B006,CH003,67,45800,4.73
V012,L006,D0039,B006,CH003,63,43900,4.67
V012,L007,D0039,B006,CH003,88,50800,6.01
V012,L008,D0039,B006,CH003,60,51700,4.18
V012,L009,D0039,B006,CH003,68,48900,4.99
V012,L010,D0039,B006,CH003,70,44000,5.41
V013,L001,D0039,B001,CH002,38,25100,4.0
V013,L002,D0039,B001,CH002,62,33500,4.54
V013,L003,D0039,B001,CH002,56,28300,5.31
V013,L004,D0039,B001,CH002,68,35700,4.88
V013,L005,D0039,B001,CH002,70,33300,4.94
V013,L006,D0039,B001,CH002,63,32300,4.67
V013,L007,D0039,B001,CH002,58,37000,3.96
V013,L008,D0039,B001,CH002,63,36800,4.38
V013,L009,D0039,B001,CH002,72,35300,5.28
V013,L010,D0039,B001,CH002,66,34300,5.1
V014,L001,D0039,B004,CH003,39,28900,4.11
V014,L002,D0039,B004,CH003,71,41400,5.2
V014,L003,D0039,B004,CH003,48,36100,4.55
V014,L004,D0039,B004,CH003,54,43200,3.88
V014,L005,D0039,B004,CH003,59,41600,4.16
V014,L006,D0039,B004,CH003,61,40600,4.52
V014,L007,D0039,B004,CH003,68,46500,4.64
V014,L008,D0039,B004,CH003,59,42600,4.11
V014,L009,D0039,B004,CH003,66,40000,4.84
V014,L010,D0039,B004,CH003,41,41300,3.17
V015,L001,D0039,B002,CH004,34,27100,3.58
V015,L002,D0039,B002,CH004,37,38300,2.71
V015,L003,D0039,B002,CH004,29,32400,2.75
V015,L004,D0039,B002,CH004,55,36900,3.95
V015,L005,D0039,B002,CH004,35,37200,2.47
V015,L006,D0039,B002,CH004,54,35800,4.0
V015,L007,D0039,B002,CH004,39,38600,2.66
V015,L008,D0039,B002,CH004,63,37800,4.38
V015,L009,D0039,B002,CH004,47,36900,3.45
V015,L010,D0039,B002,CH004,51,35300,3.94
V016,L001,D0039,B008,CH004,50,40800,5.26
V016,L002,D0039,B008,CH004,60,52300,4.4
V016,L003,D0039,B008,CH004,40,46800,3.79
V016,L004,D0039,B008,CH004,58,56000,4.16
V016,L005,D0039,B008,CH004,45,56500,3.18
V016,L006,D0039,B008,CH004,58,53500,4.3
V016,L007,D0039,B008,CH004,54,58600,3.69
V016,L008,D0039,B008,CH004,65,57300,4.52
V016,L009,D0039,B008,CH004,61,55700,4.47
V016,L010,D0039,B008,CH004,55,50400,4.25
V017,L001,D0039,B010,CH004,21,73300,2.21
V017,L002,D0039,B010,CH004,29,100000,2.12
V017,L003,D0039,B010,CH004,23,83000,2.18
V017,L004,D0039,B010,CH004,25,105500,1.79
V017,L005,D0039,B010,CH004,32,100900,2.26
V017,L006,D0039,B010,CH004,24,99700,1.78
V017,L007,D0039,B010,CH004,24,104600,1.64
V017,L008,D0039,B010,CH004,27,98400,1.88
V017,L009,D0039,B010,CH004,23,95200,1.69
V017,L010,D0039,B010,CH004,22,99600,1.7
V018,L001,D0039,B004,CH002,42,26100,4.42
V018,L002,D0039,B004,CH002,63,33900,4.62
V018,L003,D0039,B004,CH002,29,29100,2.75
V018,L004,D0039,B004,CH002,56,36600,4.02
V018,L005,D0039,B004,CH002,83,35600,5.86
V018,L006,D0039,B004,CH002,66,32900,4.89
V018,L007,D0039,B004,CH002,52,37800,3.55
V018,L008,D0039,B004,CH002,72,35200,5.01
V018,L009,D0039,B004,CH002,53,32400,3.89
V018,L010,D0039,B004,CH002,64,34000,4.95
V019,L001,D0039,B005,CH002,33,32600,3.47
V019,L002,D0039,B005,CH002,40,42200,2.93
V019,L003,D0039,B005,CH002,23,37900,2.18
V019,L004,D0039,B005,CH002,38,47300,2.73
V019,L005,D0039,B005,CH002,29,42700,2.05
V019,L006,D0039,B005,CH002,38,44200,2.81
V019,L007,D0039,B005,CH002,35,46900,2.39
V019,L008,D0039,B005,CH002,28,47200,1.95
V019,L009,D0039,B005,CH002,37,46100,2.71
V019,L010,D0039,B005,CH002,31,41000,2.4
V020,L001,D0039,B003,CH002,53,29800,5.58
V020,L002,D0039,B003,CH002,68,37900,4.98
V020,L003,D0039,B003,CH002,55,31900,5.21
V020,L004,D0039,B003,CH002,78,40200,5.6
V020,L005,D0039,B003,CH002,89,39200,6.28
V020,L006,D0039,B003,CH002,75,36700,5.56
V020,L007,D0039,B003,CH002,94,40900,6.42
V020,L008,D0039,B003,CH002,97,40300,6.75
V020,L009,D0039,B003,CH002,63,41000,4.62
V020,L010,D0039,B003,CH002,65,37500,5.03
V001,L001,D0040,B004,CH004,97,29900,9.64
V001,L002,D0040,B004,CH004,99,45300,7.44
V001,L003,D0040,B004,CH004,85,37400,7.58
V001,L004,D0040,B004,CH004,96,43100,6.82
V001,L005,D0040,B004,CH004,118,43200,8.54
V001,L006,D0040,B004,CH004,105,40900,7.96
V001,L007,D0040,B004,CH004,106,50100,7.13
V001,L008,D0040,B004,CH004,92,45500,6.46
V001,L009,D0040,B004,CH004,104,45600,7.59
V001,L010,D0040,B004,CH004,131,41700,9.51
V002,L001,D0040,B006,CH004,70,37400,6.96
V002,L002,D0040,B006,CH004,106,47300,7.97
V002,L003,D0040,B006,CH004,78,39100,6.96
V002,L004,D0040,B006,CH004,107,53700,7.6
V002,L005,D0040,B006,CH004,102,53900,7.39
V002,L006,D0040,B006,CH004,90,48000,6.82
V002,L007,D0040,B006,CH004,102,57000,6.86
V002,L008,D0040,B006,CH004,105,54900,7.37
V002,L009,D0040,B006,CH004,104,49100,7.59
V002,L010,D0040,B006,CH004,91,46600,6.61
V003,L001,D0040,B003,CH003,61,23500,6.06
V003,L002,D0040,B003,CH003,90,30100,6.77
V003,L003,D0040,B003,CH003,71,27100,6.33
V003,L004,D0040,B003,CH003,92,30500,6.54
V003,L005,D0040,B003,CH003,87,31800,6.3
V003,L006,D0040,B003,CH003,100,29800,7.58
V003,L007,D0040,B003,CH003,100,32700,6.72
V003,L008,D0040,B003,CH003,121,32600,8.49
V003,L009,D0040,B003,CH003,112,32100,8.17
V003,L010,D0040,B003,CH003,95,30300,6.9
V004,L001,D0040,B006,CH004,66,33300,6.56
V004,L002,D0040,B006,CH004,105,43400,7.89
V004,L003,D0040,B006,CH004,72,36400,6.42
V004,L004,D0040,B006,CH004,104,45700,7.39
V004,L005,D0040,B006,CH004,111,45200,8.04
V004,L006,D0040,B006,CH004,106,45400,8.04
V004,L007,D0040,B006,CH004,117,46700,7.87
V004,L008,D0040,B006,CH004,99,44600,6.95
V004,L009,D0040,B006,CH004,98,43100,7.15
V004,L010,D0040,B006,CH004,108,40500,7.84
V005,L001,D0040,B007,CH004,59,34600,5.86
V005,L002,D0040,B007,CH004,79,49700,5.94
V005,L003,D0040,B007,CH004,65,43200,5.8
V005,L004,D0040,B007,CH004,79,49200,5.61
V005,L005,D0040,B007,CH004,72,50400,5.21
V005,L006,D0040,B007,CH004,67,51500,5.08
V005,L007,D0040,B007,CH004,107,52200,7.2
V005,L008,D0040,B007,CH004,95,49800,6.67
V005,L009,D0040,B007,CH004,85,50300,6.2
V005,L010,D0040,B007,CH004,77,47900,5.59
V006,L001,D0040,B003,CH003,64,26700,6.36
V006,L002,D0040,B003,CH003,81,37800,6.09
V006,L003,D0040,B003,CH003,76,31600,6.78
V006,L004,D0040,B003,CH003,84,36200,5.97
V006,L005,D0040,B003,CH003,94,37900,6.81
V006,L006,D0040,B003,CH003,76,37700,5.76
V006,L007,D0040,B003,CH003,79,37500,5.31
V006,L008,D0040,B003,CH003,81,36800,5.68
V006,L009,D0040,B003,CH003,76,38100,5.54
V006,L010,D0040,B003,CH003,78,35900,5.66
V007,L001,D0040,B007,CH004,66,33200,6.56
V007,L002,D0040,B007,CH004,70,49100,5.26
V007,L003,D0040,B007,CH004,64,40500,5.71
V007,L004,D0040,B007,CH004,103,49200,7.32
V007,L005,D0040,B007,CH004,82,46400,5.94
V007,L006,D0040,B007,CH004,78,44800,5.91
V007,L007,D0040,B007,CH004,80,53700,5.38
V007,L008,D0040,B007,CH004,76,51900,5.33
V007,L009,D0040,B007,CH004,71,45500,5.18
V007,L010,D0040,B007,CH004,67,44500,4.87
V008,L001,D0040,B002,CH003,43,15700,4.27
V008,L002,D0040,B002,CH003,63,22700,4.74
V008,L003,D0040,B002,CH003,66,19600,5.89
V008,L004,D0040,B002,CH003,73,24900,5.19
V008,L005,D0040,B002,CH003,85,23100,6.15
V008,L006,D0040,B002,CH003,68,23800,5.16
V008,L007,D0040,B002,CH003,77,24400,5.18
V008,L008,D0040,B002,CH003,70,25200,4.91
V008,L009,D0040,B002,CH003,73,23100,5.32
V008,L010,D0040,B002,CH003,84,22300,6.1
V009,L001,D0040,B003,CH003,45,22000,4.47
V009,L002,D0040,B003,CH003,55,31200,4.14
V009,L003,D0040,B003,CH003,57,24900,5.08
V009,L004,D0040,B003,CH003,58,32500,4.12
V009,L005,D0040,B003,CH003,66,33100,4.78
V009,L006,D0040,B003,CH003,62,31200,4.7
V009,L007,D0040,B003,CH003,72,35700,4.84
V009,L008,D0040,B003,CH003,62,31700,4.35
V009,L009,D0040,B003,CH003,61,32300,4.45
V009,L010,D0040,B003,CH003,70,32100,5.08
V010,L001,D0040,B007,CH004,30,45400,2.98
V010,L002,D0040,B007,CH004,33,63100,2.48
V010,L003,D0040,B007,CH004,53,48400,4.73
V010,L004,D0040,B007,CH004,47,66500,3.34
V010,L005,D0040,B007,CH004,49,65100,3.55
V010,L006,D0040,B007,CH004,54,59900,4.09
V010,L007,D0040,B007,CH004,55,70800,3.7
V010,L008,D0040,B007,CH004,66,67100,4.63
V010,L009,D0040,B007,CH004,45,61000,3.28
V010,L010,D0040,B007,CH004,46,62800,3.34
V011,L001,D0040,B005,CH003,33,41900,3.28
V011,L002,D0040,B005,CH003,48,55300,3.61
V011,L003,D0040,B005,CH003,35,48000,3.12
V011,L004,D0040,B005,CH003,43,59800,3.06
V011,L005,D0040,B005,CH003,41,55800,2.97
V011,L006,D0040,B005,CH003,43,58900,3.26
V011,L007,D0040,B005,CH003,50,65700,3.36
V011,L008,D0040,B005,CH003,52,59500,3.65
V011,L009,D0040,B005,CH003,43,56100,3.14
V011,L010,D0040,B005,CH003,43,58400,3.12
V012,L001,D0040,B006,CH003,56,33800,5.57
V012,L002,D0040,B006,CH003,69,48600,5.19
V012,L003,D0040,B006,CH003,47,38700,4.19
V012,L004,D0040,B006,CH003,84,51000,5.97
V012,L005,D0040,B006,CH003,56,45400,4.06
V012,L006,D0040,B006,CH003,62,46000,4.7
V012,L007,D0040,B006,CH003,94,49900,6.32
V012,L008,D0040,B006,CH003,89,47800,6.25
V012,L009,D0040,B006,CH003,63,46500,4.6
V012,L010,D0040,B006,CH003,64,45000,4.65
V013,L001,D0040,B001,CH002,49,23100,4.87
V013,L002,D0040,B001,CH002,58,35200,4.36
V013,L003,D0040,B001,CH002,64,28400,5.71
V013,L004,D0040,B001,CH002,59,35600,4.19
V013,L005,D0040,B001,CH002,69,33900,5.0
V013,L006,D0040,B001,CH002,58,31300,4.4
V013,L007,D0040,B001,CH002,62,37500,4.17
V013,L008,D0040,B001,CH002,57,36200,4.0
V013,L009,D0040,B001,CH002,66,33200,4.81
V013,L010,D0040,B001,CH002,66,31500,4.79
V014,L001,D0040,B004,CH003,42,30300,4.17
V014,L002,D0040,B004,CH003,66,40400,4.96
V014,L003,D0040,B004,CH003,50,32600,4.46
V014,L004,D0040,B004,CH003,64,42900,4.55
V014,L005,D0040,B004,CH003,50,40400,3.62
V014,L006,D0040,B004,CH003,54,41800,4.09
V014,L007,D0040,B004,CH003,71,44200,4.77
V014,L008,D0040,B004,CH003,57,44100,4.0
V014,L009,D0040,B004,CH003,56,41500,4.08
V014,L010,D0040,B004,CH003,48,38900,3.49
V015,L001,D0040,B002,CH004,23,28300,2.29
V015,L002,D0040,B002,CH004,49,38200,3.68
V015,L003,D0040,B002,CH004,33,29500,2.94
V015,L004,D0040,B002,CH004,52,39100,3.7
V015,L005,D0040,B002,CH004,59,36700,4.27
V015,L006,D0040,B002,CH004,50,38700,3.79
V015,L007,D0040,B002,CH004,47,42400,3.16
V015,L008,D0040,B002,CH004,45,40300,3.16
V015,L009,D0040,B002,CH004,50,37600,3.65
V015,L010,D0040,B002,CH004,42,35900,3.05
V016,L001,D0040,B008,CH004,51,37900,5.07
V016,L002,D0040,B008,CH004,55,52900,4.14
V016,L003,D0040,B008,CH004,54,42700,4.82
V016,L004,D0040,B008,CH004,64,54600,4.55
V016,L005,D0040,B008,CH004,61,57100,4.42
V016,L006,D0040,B008,CH004,56,55900,4.25
V016,L007,D0040,B008,CH004,63,59800,4.24
V016,L008,D0040,B008,CH004,51,57400,3.58
V016,L009,D0040,B008,CH004,61,55500,4.45
V016,L010,D0040,B008,CH004,66,55200,4.79
V017,L001,D0040,B010,CH004,20,70000,1.99
V017,L002,D0040,B010,CH004,32,101200,2.41
V017,L003,D0040,B010,CH004,17,78400,1.52
V017,L004,D0040,B010,CH004,23,108200,1.63
V017,L005,D0040,B010,CH004,18,101900,1.3
V017,L006,D0040,B010,CH004,27,99300,2.05
V017,L007,D0040,B010,CH004,26,110300,1.75
V017,L008,D0040,B010,CH004,38,99800,2.67
V017,L009,D0040,B010,CH004,22,104900,1.6
V017,L010,D0040,B010,CH004,22,101300,1.6
V018,L001,D0040,B004,CH002,44,24800,4.37
V018,L002,D0040,B004,CH002,57,32900,4.29
V018,L003,D0040,B004,CH002,45,29600,4.01
V018,L004,D0040,B004,CH002,61,36200,4.34
V018,L005,D0040,B004,CH002,45,37000,3.26
V018,L006,D0040,B004,CH002,45,32900,3.41
V018,L007,D0040,B004,CH002,63,39200,4.24
V018,L008,D0040,B004,CH002,56,36200,3.93
V018,L009,D0040,B004,CH002,61,34700,4.45
V018,L010,D0040,B004,CH002,52,33200,3.78
V019,L001,D0040,B005,CH002,34,30400,3.38
V019,L002,D0040,B005,CH002,37,43600,2.78
V019,L003,D0040,B005,CH002,32,37100,2.85
V019,L004,D0040,B005,CH002,38,44800,2.7
V019,L005,D0040,B005,CH002,35,46400,2.53
V019,L006,D0040,B005,CH002,28,44900,2.12
V019,L007,D0040,B005,CH002,34,49600,2.29
V019,L008,D0040,B005,CH002,38,43000,2.67
V019,L009,D0040,B005,CH002,42,46000,3.06
V019,L010,D0040,B005,CH002,41,45300,2.98
V020,L001,D0040,B003,CH002,53,28100,5.27
V020,L002,D0040,B003,CH002,78,39900,5.86
V020,L003,D0040,B003,CH002,57,31300,5.08
V020,L004,D0040,B003,CH002,76,42600,5.4
V020,L005,D0040,B003,CH002,81,38100,5.87
V020,L006,D0040,B003,CH002,90,38300,6.82
V020,L007,D0040,B003,CH002,82,43600,5.51
V020,L008,D0040,B003,CH002,75,42500,5.26
V020,L009,D0040,B003,CH002,78,38800,5.69
V020,L010,D0040,B003,CH002,86,37800,6.25
V001,L001,D0041,B004,CH004,70,32800,7.22
V001,L002,D0041,B004,CH004,102,43400,7.48
V001,L003,D0041,B004,CH004,87,35700,7.25
V001,L004,D0041,B004,CH004,108,44200,7.33
V001,L005,D0041,B004,CH004,119,42400,8.39
V001,L006,D0041,B004,CH004,108,42200,8.01
V001,L007,D0041,B004,CH004,107,49200,7.05
V001,L008,D0041,B004,CH004,106,46600,7.32
V001,L009,D0041,B004,CH004,96,41900,7.01
V001,L010,D0041,B004,CH004,97,42100,6.82
V002,L001,D0041,B006,CH004,76,35600,7.84
V002,L002,D0041,B006,CH004,90,50100,6.6
V002,L003,D0041,B006,CH004,94,41200,7.83
V002,L004,D0041,B006,CH004,105,49100,7.13
V002,L005,D0041,B006,CH004,114,53500,8.03
V002,L006,D0041,B006,CH004,96,47700,7.12
V002,L007,D0041,B006,CH004,104,51000,6.86
V002,L008,D0041,B006,CH004,95,52400,6.56
V002,L009,D0041,B006,CH004,112,48600,8.18
V002,L010,D0041,B006,CH004,108,46500,7.59
V003,L001,D0041,B003,CH003,77,21300,7.95
V003,L002,D0041,B003,CH003,87,31000,6.38
V003,L003,D0041,B003,CH003,79,27200,6.58
V003,L004,D0041,B003,CH003,99,32100,6.72
V003,L005,D0041,B003,CH003,87,32400,6.13
V003,L006,D0041,B003,CH003,97,30100,7.19
V003,L007,D0041,B003,CH003,98,35800,6.46
V003,L008,D0041,B003,CH003,111,31000,7.67
V003,L009,D0041,B003,CH003,62,30200,4.53
V003,L010,D0041,B003,CH003,84,30500,5.91
V004,L001,D0041,B006,CH004,78,31800,8.05
V004,L002,D0041,B006,CH004,102,43700,7.48
V004,L003,D0041,B006,CH004,75,37400,6.25
V004,L004,D0041,B006,CH004,86,45200,5.84
V004,L005,D0041,B006,CH004,107,43600,7.54
V004,L006,D0041,B006,CH004,101,44400,7.49
V004,L007,D0041,B006,CH004,104,49000,6.86
V004,L008,D0041,B006,CH004,86,45800,5.94
V004,L009,D0041,B006,CH004,106,41500,7.74
V004,L010,D0041,B006,CH004,110,42500,7.74
V005,L001,D0041,B007,CH004,49,37100,5.06
V005,L002,D0041,B007,CH004,84,52900,6.16
V005,L003,D0041,B007,CH004,70,42100,5.83
V005,L004,D0041,B007,CH004,91,50600,6.18
V005,L005,D0041,B007,CH004,97,52500,6.84
V005,L006,D0041,B007,CH004,78,50200,5.78
V005,L007,D0041,B007,CH004,84,52900,5.54
V005,L008,D0041,B007,CH004,75,50500,5.18
V005,L009,D0041,B007,CH004,77,51300,5.62
V005,L010,D0041,B007,CH004,92,46800,6.47
V006,L001,D0041,B003,CH003,54,27700,5.57
V006,L002,D0041,B003,CH003,81,34800,5.94
V006,L003,D0041,B003,CH003,71,30400,5.92
V006,L004,D0041,B003,CH003,87,35700,5.91
V006,L005,D0041,B003,CH003,75,37700,5.29
V006,L006,D0041,B003,CH003,76,33900,5.63
V006,L007,D0041,B003,CH003,82,37400,5.41
V006,L008,D0041,B003,CH003,86,38500,5.94
V006,L009,D0041,B003,CH003,74,38400,5.4
V006,L010,D0041,B003,CH003,92,37700,6.47
V007,L001,D0041,B007,CH004,51,32900,5.26
V007,L002,D0041,B007,CH004,77,47600,5.65
V007,L003,D0041,B007,CH004,52,39700,4.33
V007,L004,D0041,B007,CH004,85,51400,5.77
V007,L005,D0041,B007,CH004,91,47300,6.41
V007,L006,D0041,B007,CH004,71,48000,5.26
V007,L007,D0041,B007,CH004,98,50200,6.46
V007,L008,D0041,B007,CH004,89,47800,6.15
V007,L009,D0041,B007,CH004,67,50400,4.89
V007,L010,D0041,B007,CH004,81,46800,5.7
V008,L001,D0041,B002,CH003,53,17100,5.47
V008,L002,D0041,B002,CH003,55,24000,4.03
V008,L003,D0041,B002,CH003,63,18100,5.25
V008,L004,D0041,B002,CH003,79,23400,5.36
V008,L005,D0041,B002,CH003,65,24200,4.58
V008,L006,D0041,B002,CH003,63,22700,4.67
V008,L007,D0041,B002,CH003,86,24700,5.67
V008,L008,D0041,B002,CH003,81,25000,5.59
V008,L009,D0041,B002,CH003,75,22200,5.47
V008,L010,D0041,B002,CH003,70,22300,4.92
V009,L001,D0041,B003,CH003,56,21400,5.78
V009,L002,D0041,B003,CH003,73,32800,5.35
V009,L003,D0041,B003,CH003,67,25000,5.58
V009,L004,D0041,B003,CH003,85,32500,5.77
V009,L005,D0041,B003,CH003,63,31500,4.44
V009,L006,D0041,B003,CH003,57,29000,4.23
V009,L007,D0041,B003,CH003,68,35000,4.48
V009,L008,D0041,B003,CH003,74,30900,5.11
V009,L009,D0041,B003,CH003,68,31300,4.96
V009,L010,D0041,B003,CH003,69,29700,4.85
V010,L001,D0041,B007,CH004,28,44200,2.89
V010,L002,D0041,B007,CH004,60,64500,4.4
V010,L003,D0041,B007,CH004,57,54100,4.75
V010,L004,D0041,B007,CH004,59,60800,4.01
V010,L005,D0041,B007,CH004,49,67200,3.45
V010,L006,D0041,B007,CH004,45,61500,3.34
V010,L007,D0041,B007,CH004,64,71600,4.22
V010,L008,D0041,B007,CH004,61,62700,4.21
V010,L009,D0041,B007,CH004,45,63400,3.28
V010,L010,D0041,B007,CH004,43,59100,3.02
V011,L001,D0041,B005,CH003,29,42400,2.99
V011,L002,D0041,B005,CH003,52,59600,3.81
V011,L003,D0041,B005,CH003,51,49300,4.25
V011,L004,D0041,B005,CH003,51,62500,3.46
V011,L005,D0041,B005,CH003,40,57600,2.82
V011,L006,D0041,B005,CH003,45,56200,3.34
V011,L007,D0041,B005,CH003,55,60000,3.63
V011,L008,D0041,B005,CH003,50,56400,3.45
V011,L009,D0041,B005,CH003,49,59000,3.58
V011,L010,D0041,B005,CH003,37,57000,2.6
V012,L001,D0041,B006,CH003,52,34600,5.37
V012,L002,D0041,B006,CH003,80,47400,5.87
V012,L003,D0041,B006,CH003,58,38900,4.83
V012,L004,D0041,B006,CH003,79,47200,5.36
V012,L005,D0041,B006,CH003,75,48600,5.29
V012,L006,D0041,B006,CH003,82,45300,6.08
V012,L007,D0041,B006,CH003,79,48800,5.21
V012,L008,D0041,B006,CH003,89,46500,6.15
V012,L009,D0041,B006,CH003,78,46200,5.69
V012,L010,D0041,B006,CH003,85,47600,5.98
V013,L001,D0041,B001,CH002,38,22700,3.92
V013,L002,D0041,B001,CH002,53,33700,3.89
V013,L003,D0041,B001,CH002,50,27100,4.17
V013,L004,D0041,B001,CH002,68,34400,4.62
V013,L005,D0041,B001,CH002,78,35300,5.5
V013,L006,D0041,B001,CH002,70,34000,5.19
V013,L007,D0041,B001,CH002,74,34500,4.88
V013,L008,D0041,B001,CH002,62,36000,4.28
V013,L009,D0041,B001,CH002,56,32300,4.09
V013,L010,D0041,B001,CH002,66,33400,4.64
V014,L001,D0041,B004,CH003,40,31300,4.13
V014,L002,D0041,B004,CH003,55,39400,4.03
V014,L003,D0041,B004,CH003,55,33500,4.58
V014,L004,D0041,B004,CH003,66,44700,4.48
V014,L005,D0041,B004,CH003,61,40600,4.3
V014,L006,D0041,B004,CH003,59,43300,4.37
V014,L007,D0041,B004,CH003,58,46400,3.82
V014,L008,D0041,B004,CH003,43,45800,2.97
V014,L009,D0041,B004,CH003,68,40600,4.96
V014,L010,D0041,B004,CH003,72,42200,5.06
V015,L001,D0041,B002,CH004,28,27500,2.89
V015,L002,D0041,B002,CH004,37,38100,2.71
V015,L003,D0041,B002,CH004,38,31100,3.17
V015,L004,D0041,B002,CH004,49,37600,3.33
V015,L005,D0041,B002,CH004,49,39600,3.45
V015,L006,D0041,B002,CH004,55,37900,4.08
V015,L007,D0041,B002,CH004,53,39900,3.49
V015,L008,D0041,B002,CH004,59,37600,4.07
V015,L009,D0041,B002,CH004,59,39300,4.31
V015,L010,D0041,B002,CH004,54,38500,3.8
V016,L001,D0041,B008,CH004,49,37600,5.06
V016,L002,D0041,B008,CH004,61,53100,4.47
V016,L003,D0041,B008,CH004,60,44700,5.0
V016,L004,D0041,B008,CH004,81,57800,5.5
V016,L005,D0041,B008,CH004,57,56000,4.02
V016,L006,D0041,B008,CH004,50,56100,3.71
V016,L007,D0041,B008,CH004,70,61600,4.61
V016,L008,D0041,B008,CH004,52,54000,3.59
V016,L009,D0041,B008,CH004,72,52500,5.26
V016,L010,D0041,B008,CH004,69,56000,4.85
V017,L001,D0041,B010,CH004,23,68900,2.37
V017,L002,D0041,B010,CH004,18,95100,1.32
V017,L003,D0041,B010,CH004,19,81200,1.58
V017,L004,D0041,B010,CH004,23,96200,1.56
V017,L005,D0041,B010,CH004,28,104300,1.97
V017,L006,D0041,B010,CH004,25,93300,1.85
V017,L007,D0041,B010,CH004,28,109500,1.85
V017,L008,D0041,B010,CH004,24,98800,1.66
V017,L009,D0041,B010,CH004,26,95400,1.9
V017,L010,D0041,B010,CH004,30,92800,2.11
V018,L001,D0041,B004,CH002,31,23600,3.2
V018,L002,D0041,B004,CH002,63,34400,4.62
V018,L003,D0041,B004,CH002,60,28600,5.0
V018,L004,D0041,B004,CH002,61,33400,4.14
V018,L005,D0041,B004,CH002,55,36400,3.88
V018,L006,D0041,B004,CH002,55,35000,4.08
V018,L007,D0041,B004,CH002,60,38000,3.96
V018,L008,D0041,B004,CH002,79,37500,5.46
V018,L009,D0041,B004,CH002,52,34600,3.8
V018,L010,D0041,B004,CH002,42,33500,2.95
V019,L001,D0041,B005,CH002,32,30300,3.3
V019,L002,D0041,B005,CH002,39,44500,2.86
V019,L003,D0041,B005,CH002,28,34300,2.33
V019,L004,D0041,B005,CH002,37,45900,2.51
V019,L005,D0041,B005,CH002,33,46900,2.33
V019,L006,D0041,B005,CH002,33,41700,2.45
V019,L007,D0041,B005,CH002,44,46100,2.9
V019,L008,D0041,B005,CH002,46,45900,3.18
V019,L009,D0041,B005,CH002,44,44500,3.21
V019,L010,D0041,B005,CH002,30,45300,2.11
V020,L001,D0041,B003,CH002,55,29800,5.68
V020,L002,D0041,B003,CH002,95,39300,6.96
V020,L003,D0041,B003,CH002,66,34200,5.5
V020,L004,D0041,B003,CH002,74,39900,5.02
V020,L005,D0041,B003,CH002,76,39800,5.36
V020,L006,D0041,B003,CH002,83,40600,6.15
V020,L007,D0041,B003,CH002,101,44100,6.66
V020,L008,D0041,B003,CH002,80,39100,5.52
V020,L009,D0041,B003,CH002,84,37800,6.13
V020,L010,D0041,B003,CH002,91,37700,6.4
V001,L001,D0042,B004,CH004,79,30400,7.88
V001,L002,D0042,B004,CH004,94,42900,6.92
V001,L003,D0042,B004,CH004,90,36900,7.4
V001,L004,D0042,B004,CH004,130,43500,9.33
V001,L005,D0042,B004,CH004,99,45200,6.66
V001,L006,D0042,B004,CH004,109,44200,7.96
V001,L007,D0042,B004,CH004,114,44700,7.26
V001,L008,D0042,B004,CH004,116,46900,7.95
V001,L009,D0042,B004,CH004,128,41500,9.16
V001,L010,D0042,B004,CH004,101,43800,7.7
V002,L001,D0042,B006,CH004,87,35300,8.67
V002,L002,D0042,B006,CH004,105,52700,7.73
V002,L003,D0042,B006,CH004,90,42800,7.4
V002,L004,D0042,B006,CH004,121,52100,8.69
V002,L005,D0042,B006,CH004,110,52500,7.4
V002,L006,D0042,B006,CH004,88,48100,6.42
V002,L007,D0042,B006,CH004,125,52100,7.96
V002,L008,D0042,B006,CH004,109,49200,7.47
V002,L009,D0042,B006,CH004,91,52100,6.51
V002,L010,D0042,B006,CH004,101,47400,7.7
V003,L001,D0042,B003,CH003,75,23200,7.48
V003,L002,D0042,B003,CH003,92,29500,6.77
V003,L003,D0042,B003,CH003,70,25500,5.76
V003,L004,D0042,B003,CH003,85,33900,6.1
V003,L005,D0042,B003,CH003,103,33700,6.93
V003,L006,D0042,B003,CH003,90,30000,6.57
V003,L007,D0042,B003,CH003,114,34200,7.26
V003,L008,D0042,B003,CH003,92,32500,6.3
V003,L009,D0042,B003,CH003,84,31700,6.01
V003,L010,D0042,B003,CH003,94,30500,7.16
V004,L001,D0042,B006,CH004,58,33100,5.78
V004,L002,D0042,B006,CH004,86,43300,6.33
V004,L003,D0042,B006,CH004,80,34300,6.58
V004,L004,D0042,B006,CH004,94,45500,6.75
V004,L005,D0042,B006,CH004,105,42500,7.06
V004,L006,D0042,B006,CH004,91,41100,6.64
V004,L007,D0042,B006,CH004,113,47600,7.19
V004,L008,D0042,B006,CH004,98,44300,6.71
V004,L009,D0042,B006,CH004,88,46100,6.29
V004,L010,D0042,B006,CH004,85,44700,6.48
V005,L001,D0042,B007,CH004,58,36000,5.78
V005,L002,D0042,B007,CH004,79,51600,5.81
V005,L003,D0042,B007,CH004,89,42700,7.32
V005,L004,D0042,B007,CH004,93,54200,6.68
V005,L005,D0042,B007,CH004,71,51200,4.77
V005,L006,D0042,B007,CH004,88,50600,6.42
V005,L007,D0042,B007,CH004,98,53100,6.24
V005,L008,D0042,B007,CH004,100,54400,6.85
V005,L009,D0042,B007,CH004,88,50000,6.29
V005,L010,D0042,B007,CH004,79,48100,6.02
V006,L001,D0042,B003,CH003,49,26700,4.89
V006,L002,D0042,B003,CH003,74,36300,5.45
V006,L003,D0042,B003,CH003,70,31100,5.76
V006,L004,D0042,B003,CH003,72,37800,5.17
V006,L005,D0042,B003,CH003,93,35700,6.25
V006,L006,D0042,B003,CH003,73,35900,5.33
V006,L007,D0042,B003,CH003,100,38900,6.37
V006,L008,D0042,B003,CH003,82,39700,5.62
V006,L009,D0042,B003,CH003,83,38300,5.94
V006,L010,D0042,B003,CH003,80,35500,6.1
V007,L001,D0042,B007,CH004,58,36500,5.78
V007,L002,D0042,B007,CH004,81,48700,5.96
V007,L003,D0042,B007,CH004,74,41000,6.09
V007,L004,D0042,B007,CH004,66,52000,4.74
V007,L005,D0042,B007,CH004,83,48500,5.58
V007,L006,D0042,B007,CH004,85,45000,6.2
V007,L007,D0042,B007,CH004,73,51200,4.65
V007,L008,D0042,B007,CH004,97,50300,6.64
V007,L009,D0042,B007,CH004,88,46700,6.29
V007,L010,D0042,B007,CH004,71,48000,5.41
V008,L001,D0042,B002,CH003,60,16200,5.98
V008,L002,D0042,B002,CH003,75,23000,5.52
V008,L003,D0042,B002,CH003,56,19200,4.61
V008,L004,D0042,B002,CH003,70,24400,5.03
V008,L005,D0042,B002,CH003,86,24300,5.78
V008,L006,D0042,B002,CH003,75,21500,5.47
V008,L007,D0042,B002,CH003,70,23500,4.46
V008,L008,D0042,B002,CH003,73,24700,5.0
V008,L009,D0042,B002,CH003,77,21800,5.51
V008,L010,D0042,B002,CH003,74,22000,5.64
V009,L001,D0042,B003,CH003,50,23800,4.99
V009,L002,D0042,B003,CH003,73,30900,5.37
V009,L003,D0042,B003,CH003,76,24800,6.25
V009,L004,D0042,B003,CH003,55,33000,3.95
V009,L005,D0042,B003,CH003,71,33600,4.77
V009,L006,D0042,B003,CH003,77,29900,5.62
V009,L007,D0042,B003,CH003,73,32100,4.65
V009,L008,D0042,B003,CH003,66,31500,4.52
V009,L009,D0042,B003,CH003,68,29900,4.86
V009,L010,D0042,B003,CH003,59,31600,4.5
V010,L001,D0042,B007,CH004,40,44400,3.99
V010,L002,D0042,B007,CH004,53,63900,3.9
V010,L003,D0042,B007,CH004,51,53800,4.19
V010,L004,D0042,B007,CH004,41,64600,2.94
V010,L005,D0042,B007,CH004,52,65300,3.5
V010,L006,D0042,B007,CH004,63,63700,4.6
V010,L007,D0042,B007,CH004,59,70500,3.76
V010,L008,D0042,B007,CH004,62,61600,4.25
V010,L009,D0042,B007,CH004,44,63400,3.15
V010,L010,D0042,B007,CH004,50,63200,3.81
V011,L001,D0042,B005,CH003,30,42600,2.99
V011,L002,D0042,B005,CH003,48,54700,3.53
V011,L003,D0042,B005,CH003,40,46100,3.29
V011,L004,D0042,B005,CH003,48,58500,3.45
V011,L005,D0042,B005,CH003,62,59800,4.17
V011,L006,D0042,B005,CH003,48,57200,3.5
V011,L007,D0042,B005,CH003,64,60400,4.07
V011,L008,D0042,B005,CH003,43,57400,2.95
V011,L009,D0042,B005,CH003,52,60800,3.72
V011,L010,D0042,B005,CH003,44,55800,3.35
V012,L001,D0042,B006,CH003,51,33100,5.08
V012,L002,D0042,B006,CH003,73,45600,5.37
V012,L003,D0042,B006,CH003,59,37700,4.85
V012,L004,D0042,B006,CH003,65,49000,4.67
V012,L005,D0042,B006,CH003,73,50000,4.91
V012,L006,D0042,B006,CH003,68,43700,4.96
V012,L007,D0042,B006,CH003,73,49200,4.65
V012,L008,D0042,B006,CH003,80,46600,5.48
V012,L009,D0042,B006,CH003,72,49400,5.15
V012,L010,D0042,B006,CH003,70,44400,5.34
V013,L001,D0042,B001,CH002,38,24600,3.79
V013,L002,D0042,B001,CH002,62,35200,4.56
V013,L003,D0042,B001,CH002,57,26200,4.69
V013,L004,D0042,B001,CH002,57,32500,4.09
V013,L005,D0042,B001,CH002,67,34200,4.51
V013,L006,D0042,B001,CH002,46,31900,3.36
V013,L007,D0042,B001,CH002,91,35900,5.79
V013,L008,D0042,B001,CH002,61,33400,4.18
V013,L009,D0042,B001,CH002,74,34300,5.29
V013,L010,D0042,B001,CH002,55,30800,4.19
V014,L001,D0042,B004,CH003,45,29200,4.49
V014,L002,D0042,B004,CH003,55,41900,4.05
V014,L003,D0042,B004,CH003,47,34200,3.87
V014,L004,D0042,B004,CH003,56,45000,4.02
V014,L005,D0042,B004,CH003,56,43300,3.77
V014,L006,D0042,B004,CH003,65,41000,4.74
V014,L007,D0042,B004,CH003,53,43500,3.37
V014,L008,D0042,B004,CH003,70,42400,4.79
V014,L009,D0042,B004,CH003,60,41600,4.29
V014,L010,D0042,B004,CH003,49,39700,3.73
V015,L001,D0042,B002,CH004,26,26600,2.59
V015,L002,D0042,B002,CH004,46,37200,3.38
V015,L003,D0042,B002,CH004,39,31500,3.21
V015,L004,D0042,B002,CH004,58,40900,4.16
V015,L005,D0042,B002,CH004,54,36100,3.63
V015,L006,D0042,B002,CH004,56,34800,4.09
V015,L007,D0042,B002,CH004,56,39500,3.56
V015,L008,D0042,B002,CH004,42,41200,2.88
V015,L009,D0042,B002,CH004,35,39700,2.5
V015,L010,D0042,B002,CH004,53,37300,4.04
V016,L001,D0042,B008,CH004,51,39300,5.08
V016,L002,D0042,B008,CH004,57,56800,4.19
V016,L003,D0042,B008,CH004,63,45700,5.18
V016,L004,D0042,B008,CH004,68,52700,4.88
V016,L005,D0042,B008,CH004,77,52500,5.18
V016,L006,D0042,B008,CH004,60,52300,4.38
V016,L007,D0042,B008,CH004,82,61600,5.22
V016,L008,D0042,B008,CH004,66,59300,4.52
V016,L009,D0042,B008,CH004,47,54400,3.36
V016,L010,D0042,B008,CH004,55,53900,4.19
V017,L001,D0042,B010,CH004,20,68500,1.99
V017,L002,D0042,B010,CH004,23,97400,1.69
V017,L003,D0042,B010,CH004,23,84500,1.89
V017,L004,D0042,B010,CH004,25,97900,1.79
V017,L005,D0042,B010,CH004,20,101700,1.34
V017,L006,D0042,B010,CH004,23,91700,1.68
V017,L007,D0042,B010,CH004,27,102200,1.72
V017,L008,D0042,B010,CH004,20,106000,1.37
V017,L009,D0042,B010,CH004,29,94000,2.07
V017,L010,D0042,B010,CH004,22,93500,1.68
V018,L001,D0042,B004,CH002,47,24400,4.69
V018,L002,D0042,B004,CH002,63,33100,4.64
V018,L003,D0042,B004,CH002,44,27300,3.62
V018,L004,D0042,B004,CH002,73,34200,5.24
V018,L005,D0042,B004,CH002,75,34600,5.04
V018,L006,D0042,B004,CH002,54,32700,3.94
V018,L007,D0042,B004,CH002,67,37800,4.26
V018,L008,D0042,B004,CH002,64,35800,4.38
V018,L009,D0042,B004,CH002,60,36100,4.29
V018,L010,D0042,B004,CH002,53,31800,4.04
V019,L001,D0042,B005,CH002,23,33100,2.29
V019,L002,D0042,B005,CH002,32,45300,2.35
V019,L003,D0042,B005,CH002,32,37800,2.63
V019,L004,D0042,B005,CH002,48,47800,3.45
V019,L005,D0042,B005,CH002,33,46400,2.22
V019,L006,D0042,B005,CH002,42,42300,3.07
V019,L007,D0042,B005,CH002,31,49500,1.97
V019,L008,D0042,B005,CH002,37,45500,2.53
V019,L009,D0042,B005,CH002,40,42700,2.86
V019,L010,D0042,B005,CH002,36,43100,2.74
V020,L001,D0042,B003,CH002,58,29200,5.78
V020,L002,D0042,B003,CH002,88,41900,6.48
V020,L003,D0042,B003,CH002,66,33300,5.43
V020,L004,D0042,B003,CH002,68,43000,4.88
V020,L005,D0042,B003,CH002,97,40500,6.52
V020,L006,D0042,B003,CH002,69,39600,5.04
V020,L007,D0042,B003,CH002,88,43700,5.6
V020,L008,D0042,B003,CH002,82,39800,5.62
V020,L009,D0042,B003,CH002,90,38200,6.44
V020,L010,D0042,B003,CH002,81,41200,6.17
V001,L001,D0043,B004,CH004,80,31400,7.92
V001,L002,D0043,B004,CH004,98,44400,7.64
V001,L003,D0043,B004,CH004,81,36300,7.87
V001,L004,D0043,B004,CH004,102,47600,7.49
V001,L005,D0043,B004,CH004,122,45200,8.62
V001,L006,D0043,B004,CH004,107,41600,8.05
V001,L007,D0043,B004,CH004,101,46100,7.08
V001,L008,D0043,B004,CH004,99,48200,6.95
V001,L009,D0043,B004,CH004,141,42100,10.1
V001,L010,D0043,B004,CH004,81,43500,6.26
V002,L001,D0043,B006,CH004,67,35500,6.63
V002,L002,D0043,B006,CH004,92,53000,7.18
V002,L003,D0043,B006,CH004,80,40400,7.77
V002,L004,D0043,B006,CH004,98,52100,7.2
V002,L005,D0043,B006,CH004,112,50800,7.92
V002,L006,D0043,B006,CH004,91,51100,6.84
V002,L007,D0043,B006,CH004,119,55900,8.34
V002,L008,D0043,B006,CH004,101,55200,7.09
V002,L009,D0043,B006,CH004,94,47600,6.73
V002,L010,D0043,B006,CH004,81,47200,6.26
V003,L001,D0043,B003,CH003,64,21600,6.34
V003,L002,D0043,B003,CH003,81,32700,6.32
V003,L003,D0043,B003,CH003,60,26200,5.83
V003,L004,D0043,B003,CH003,80,32400,5.87
V003,L005,D0043,B003,CH003,83,32000,5.87
V003,L006,D0043,B003,CH003,72,30300,5.41
V003,L007,D0043,B003,CH003,101,33400,7.08
V003,L008,D0043,B003,CH003,106,34300,7.44
V003,L009,D0043,B003,CH003,91,32000,6.52
V003,L010,D0043,B003,CH003,80,32400,6.19
V004,L001,D0043,B006,CH004,61,32700,6.04
V004,L002,D0043,B006,CH004,73,43100,5.69
V004,L003,D0043,B006,CH004,77,34700,7.48
V004,L004,D0043,B006,CH004,93,42500,6.83
V004,L005,D0043,B006,CH004,99,43200,7.0
V004,L006,D0043,B006,CH004,83,41200,6.24
V004,L007,D0043,B006,CH004,102,45000,7.15
V004,L008,D0043,B006,CH004,96,45600,6.74
V004,L009,D0043,B006,CH004,90,42200,6.45
V004,L010,D0043,B006,CH004,89,44000,6.88
V005,L001,D0043,B007,CH004,62,34700,6.14
V005,L002,D0043,B007,CH004,97,50000,7.57
V005,L003,D0043,B007,CH004,59,39400,5.73
V005,L004,D0043,B007,CH004,87,50300,6.39
V005,L005,D0043,B007,CH004,75,48900,5.3
V005,L006,D0043,B007,CH004,83,46300,6.24
V005,L007,D0043,B007,CH004,67,57100,4.7
V005,L008,D0043,B007,CH004,89,51000,6.25
V005,L009,D0043,B007,CH004,90,49600,6.45
V005,L010,D0043,B007,CH004,84,47700,6.5
V006,L001,D0043,B003,CH003,70,26400,6.93
V006,L002,D0043,B003,CH003,88,37400,6.86
V006,L003,D0043,B003,CH003,59,31800,5.73
V006,L004,D0043,B003,CH003,83,38600,6.09
V006,L005,D0043,B003,CH003,90,39000,6.36
V006,L006,D0043,B003,CH003,85,33900,6.39
V006,L007,D0043,B003,CH003,74,40200,5.19
V006,L008,D0043,B003,CH003,77,39000,5.4
V006,L009,D0043,B003,CH003,89,38600,6.38
V006,L010,D0043,B003,CH003,92,36100,7.12
V007,L001,D0043,B007,CH004,56,33300,5.54
V007,L002,D0043,B007,CH004,50,48900,3.9
V007,L003,D0043,B007,CH004,59,39800,5.73
V007,L004,D0043,B007,CH004,75,49300,5.51
V007,L005,D0043,B007,CH004,86,47600,6.08
V007,L006,D0043,B007,CH004,68,45600,5.11
V007,L007,D0043,B007,CH004,93,50200,6.52
V007,L008,D0043,B007,CH004,78,47100,5.47
V007,L009,D0043,B007,CH004,86,48300,6.16
V007,L010,D0043,B007,CH004,87,44900,6.73
V008,L001,D0043,B002,CH003,57,16800,5.64
V008,L002,D0043,B002,CH003,80,22100,6.24
V008,L003,D0043,B002,CH003,47,19300,4.57
V008,L004,D0043,B002,CH003,63,24000,4.63
V008,L005,D0043,B002,CH003,85,23500,6.01
V008,L006,D0043,B002,CH003,84,22200,6.32
V008,L007,D0043,B002,CH003,80,25000,5.61
V008,L008,D0043,B002,CH003,89,22500,6.25
V008,L009,D0043,B002,CH003,65,23700,4.66
V008,L010,D0043,B002,CH003,62,21300,4.8
V009,L001,D0043,B003,CH003,55,21600,5.45
V009,L002,D0043,B003,CH003,58,33000,4.52
V009,L003,D0043,B003,CH003,51,26800,4.96
V009,L004,D0043,B003,CH003,74,31500,5.43
V009,L005,D0043,B003,CH003,81,32700,5.72
V009,L006,D0043,B003,CH003,67,30600,5.04
V009,L007,D0043,B003,CH003,70,35900,4.91
V009,L008,D0043,B003,CH003,80,34000,5.61
V009,L009,D0043,B003,CH003,57,32100,4.08
V009,L010,D0043,B003,CH003,64,31000,4.95
V010,L001,D0043,B007,CH004,29,45400,2.87
V010,L002,D0043,B007,CH004,45,61300,3.51
V010,L003,D0043,B007,CH004,43,49700,4.18
V010,L004,D0043,B007,CH004,57,67300,4.19
V010,L005,D0043,B007,CH004,47,64400,3.32
V010,L006,D0043,B007,CH004,56,58600,4.21
V010,L007,D0043,B007,CH004,48,67600,3.36
V010,L008,D0043,B007,CH004,45,68900,3.16
V010,L009,D0043,B007,CH004,46,62400,3.3
V010,L010,D0043,B007,CH004,51,61900,3.94
V011,L001,D0043,B005,CH003,36,41200,3.56
V011,L002,D0043,B005,CH003,40,60300,3.12
V011,L003,D0043,B005,CH003,38,47200,3.69
V011,L004,D0043,B005,CH003,57,62500,4.19
V011,L005,D0043,B005,CH003,43,57300,3.04
V011,L006,D0043,B005,CH003,39,58200,2.93
V011,L007,D0043,B005,CH003,48,60000,3.36
V011,L008,D0043,B005,CH003,39,62000,2.74
V011,L009,D0043,B005,CH003,44,60700,3.15
V011,L010,D0043,B005,CH003,47,53100,3.63
V012,L001,D0043,B006,CH003,48,32600,4.75
V012,L002,D0043,B006,CH003,65,47100,5.07
V012,L003,D0043,B006,CH003,50,40300,4.86
V012,L004,D0043,B006,CH003,63,50800,4.63
V012,L005,D0043,B006,CH003,71,50600,5.02
V012,L006,D0043,B006,CH003,69,43700,5.19
V012,L007,D0043,B006,CH003,79,51600,5.54
V012,L008,D0043,B006,CH003,65,48100,4.56
V012,L009,D0043,B006,CH003,75,45700,5.37
V012,L010,D0043,B006,CH003,62,46100,4.8
V013,L001,D0043,B001,CH002,55,25000,5.45
V013,L002,D0043,B001,CH002,64,31900,4.99
V013,L003,D0043,B001,CH002,44,28900,4.28
V013,L004,D0043,B001,CH002,68,34300,4.99
V013,L005,D0043,B001,CH002,60,32800,4.24
V013,L006,D0043,B001,CH002,71,32200,5.34
V013,L007,D0043,B001,CH002,62,36700,4.34
V013,L008,D0043,B001,CH002,72,32900,5.05
V013,L009,D0043,B001,CH002,73,31500,5.23
V013,L010,D0043,B001,CH002,56,34700,4.33
V014,L001,D0043,B004,CH003,42,30200,4.16
V014,L002,D0043,B004,CH003,52,41500,4.06
V014,L003,D0043,B004,CH003,45,35900,4.37
V014,L004,D0043,B004,CH003,63,42600,4.63
V014,L005,D0043,B004,CH003,50,40700,3.53
V014,L006,D0043,B004,CH003,55,38900,4.14
V014,L007,D0043,B004,CH003,65,43100,4.56
V014,L008,D0043,B004,CH003,61,43800,4.28
V014,L009,D0043,B004,CH003,62,41500,4.44
V014,L010,D0043,B004,CH003,52,42400,4.02
V015,L001,D0043,B002,CH004,31,28000,3.07
V015,L002,D0043,B002,CH004,37,37500,2.89
V015,L003,D0043,B002,CH004,38,31200,3.69
V015,L004,D0043,B002,CH004,45,38300,3.3
V015,L005,D0043,B002,CH004,35,37800,2.47
V015,L006,D0043,B002,CH004,46,38800,3.46
V015,L007,D0043,B002,CH004,50,38400,3.5
V015,L008,D0043,B002,CH004,47,40000,3.3
V015,L009,D0043,B002,CH004,47,35500,3.37
V015,L010,D0043,B002,CH004,44,38200,3.4
V016,L001,D0043,B008,CH004,49,40700,4.85
V016,L002,D0043,B008,CH004,77,53900,6.01
V016,L003,D0043,B008,CH004,60,43800,5.83
V016,L004,D0043,B008,CH004,68,58300,4.99
V016,L005,D0043,B008,CH004,78,53400,5.51
V016,L006,D0043,B008,CH004,49,54100,3.68
V016,L007,D0043,B008,CH004,75,56100,5.26
V016,L008,D0043,B008,CH004,73,59900,5.12
V016,L009,D0043,B008,CH004,67,52000,4.8
V016,L010,D0043,B008,CH004,78,54500,6.03
V017,L001,D0043,B010,CH004,18,75200,1.78
V017,L002,D0043,B010,CH004,21,99900,1.64
V017,L003,D0043,B010,CH004,20,83300,1.94
V017,L004,D0043,B010,CH004,13,102300,0.95
V017,L005,D0043,B010,CH004,25,99800,1.77
V017,L006,D0043,B010,CH004,19,101900,1.43
V017,L007,D0043,B010,CH004,26,107700,1.82
V017,L008,D0043,B010,CH004,33,108000,2.32
V017,L009,D0043,B010,CH004,25,100900,1.79
V017,L010,D0043,B010,CH004,25,92900,1.93
V018,L001,D0043,B004,CH002,46,26000,4.55
V018,L002,D0043,B004,CH002,59,34800,4.6
V018,L003,D0043,B004,CH002,43,28800,4.18
V018,L004,D0043,B004,CH002,51,36000,3.74
V018,L005,D0043,B004,CH002,65,33700,4.59
V018,L006,D0043,B004,CH002,65,32300,4.89
V018,L007,D0043,B004,CH002,63,39100,4.41
V018,L008,D0043,B004,CH002,58,34200,4.07
V018,L009,D0043,B004,CH002,58,33300,4.15
V018,L010,D0043,B004,CH002,53,32900,4.1
V019,L001,D0043,B005,CH002,31,31400,3.07
V019,L002,D0043,B005,CH002,40,42200,3.12
V019,L003,D0043,B005,CH002,20,36600,1.94
V019,L004,D0043,B005,CH002,44,43800,3.23
V019,L005,D0043,B005,CH002,39,46400,2.76
V019,L006,D0043,B005,CH002,36,40800,2.71
V019,L007,D0043,B005,CH002,28,45800,1.96
V019,L008,D0043,B005,CH002,35,43000,2.46
V019,L009,D0043,B005,CH002,29,45200,2.08
V019,L010,D0043,B005,CH002,36,43700,2.78
V020,L001,D0043,B003,CH002,53,29900,5.25
V020,L002,D0043,B003,CH002,65,37500,5.07
V020,L003,D0043,B003,CH002,55,32200,5.34
V020,L004,D0043,B003,CH002,78,41600,5.73
V020,L005,D0043,B003,CH002,69,42700,4.88
V020,L006,D0043,B003,CH002,85,36700,6.39
V020,L007,D0043,B003,CH002,76,43100,5.33
V020,L008,D0043,B003,CH002,82,39700,5.75
V020,L009,D0043,B003,CH002,67,40600,4.8
V020,L010,D0043,B003,CH002,69,40600,5.34
V001,L001,D0044,B004,CH004,65,32300,7.18
V001,L002,D0044,B004,CH004,91,41800,7.19
V001,L003,D0044,B004,CH004,80,37100,7.21
V001,L004,D0044,B004,CH004,101,47800,7.53
V001,L005,D0044,B004,CH004,102,45300,7.63
V001,L006,D0044,B004,CH004,108,43900,8.79
V001,L007,D0044,B004,CH004,109,49500,7.48
V001,L008,D0044,B004,CH004,105,47800,7.56
V001,L009,D0044,B004,CH004,103,46300,7.76
V001,L010,D0044,B004,CH004,88,43700,6.84
V002,L001,D0044,B006,CH004,88,36400,9.72
V002,L002,D0044,B006,CH004,81,50300,6.4
V002,L003,D0044,B006,CH004,85,39200,7.66
V002,L004,D0044,B006,CH004,94,51300,7.01
V002,L005,D0044,B006,CH004,96,51200,7.18
V002,L006,D0044,B006,CH004,78,49400,6.35
V002,L007,D0044,B006,CH004,112,54900,7.68
V002,L008,D0044,B006,CH004,99,53800,7.13
V002,L009,D0044,B006,CH004,109,50900,8.21
V002,L010,D0044,B006,CH004,102,47000,7.93
V003,L001,D0044,B003,CH003,59,23000,6.52
V003,L002,D0044,B003,CH003,89,30300,7.04
V003,L003,D0044,B003,CH003,55,24500,4.95
V003,L004,D0044,B003,CH003,110,33900,8.2
V003,L005,D0044,B003,CH003,117,33100,8.75
V003,L006,D0044,B003,CH003,82,31200,6.68
V003,L007,D0044,B003,CH003,95,32500,6.52
V003,L008,D0044,B003,CH003,94,33400,6.77
V003,L009,D0044,B003,CH003,84,30300,6.33
V003,L010,D0044,B003,CH003,103,31100,8.0
V004,L001,D0044,B006,CH004,63,30500,6.96
V004,L002,D0044,B006,CH004,69,44800,5.45
V004,L003,D0044,B006,CH004,78,34000,7.03
V004,L004,D0044,B006,CH004,87,43400,6.49
V004,L005,D0044,B006,CH004,88,45400,6.58
V004,L006,D0044,B006,CH004,96,40600,7.82
V004,L007,D0044,B006,CH004,103,46100,7.06
V004,L008,D0044,B006,CH004,97,45000,6.99
V004,L009,D0044,B006,CH004,97,45800,7.3
V004,L010,D0044,B006,CH004,82,40800,6.37
V005,L001,D0044,B007,CH004,44,35100,4.86
V005,L002,D0044,B007,CH004,84,52000,6.64
V005,L003,D0044,B007,CH004,58,40000,5.23
V005,L004,D0044,B007,CH004,82,54200,6.11
V005,L005,D0044,B007,CH004,67,54100,5.01
V005,L006,D0044,B007,CH004,78,46500,6.35
V005,L007,D0044,B007,CH004,90,55400,6.17
V005,L008,D0044,B007,CH004,71,53700,5.12
V005,L009,D0044,B007,CH004,91,50900,6.85
V005,L010,D0044,B007,CH004,80,48200,6.22
V006,L001,D0044,B003,CH003,51,25300,5.64
V006,L002,D0044,B003,CH003,73,37400,5.77
V006,L003,D0044,B003,CH003,61,31600,5.5
V006,L004,D0044,B003,CH003,68,39800,5.07
V006,L005,D0044,B003,CH003,78,38900,5.83
V006,L006,D0044,B003,CH003,68,36500,5.54
V006,L007,D0044,B003,CH003,84,41200,5.76
V006,L008,D0044,B003,CH003,78,38500,5.62
V006,L009,D0044,B003,CH003,82,37600,6.17
V006,L010,D0044,B003,CH003,71,35000,5.52
V007,L001,D0044,B007,CH004,46,34900,5.08
V007,L002,D0044,B007,CH004,63,50300,4.98
V007,L003,D0044,B007,CH004,59,40000,5.32
V007,L004,D0044,B007,CH004,82,47300,6.11
V007,L005,D0044,B007,CH004,75,48700,5.61
V007,L006,D0044,B007,CH004,84,46700,6.84
V007,L007,D0044,B007,CH004,81,52100,5.56
V007,L008,D0044,B007,CH004,100,51800,7.2
V007,L009,D0044,B007,CH004,69,45200,5.2
V007,L010,D0044,B007,CH004,76,44500,5.91
V008,L001,D0044,B002,CH003,37,17300,4.09
V008,L002,D0044,B002,CH003,75,23000,5.93
V008,L003,D0044,B002,CH003,62,17900,5.59
V008,L004,D0044,B002,CH003,72,22800,5.37
V008,L005,D0044,B002,CH003,92,23300,6.88
V008,L006,D0044,B002,CH003,57,21800,4.64
V008,L007,D0044,B002,CH003,85,25500,5.83
V008,L008,D0044,B002,CH003,93,24800,6.7
V008,L009,D0044,B002,CH003,66,23400,4.97
V008,L010,D0044,B002,CH003,82,23500,6.37
V009,L001,D0044,B003,CH003,53,22200,5.86
V009,L002,D0044,B003,CH003,50,29800,3.95
V009,L003,D0044,B003,CH003,57,25200,5.14
V009,L004,D0044,B003,CH003,74,32400,5.52
V009,L005,D0044,B003,CH003,70,30100,5.24
V009,L006,D0044,B003,CH003,61,28900,4.97
V009,L007,D0044,B003,CH003,83,32700,5.69
V009,L008,D0044,B003,CH003,78,33700,5.62
V009,L009,D0044,B003,CH003,61,32600,4.59
V009,L010,D0044,B003,CH003,70,31600,5.44
V010,L001,D0044,B007,CH004,31,46200,3.43
V010,L002,D0044,B007,CH004,49,61400,3.87
V010,L003,D0044,B007,CH004,42,50200,3.78
V010,L004,D0044,B007,CH004,56,63400,4.18
V010,L005,D0044,B007,CH004,40,63600,2.99
V010,L006,D0044,B007,CH004,45,64700,3.66
V010,L007,D0044,B007,CH004,44,66700,3.02
V010,L008,D0044,B007,CH004,60,64700,4.32
V010,L009,D0044,B007,CH004,37,61100,2.79
V010,L010,D0044,B007,CH004,43,59500,3.34
V011,L001,D0044,B005,CH003,32,39400,3.54
V011,L002,D0044,B005,CH003,43,57100,3.4
V011,L003,D0044,B005,CH003,44,48800,3.96
V011,L004,D0044,B005,CH003,39,55700,2.91
V011,L005,D0044,B005,CH003,54,56900,4.04
V011,L006,D0044,B005,CH003,39,56700,3.18
V011,L007,D0044,B005,CH003,42,62900,2.88
V011,L008,D0044,B005,CH003,46,58400,3.31
V011,L009,D0044,B005,CH003,32,57500,2.41
V011,L010,D0044,B005,CH003,55,55100,4.27
V012,L001,D0044,B006,CH003,51,32600,5.64
V012,L002,D0044,B006,CH003,72,46100,5.69
V012,L003,D0044,B006,CH003,68,37100,6.13
V012,L004,D0044,B006,CH003,83,50500,6.19
V012,L005,D0044,B006,CH003,64,48300,4.79
V012,L006,D0044,B006,CH003,59,47400,4.8
V012,L007,D0044,B006,CH003,70,52200,4.8
V012,L008,D0044,B006,CH003,67,50200,4.83
V012,L009,D0044,B006,CH003,66,45000,4.97
V012,L010,D0044,B006,CH003,58,46400,4.51
V013,L001,D0044,B001,CH002,45,23000,4.97
V013,L002,D0044,B001,CH002,61,33600,4.82
V013,L003,D0044,B001,CH002,49,28700,4.41
V013,L004,D0044,B001,CH002,54,33500,4.03
V013,L005,D0044,B001,CH002,47,32600,3.52
V013,L006,D0044,B001,CH002,44,33500,3.58
V013,L007,D0044,B001,CH002,56,37700,3.84
V013,L008,D0044,B001,CH002,72,35400,5.19
V013,L009,D0044,B001,CH002,63,34400,4.74
V013,L010,D0044,B001,CH002,58,31700,4.51
V014,L001,D0044,B004,CH003,31,30000,3.43
V014,L002,D0044,B004,CH003,57,42800,4.51
V014,L003,D0044,B004,CH003,48,34000,4.32
V014,L004,D0044,B004,CH003,49,41400,3.65
V014,L005,D0044,B004,CH003,49,40900,3.66
V014,L006,D0044,B004,CH003,45,42600,3.66
V014,L007,D0044,B004,CH003,66,43100,4.53
V014,L008,D0044,B004,CH003,55,43300,3.96
V014,L009,D0044,B004,CH003,66,41000,4.97
V014,L010,D0044,B004,CH003,49,40800,3.81
V015,L001,D0044,B002,CH004,31,27800,3.43
V015,L002,D0044,B002,CH004,46,36400,3.64
V015,L003,D0044,B002,CH004,40,32000,3.6
V015,L004,D0044,B002,CH004,48,39800,3.58
V015,L005,D0044,B002,CH004,37,37200,2.77
V015,L006,D0044,B002,CH004,37,36100,3.01
V015,L007,D0044,B002,CH004,44,42000,3.02
V015,L008,D0044,B002,CH004,44,38600,3.17
V015,L009,D0044,B002,CH004,56,36900,4.22
V015,L010,D0044,B002,CH004,43,38900,3.34
V016,L001,D0044,B008,CH004,42,37500,4.64
V016,L002,D0044,B008,CH004,68,57200,5.38
V016,L003,D0044,B008,CH004,43,45300,3.87
V016,L004,D0044,B008,CH004,58,56600,4.33
V016,L005,D0044,B008,CH004,54,54400,4.04
V016,L006,D0044,B008,CH004,69,51700,5.62
V016,L007,D0044,B008,CH004,63,58000,4.32
V016,L008,D0044,B008,CH004,60,56300,4.32
V016,L009,D0044,B008,CH004,57,53800,4.29
V016,L010,D0044,B008,CH004,56,55600,4.35
V017,L001,D0044,B010,CH004,21,68200,2.32
V017,L002,D0044,B010,CH004,21,93400,1.66
V017,L003,D0044,B010,CH004,23,78500,2.07
V017,L004,D0044,B010,CH004,17,107800,1.27
V017,L005,D0044,B010,CH004,36,100700,2.69
V017,L006,D0044,B010,CH004,19,97900,1.55
V017,L007,D0044,B010,CH004,28,112600,1.92
V017,L008,D0044,B010,CH004,22,101900,1.59
V017,L009,D0044,B010,CH004,18,98800,1.36
V017,L010,D0044,B010,CH004,19,99000,1.48
V018,L001,D0044,B004,CH002,48,26200,5.3
V018,L002,D0044,B004,CH002,57,32700,4.51
V018,L003,D0044,B004,CH002,47,27200,4.23
V018,L004,D0044,B004,CH002,55,35800,4.1
V018,L005,D0044,B004,CH002,65,34900,4.86
V018,L006,D0044,B004,CH002,44,34800,3.58
V018,L007,D0044,B004,CH002,62,39200,4.25
V018,L008,D0044,B004,CH002,53,35500,3.82
V018,L009,D0044,B004,CH002,66,35500,4.97
V018,L010,D0044,B004,CH002,41,32400,3.19
V019,L001,D0044,B005,CH002,19,30700,2.1
V019,L002,D0044,B005,CH002,37,45500,2.92
V019,L003,D0044,B005,CH002,34,36200,3.06
V019,L004,D0044,B005,CH002,37,47400,2.76
V019,L005,D0044,B005,CH002,31,46300,2.32
V019,L006,D0044,B005,CH002,37,43000,3.01
V019,L007,D0044,B005,CH002,32,48800,2.19
V019,L008,D0044,B005,CH002,31,45400,2.23
V019,L009,D0044,B005,CH002,36,45100,2.71
V019,L010,D0044,B005,CH002,44,45400,3.42
V020,L001,D0044,B003,CH002,48,27400,5.3
V020,L002,D0044,B003,CH002,79,38600,6.25
V020,L003,D0044,B003,CH002,77,33800,6.94
V020,L004,D0044,B003,CH002,75,41000,5.59
V020,L005,D0044,B003,CH002,75,39200,5.61
V020,L006,D0044,B003,CH002,78,37100,6.35
V020,L007,D0044,B003,CH002,109,44600,7.48
V020,L008,D0044,B003,CH002,63,39900,4.54
V020,L009,D0044,B003,CH002,69,40700,5.2
V020,L010,D0044,B003,CH002,67,39800,5.21
V001,L001,D0045,B004,CH004,80,33300,7.71
V001,L002,D0045,B004,CH004,115,46500,8.51
V001,L003,D0045,B004,CH004,83,36100,7.39
V001,L004,D0045,B004,CH004,103,44300,7.18
V001,L005,D0045,B004,CH004,89,42200,6.56
V001,L006,D0045,B004,CH004,92,40700,7.1
V001,L007,D0045,B004,CH004,113,49400,7.4
V001,L008,D0045,B004,CH004,116,44200,8.28
V001,L009,D0045,B004,CH004,109,42000,7.95
V001,L010,D0045,B004,CH004,98,44600,7.15
V002,L001,D0045,B006,CH004,82,36100,7.9
V002,L002,D0045,B006,CH004,98,52600,7.25
V002,L003,D0045,B006,CH004,75,39700,6.68
V002,L004,D0045,B006,CH004,102,51500,7.11
V002,L005,D0045,B006,CH004,103,52600,7.6
V002,L006,D0045,B006,CH004,101,51600,7.8
V002,L007,D0045,B006,CH004,132,53100,8.65
V002,L008,D0045,B006,CH004,107,52100,7.64
V002,L009,D0045,B006,CH004,101,50200,7.37
V002,L010,D0045,B006,CH004,103,48600,7.51
V003,L001,D0045,B003,CH003,66,23700,6.36
V003,L002,D0045,B003,CH003,81,30800,6.0
V003,L003,D0045,B003,CH003,71,24900,6.32
V003,L004,D0045,B003,CH003,124,34000,8.64
V003,L005,D0045,B003,CH003,79,30200,5.83
V003,L006,D0045,B003,CH003,103,29300,7.95
V003,L007,D0045,B003,CH003,76,35100,4.98
V003,L008,D0045,B003,CH003,93,32000,6.64
V003,L009,D0045,B003,CH003,109,30800,7.95
V003,L010,D0045,B003,CH003,94,32000,6.86
V004,L001,D0045,B006,CH004,67,29900,6.45
V004,L002,D0045,B006,CH004,90,41900,6.66
V004,L003,D0045,B006,CH004,91,38000,8.1
V004,L004,D0045,B006,CH004,94,42600,6.55
V004,L005,D0045,B006,CH004,103,44700,7.6
V004,L006,D0045,B006,CH004,74,43300,5.71
V004,L007,D0045,B006,CH004,108,48600,7.08
V004,L008,D0045,B006,CH004,82,43500,5.85
V004,L009,D0045,B006,CH004,95,43400,6.93
V004,L010,D0045,B006,CH004,80,45300,5.84
V005,L001,D0045,B007,CH004,68,38200,6.55
V005,L002,D0045,B007,CH004,81,48200,6.0
V005,L003,D0045,B007,CH004,68,40400,6.06
V005,L004,D0045,B007,CH004,83,50700,5.78
V005,L005,D0045,B007,CH004,81,48900,5.97
V005,L006,D0045,B007,CH004,66,47500,5.1
V005,L007,D0045,B007,CH004,80,51000,5.24
V005,L008,D0045,B007,CH004,72,50900,5.14
V005,L009,D0045,B007,CH004,63,48900,4.6
V005,L010,D0045,B007,CH004,83,48800,6.05
V006,L001,D0045,B003,CH003,57,24800,5.49
V006,L002,D0045,B003,CH003,75,36800,5.55
V006,L003,D0045,B003,CH003,68,28900,6.06
V006,L004,D0045,B003,CH003,76,37800,5.3
V006,L005,D0045,B003,CH003,75,37200,5.53
V006,L006,D0045,B003,CH003,77,37000,5.95
V006,L007,D0045,B003,CH003,105,37100,6.88
V006,L008,D0045,B003,CH003,86,37500,6.14
V006,L009,D0045,B003,CH003,60,37200,4.38
V006,L010,D0045,B003,CH003,94,37100,6.86
V007,L001,D0045,B007,CH004,55,34600,5.3
V007,L002,D0045,B007,CH004,70,46200,5.18
V007,L003,D0045,B007,CH004,63,40000,5.61
V007,L004,D0045,B007,CH004,67,51900,4.67
V007,L005,D0045,B007,CH004,79,46900,5.83
V007,L006,D0045,B007,CH004,79,44400,6.1
V007,L007,D0045,B007,CH004,100,54900,6.55
V007,L008,D0045,B007,CH004,67,47600,4.78
V007,L009,D0045,B007,CH004,84,46600,6.13
V007,L010,D0045,B007,CH004,76,46500,5.54
V008,L001,D0045,B002,CH003,68,16600,6.55
V008,L002,D0045,B002,CH003,82,23400,6.07
V008,L003,D0045,B002,CH003,59,18300,5.25
V008,L004,D0045,B002,CH003,98,22700,6.83
V008,L005,D0045,B002,CH003,80,24800,5.9
V008,L006,D0045,B002,CH003,65,22200,5.02
V008,L007,D0045,B002,CH003,68,23900,4.46
V008,L008,D0045,B002,CH003,84,23900,6.0
V008,L009,D0045,B002,CH003,60,23900,4.38
V008,L010,D0045,B002,CH003,60,22100,4.38
V009,L001,D0045,B003,CH003,40,21200,3.85
V009,L002,D0045,B003,CH003,84,32700,6.22
V009,L003,D0045,B003,CH003,57,25500,5.08
V009,L004,D0045,B003,CH003,76,32800,5.3
V009,L005,D0045,B003,CH003,88,33400,6.49
V009,L006,D0045,B003,CH003,63,29000,4.86
V009,L007,D0045,B003,CH003,73,33400,4.78
V009,L008,D0045,B003,CH003,72,32600,5.14
V009,L009,D0045,B003,CH003,63,31200,4.6
V009,L010,D0045,B003,CH003,73,30300,5.32
V010,L001,D0045,B007,CH004,39,46700,3.76
V010,L002,D0045,B007,CH004,40,62000,2.96
V010,L003,D0045,B007,CH004,33,53800,2.94
V010,L004,D0045,B007,CH004,40,67000,2.79
V010,L005,D0045,B007,CH004,49,62400,3.61
V010,L006,D0045,B007,CH004,44,58300,3.4
V010,L007,D0045,B007,CH004,53,67300,3.47
V010,L008,D0045,B007,CH004,53,66000,3.78
V010,L009,D0045,B007,CH004,51,65500,3.72
V010,L010,D0045,B007,CH004,38,63300,2.77
V011,L001,D0045,B005,CH003,34,43400,3.28
V011,L002,D0045,B005,CH003,48,55900,3.55
V011,L003,D0045,B005,CH003,25,49500,2.23
V011,L004,D0045,B005,CH003,43,61200,3.0
V011,L005,D0045,B005,CH003,38,60300,2.8
V011,L006,D0045,B005,CH003,59,53300,4.56
V011,L007,D0045,B005,CH003,53,58400,3.47
V011,L008,D0045,B005,CH003,51,62300,3.64
V011,L009,D0045,B005,CH003,47,55800,3.43
V011,L010,D0045,B005,CH003,52,58100,3.79
V012,L001,D0045,B006,CH003,66,33600,6.36
V012,L002,D0045,B006,CH003,64,49300,4.74
V012,L003,D0045,B006,CH003,54,40100,4.81
V012,L004,D0045,B006,CH003,69,46400,4.81
V012,L005,D0045,B006,CH003,68,50100,5.01
V012,L006,D0045,B006,CH003,74,46000,5.71
V012,L007,D0045,B006,CH003,69,48400,4.52
V012,L008,D0045,B006,CH003,68,48600,4.85
V012,L009,D0045,B006,CH003,80,44700,5.84
V012,L010,D0045,B006,CH003,77,46200,5.62
V013,L001,D0045,B001,CH002,53,22800,5.11
V013,L002,D0045,B001,CH002,66,32400,4.89
V013,L003,D0045,B001,CH002,65,28000,5.79
V013,L004,D0045,B001,CH002,56,34600,3.9
V013,L005,D0045,B001,CH002,65,32600,4.79
V013,L006,D0045,B001,CH002,73,33300,5.64
V013,L007,D0045,B001,CH002,66,35300,4.33
V013,L008,D0045,B001,CH002,68,35500,4.85
V013,L009,D0045,B001,CH002,77,32500,5.62
V013,L010,D0045,B001,CH002,56,32800,4.08
V014,L001,D0045,B004,CH003,42,30900,4.05
V014,L002,D0045,B004,CH003,60,42200,4.44
V014,L003,D0045,B004,CH003,47,34500,4.19
V014,L004,D0045,B004,CH003,64,42100,4.46
V014,L005,D0045,B004,CH003,61,42100,4.5
V014,L006,D0045,B004,CH003,51,41900,3.94
V014,L007,D0045,B004,CH003,64,43500,4.19
V014,L008,D0045,B004,CH003,58,44700,4.14
V014,L009,D0045,B004,CH003,63,39700,4.6
V014,L010,D0045,B004,CH003,49,42500,3.57
V015,L001,D0045,B002,CH004,30,27000,2.89
V015,L002,D0045,B002,CH004,50,37300,3.7
V015,L003,D0045,B002,CH004,45,31800,4.01
V015,L004,D0045,B002,CH004,45,38200,3.14
V015,L005,D0045,B002,CH004,33,39600,2.43
V015,L006,D0045,B002,CH004,52,37500,4.02
V015,L007,D0045,B002,CH004,61,42000,4.0
V015,L008,D0045,B002,CH004,51,40400,3.64
V015,L009,D0045,B002,CH004,52,36600,3.79
V015,L010,D0045,B002,CH004,46,36100,3.36
V016,L001,D0045,B008,CH004,43,39700,4.14
V016,L002,D0045,B008,CH004,56,54900,4.15
V016,L003,D0045,B008,CH004,46,44400,4.1
V016,L004,D0045,B008,CH004,83,57400,5.78
V016,L005,D0045,B008,CH004,62,53000,4.57
V016,L006,D0045,B008,CH004,44,51300,3.4
V016,L007,D0045,B008,CH004,74,61200,4.85
V016,L008,D0045,B008,CH004,57,57300,4.07
V016,L009,D0045,B008,CH004,63,57000,4.6
V016,L010,D0045,B008,CH004,71,55000,5.18
V017,L001,D0045,B010,CH004,17,75300,1.64
V017,L002,D0045,B010,CH004,24,103500,1.78
V017,L003,D0045,B010,CH004,24,77100,2.14
V017,L004,D0045,B010,CH004,28,101100,1.95
V017,L005,D0045,B010,CH004,28,102900,2.06
V017,L006,D0045,B010,CH004,24,91500,1.85
V017,L007,D0045,B010,CH004,37,112800,2.42
V017,L008,D0045,B010,CH004,32,104700,2.28
V017,L009,D0045,B010,CH004,24,105200,1.75
V017,L010,D0045,B010,CH004,27,100200,1.97
V018,L001,D0045,B004,CH002,37,25100,3.56
V018,L002,D0045,B004,CH002,39,36400,2.89
V018,L003,D0045,B004,CH002,50,29000,4.45
V018,L004,D0045,B004,CH002,58,34300,4.04
V018,L005,D0045,B004,CH002,59,36900,4.35
V018,L006,D0045,B004,CH002,44,35500,3.4
V018,L007,D0045,B004,CH002,67,38200,4.39
V018,L008,D0045,B004,CH002,56,34300,4.0
V018,L009,D0045,B004,CH002,58,34300,4.23
V018,L010,D0045,B004,CH002,81,35100,5.91
V019,L001,D0045,B005,CH002,27,31800,2.6
V019,L002,D0045,B005,CH002,31,44700,2.29
V019,L003,D0045,B005,CH002,39,35200,3.47
V019,L004,D0045,B005,CH002,51,46600,3.55
V019,L005,D0045,B005,CH002,43,43900,3.17
V019,L006,D0045,B005,CH002,35,43100,2.7
V019,L007,D0045,B005,CH002,37,46100,2.42
V019,L008,D0045,B005,CH002,45,47000,3.21
V019,L009,D0045,B005,CH002,41,46200,2.99
V019,L010,D0045,B005,CH002,37,44100,2.7
V020,L001,D0045,B003,CH002,67,29300,6.45
V020,L002,D0045,B003,CH002,97,38300,7.18
V020,L003,D0045,B003,CH002,60,30600,5.34
V020,L004,D0045,B003,CH002,75,41300,5.23
V020,L005,D0045,B003,CH002,73,40000,5.38
V020,L006,D0045,B003,CH002,75,36800,5.79
V020,L007,D0045,B003,CH002,90,43100,5.9
V020,L008,D0045,B003,CH002,83,42600,5.92
V020,L009,D0045,B003,CH002,71,37800,5.18
V020,L010,D0045,B003,CH002,76,38200,5.54
V001,L001,D0046,B004,CH004,89,31700,8.33
V001,L002,D0046,B004,CH004,101,43300,6.97
V001,L003,D0046,B004,CH004,81,37100,6.98
V001,L004,D0046,B004,CH004,109,46400,7.41
V001,L005,D0046,B004,CH004,84,43300,6.03
V001,L006,D0046,B004,CH004,94,44700,6.84
V001,L007,D0046,B004,CH004,113,47400,7.42
V001,L008,D0046,B004,CH004,94,44000,6.49
V001,L009,D0046,B004,CH004,108,42700,7.56
V001,L010,D0046,B004,CH004,113,40700,8.36
V002,L001,D0046,B006,CH004,78,38100,7.3
V002,L002,D0046,B006,CH004,135,47800,9.31
V002,L003,D0046,B006,CH004,96,43500,8.27
V002,L004,D0046,B006,CH004,121,49300,8.23
V002,L005,D0046,B006,CH004,110,50700,7.9
V002,L006,D0046,B006,CH004,105,49900,7.64
V002,L007,D0046,B006,CH004,104,53300,6.83
V002,L008,D0046,B006,CH004,104,51100,7.18
V002,L009,D0046,B006,CH004,117,48100,8.19
V002,L010,D0046,B006,CH004,108,51200,7.99
V003,L001,D0046,B003,CH003,63,22900,5.89
V003,L002,D0046,B003,CH003,100,32700,6.9
V003,L003,D0046,B003,CH003,78,26600,6.72
V003,L004,D0046,B003,CH003,100,32500,6.8
V003,L005,D0046,B003,CH003,109,32600,7.82
V003,L006,D0046,B003,CH003,99,30800,7.21
V003,L007,D0046,B003,CH003,121,35200,7.94
V003,L008,D0046,B003,CH003,101,33000,6.98
V003,L009,D0046,B003,CH003,88,31300,6.16
V003,L010,D0046,B003,CH003,90,31200,6.66
V004,L001,D0046,B006,CH004,96,31700,8.98
V004,L002,D0046,B006,CH004,109,43200,7.52
V004,L003,D0046,B006,CH004,88,35900,7.58
V004,L004,D0046,B006,CH004,96,45800,6.53
V004,L005,D0046,B006,CH004,82,47200,5.89
V004,L006,D0046,B006,CH004,84,41200,6.11
V004,L007,D0046,B006,CH004,89,45800,5.84
V004,L008,D0046,B006,CH004,103,46100,7.11
V004,L009,D0046,B006,CH004,101,41900,7.07
V004,L010,D0046,B006,CH004,86,45000,6.36
V005,L001,D0046,B007,CH004,67,37400,6.27
V005,L002,D0046,B007,CH004,78,51900,5.38
V005,L003,D0046,B007,CH004,64,42800,5.51
V005,L004,D0046,B007,CH004,100,54300,6.8
V005,L005,D0046,B007,CH004,73,49100,5.24
V005,L006,D0046,B007,CH004,81,47000,5.9
V005,L007,D0046,B007,CH004,100,55500,6.57
V005,L008,D0046,B007,CH004,90,52400,6.22
V005,L009,D0046,B007,CH004,102,52300,7.14
V005,L010,D0046,B007,CH004,81,51600,5.99
V006,L001,D0046,B003,CH003,75,24900,7.02
V006,L002,D0046,B003,CH003,91,35700,6.28
V006,L003,D0046,B003,CH003,73,30400,6.29
V006,L004,D0046,B003,CH003,80,37700,5.44
V006,L005,D0046,B003,CH003,87,37900,6.25
V006,L006,D0046,B003,CH003,90,34400,6.55
V006,L007,D0046,B003,CH003,79,38800,5.19
V006,L008,D0046,B003,CH003,84,37400,5.8
V006,L009,D0046,B003,CH003,78,34900,5.46
V006,L010,D0046,B003,CH003,78,35400,5.77
V007,L001,D0046,B007,CH004,68,32600,6.36
V007,L002,D0046,B007,CH004,93,47600,6.41
V007,L003,D0046,B007,CH004,60,37500,5.17
V007,L004,D0046,B007,CH004,69,48000,4.69
V007,L005,D0046,B007,CH004,72,51000,5.17
V007,L006,D0046,B007,CH004,84,46800,6.11
V007,L007,D0046,B007,CH004,95,54600,6.24
V007,L008,D0046,B007,CH004,77,48000,5.32
V007,L009,D0046,B007,CH004,90,50500,6.3
V007,L010,D0046,B007,CH004,72,45500,5.33
V008,L001,D0046,B002,CH003,39,17200,3.65
V008,L002,D0046,B002,CH003,77,22800,5.31
V008,L003,D0046,B002,CH003,80,18200,6.89
V008,L004,D0046,B002,CH003,85,23200,5.78
V008,L005,D0046,B002,CH003,86,23500,6.17
V008,L006,D0046,B002,CH003,83,21700,6.04
V008,L007,D0046,B002,CH003,68,25100,4.46
V008,L008,D0046,B002,CH003,91,22600,6.28
V008,L009,D0046,B002,CH003,78,23900,5.46
V008,L010,D0046,B002,CH003,63,22900,4.66
V009,L001,D0046,B003,CH003,49,23400,4.58
V009,L002,D0046,B003,CH003,69,30000,4.76
V009,L003,D0046,B003,CH003,49,25100,4.22
V009,L004,D0046,B003,CH003,69,33000,4.69
V009,L005,D0046,B003,CH003,67,31700,4.81
V009,L006,D0046,B003,CH003,72,30700,5.24
V009,L007,D0046,B003,CH003,86,31900,5.65
V009,L008,D0046,B003,CH003,75,31100,5.18
V009,L009,D0046,B003,CH003,68,32400,4.76
V009,L010,D0046,B003,CH003,60,29800,4.44
V010,L001,D0046,B007,CH004,37,42800,3.46
V010,L002,D0046,B007,CH004,60,65800,4.14
V010,L003,D0046,B007,CH004,39,52100,3.36
V010,L004,D0046,B007,CH004,63,62700,4.28
V010,L005,D0046,B007,CH004,46,62100,3.3
V010,L006,D0046,B007,CH004,44,62300,3.2
V010,L007,D0046,B007,CH004,68,71800,4.46
V010,L008,D0046,B007,CH004,55,64200,3.8
V010,L009,D0046,B007,CH004,55,61000,3.85
V010,L010,D0046,B007,CH004,43,63800,3.18
V011,L001,D0046,B005,CH003,36,41500,3.37
V011,L002,D0046,B005,CH003,43,57900,2.97
V011,L003,D0046,B005,CH003,27,46800,2.33
V011,L004,D0046,B005,CH003,33,61600,2.24
V011,L005,D0046,B005,CH003,36,59700,2.58
V011,L006,D0046,B005,CH003,39,56700,2.84
V011,L007,D0046,B005,CH003,43,61600,2.82
V011,L008,D0046,B005,CH003,39,59300,2.69
V011,L009,D0046,B005,CH003,49,59800,3.43
V011,L010,D0046,B005,CH003,46,53000,3.4
V012,L001,D0046,B006,CH003,54,33000,5.05
V012,L002,D0046,B006,CH003,62,49000,4.28
V012,L003,D0046,B006,CH003,58,36300,5.0
V012,L004,D0046,B006,CH003,84,49500,5.71
V012,L005,D0046,B006,CH003,72,46300,5.17
V012,L006,D0046,B006,CH003,70,44700,5.09
V012,L007,D0046,B006,CH003,85,48800,5.58
V012,L008,D0046,B006,CH003,72,48800,4.97
V012,L009,D0046,B006,CH003,88,46900,6.16
V012,L010,D0046,B006,CH003,68,44000,5.03
V013,L001,D0046,B001,CH002,44,23800,4.12
V013,L002,D0046,B001,CH002,77,32100,5.31
V013,L003,D0046,B001,CH002,53,26100,4.57
V013,L004,D0046,B001,CH002,67,35000,4.55
V013,L005,D0046,B001,CH002,60,32500,4.31
V013,L006,D0046,B001,CH002,60,33600,4.37
V013,L007,D0046,B001,CH002,66,35700,4.33
V013,L008,D0046,B001,CH002,68,36400,4.7
V013,L009,D0046,B001,CH002,78,34900,5.46
V013,L010,D0046,B001,CH002,62,34200,4.59
V014,L001,D0046,B004,CH003,35,29100,3.27
V014,L002,D0046,B004,CH003,58,42600,4.0
V014,L003,D0046,B004,CH003,39,35100,3.36
V014,L004,D0046,B004,CH003,66,44100,4.49
V014,L005,D0046,B004,CH003,81,41500,5.81
V014,L006,D0046,B004,CH003,63,43400,4.59
V014,L007,D0046,B004,CH003,59,47300,3.87
V014,L008,D0046,B004,CH003,68,44100,4.7
V014,L009,D0046,B004,CH003,44,40400,3.08
V014,L010,D0046,B004,CH003,62,40700,4.59
V015,L001,D0046,B002,CH004,46,25800,4.3
V015,L002,D0046,B002,CH004,49,37600,3.38
V015,L003,D0046,B002,CH004,32,30100,2.76
V015,L004,D0046,B002,CH004,45,38200,3.06
V015,L005,D0046,B002,CH004,45,39000,3.23
V015,L006,D0046,B002,CH004,49,38000,3.57
V015,L007,D0046,B002,CH004,53,38200,3.48
V015,L008,D0046,B002,CH004,49,40200,3.38
V015,L009,D0046,B002,CH004,48,39300,3.36
V015,L010,D0046,B002,CH004,64,35700,4.73
V016,L001,D0046,B008,CH004,47,38000,4.4
V016,L002,D0046,B008,CH004,59,51600,4.07
V016,L003,D0046,B008,CH004,47,44600,4.05
V016,L004,D0046,B008,CH004,57,58700,3.87
V016,L005,D0046,B008,CH004,79,57000,5.67
V016,L006,D0046,B008,CH004,55,52600,4.0
V016,L007,D0046,B008,CH004,71,62000,4.66
V016,L008,D0046,B008,CH004,46,58500,3.18
V016,L009,D0046,B008,CH004,53,53100,3.71
V016,L010,D0046,B008,CH004,62,52000,4.59
V017,L001,D0046,B010,CH004,22,70600,2.06
V017,L002,D0046,B010,CH004,25,96800,1.72
V017,L003,D0046,B010,CH004,25,80700,2.15
V017,L004,D0046,B010,CH004,25,108000,1.7
V017,L005,D0046,B010,CH004,24,104200,1.72
V017,L006,D0046,B010,CH004,24,102500,1.75
V017,L007,D0046,B010,CH004,31,108400,2.04
V017,L008,D0046,B010,CH004,29,100300,2.0
V017,L009,D0046,B010,CH004,21,97600,1.47
V017,L010,D0046,B010,CH004,21,97100,1.55
V018,L001,D0046,B004,CH002,37,25100,3.46
V018,L002,D0046,B004,CH002,62,35500,4.28
V018,L003,D0046,B004,CH002,50,28400,4.31
V018,L004,D0046,B004,CH002,66,35300,4.49
V018,L005,D0046,B004,CH002,57,35000,4.09
V018,L006,D0046,B004,CH002,62,33100,4.51
V018,L007,D0046,B004,CH002,60,37300,3.94
V018,L008,D0046,B004,CH002,70,34600,4.83
V018,L009,D0046,B004,CH002,60,33200,4.2
V018,L010,D0046,B004,CH002,52,31800,3.85
V019,L001,D0046,B005,CH002,31,29900,2.9
V019,L002,D0046,B005,CH002,36,41300,2.48
V019,L003,D0046,B005,CH002,37,34300,3.19
V019,L004,D0046,B005,CH002,35,45600,2.38
V019,L005,D0046,B005,CH002,36,46900,2.58
V019,L006,D0046,B005,CH002,36,45000,2.62
V019,L007,D0046,B005,CH002,40,46200,2.63
V019,L008,D0046,B005,CH002,40,46100,2.76
V019,L009,D0046,B005,CH002,26,45100,1.82
V019,L010,D0046,B005,CH002,35,41900,2.59
V020,L001,D0046,B003,CH002,56,29000,5.24
V020,L002,D0046,B003,CH002,66,42000,4.55
V020,L003,D0046,B003,CH002,85,31600,7.32
V020,L004,D0046,B003,CH002,101,38600,6.87
V020,L005,D0046,B003,CH002,87,39400,6.25
V020,L006,D0046,B003,CH002,80,40500,5.82
V020,L007,D0046,B003,CH002,92,42500,6.04
V020,L008,D0046,B003,CH002,93,43500,6.42
V020,L009,D0046,B003,CH002,77,41100,5.39
V020,L010,D0046,B003,CH002,86,39500,6.36
V001,L001,D0047,B004,CH004,72,30900,6.64
V001,L002,D0047,B004,CH004,115,44100,7.61
V001,L003,D0047,B004,CH004,86,37000,7.14
V001,L004,D0047,B004,CH004,109,44400,7.28
V001,L005,D0047,B004,CH004,112,45300,7.6
V001,L006,D0047,B004,CH004,110,43700,7.7
V001,L007,D0047,B004,CH004,132,46100,8.07
V001,L008,D0047,B004,CH004,119,47700,7.9
V001,L009,D0047,B004,CH004,107,42500,7.3
V001,L010,D0047,B004,CH004,101,42500,7.27
V002,L001,D0047,B006,CH004,94,34200,8.66
V002,L002,D0047,B006,CH004,110,51500,7.28
V002,L003,D0047,B006,CH004,90,41800,7.47
V002,L004,D0047,B006,CH004,89,49900,5.95
V002,L005,D0047,B006,CH004,105,52000,7.13
V002,L006,D0047,B006,CH004,121,52100,8.47
V002,L007,D0047,B006,CH004,125,51300,7.65
V002,L008,D0047,B006,CH004,115,54300,7.64
V002,L009,D0047,B006,CH004,116,52500,7.92
V002,L010,D0047,B006,CH004,125,47700,8.99
V003,L001,D0047,B003,CH003,72,23100,6.64
V003,L002,D0047,B003,CH003,116,31400,7.67
V003,L003,D0047,B003,CH003,90,26400,7.47
V003,L004,D0047,B003,CH003,103,33600,6.88
V003,L005,D0047,B003,CH003,98,31100,6.65
V003,L006,D0047,B003,CH003,102,30800,7.14
V003,L007,D0047,B003,CH003,96,34800,5.87
V003,L008,D0047,B003,CH003,106,31400,7.04
V003,L009,D0047,B003,CH003,110,30500,7.51
V003,L010,D0047,B003,CH003,92,29900,6.62
V004,L001,D0047,B006,CH004,65,33200,5.99
V004,L002,D0047,B006,CH004,91,41400,6.02
V004,L003,D0047,B006,CH004,76,35500,6.31
V004,L004,D0047,B006,CH004,114,47100,7.62
V004,L005,D0047,B006,CH004,115,43300,7.81
V004,L006,D0047,B006,CH004,95,43700,6.65
V004,L007,D0047,B006,CH004,110,47500,6.73
V004,L008,D0047,B006,CH004,105,45100,6.97
V004,L009,D0047,B006,CH004,85,42600,5.8
V004,L010,D0047,B006,CH004,99,43200,7.12
V005,L001,D0047,B007,CH004,75,35500,6.91
V005,L002,D0047,B007,CH004,89,47400,5.89
V005,L003,D0047,B007,CH004,76,41800,6.31
V005,L004,D0047,B007,CH004,73,54200,4.88
V005,L005,D0047,B007,CH004,87,48500,5.91
V005,L006,D0047,B007,CH004,81,51600,5.67
V005,L007,D0047,B007,CH004,99,54200,6.06
V005,L008,D0047,B007,CH004,89,51200,5.91
V005,L009,D0047,B007,CH004,86,52100,5.87
V005,L010,D0047,B007,CH004,75,47900,5.4
V006,L001,D0047,B003,CH003,50,25800,4.61
V006,L002,D0047,B003,CH003,92,35500,6.08
V006,L003,D0047,B003,CH003,58,29200,4.81
V006,L004,D0047,B003,CH003,92,36400,6.15
V006,L005,D0047,B003,CH003,72,38400,4.89
V006,L006,D0047,B003,CH003,85,35100,5.95
V006,L007,D0047,B003,CH003,98,41300,5.99
V006,L008,D0047,B003,CH003,76,37200,5.05
V006,L009,D0047,B003,CH003,81,35400,5.53
V006,L010,D0047,B003,CH003,86,35400,6.19
V007,L001,D0047,B007,CH004,74,35700,6.82
V007,L002,D0047,B007,CH004,90,49300,5.95
V007,L003,D0047,B007,CH004,65,40800,5.39
V007,L004,D0047,B007,CH004,82,50600,5.48
V007,L005,D0047,B007,CH004,81,51000,5.5
V007,L006,D0047,B007,CH004,88,46600,6.16
V007,L007,D0047,B007,CH004,101,51400,6.18
V007,L008,D0047,B007,CH004,85,47200,5.64
V007,L009,D0047,B007,CH004,84,50000,5.73
V007,L010,D0047,B007,CH004,62,44400,4.46
V008,L001,D0047,B002,CH003,65,15800,5.99
V008,L002,D0047,B002,CH003,84,23100,5.56
V008,L003,D0047,B002,CH003,58,19300,4.81
V008,L004,D0047,B002,CH003,83,24200,5.54
V008,L005,D0047,B002,CH003,82,24500,5.57
V008,L006,D0047,B002,CH003,85,23600,5.95
V008,L007,D0047,B002,CH003,103,24900,6.3
V008,L008,D0047,B002,CH003,95,24200,6.31
V008,L009,D0047,B002,CH003,69,23000,4.71
V008,L010,D0047,B002,CH003,69,21300,4.96
V009,L001,D0047,B003,CH003,55,21600,5.07
V009,L002,D0047,B003,CH003,65,32100,4.3
V009,L003,D0047,B003,CH003,46,24400,3.82
V009,L004,D0047,B003,CH003,72,31900,4.81
V009,L005,D0047,B003,CH003,66,32400,4.48
V009,L006,D0047,B003,CH003,66,31600,4.62
V009,L007,D0047,B003,CH003,84,33000,5.14
V009,L008,D0047,B003,CH003,86,32200,5.71
V009,L009,D0047,B003,CH003,70,30700,4.78
V009,L010,D0047,B003,CH003,72,29000,5.18
V010,L001,D0047,B007,CH004,50,47000,4.61
V010,L002,D0047,B007,CH004,69,65900,4.56
V010,L003,D0047,B007,CH004,49,51800,4.07
V010,L004,D0047,B007,CH004,53,62800,3.54
V010,L005,D0047,B007,CH004,57,66400,3.87
V010,L006,D0047,B007,CH004,56,60300,3.92
V010,L007,D0047,B007,CH004,65,64100,3.98
V010,L008,D0047,B007,CH004,61,63200,4.05
V010,L009,D0047,B007,CH004,57,63500,3.89
V010,L010,D0047,B007,CH004,48,62300,3.45
V011,L001,D0047,B005,CH003,40,41200,3.69
V011,L002,D0047,B005,CH003,45,60800,2.98
V011,L003,D0047,B005,CH003,43,48000,3.57
V011,L004,D0047,B005,CH003,53,57100,3.54
V011,L005,D0047,B005,CH003,54,56900,3.67
V011,L006,D0047,B005,CH003,50,59300,3.5
V011,L007,D0047,B005,CH003,39,63300,2.39
V011,L008,D0047,B005,CH003,53,60400,3.52
V011,L009,D0047,B005,CH003,45,56400,3.07
V011,L010,D0047,B005,CH003,42,56000,3.02
V012,L001,D0047,B006,CH003,45,34200,4.15
V012,L002,D0047,B006,CH003,73,44800,4.83
V012,L003,D0047,B006,CH003,59,38300,4.9
V012,L004,D0047,B006,CH003,79,50600,5.28
V012,L005,D0047,B006,CH003,67,47500,4.55
V012,L006,D0047,B006,CH003,64,44300,4.48
V012,L007,D0047,B006,CH003,82,48600,5.02
V012,L008,D0047,B006,CH003,67,50100,4.45
V012,L009,D0047,B006,CH003,70,46600,4.78
V012,L010,D0047,B006,CH003,86,45800,6.19
V013,L001,D0047,B001,CH002,51,24900,4.7
V013,L002,D0047,B001,CH002,75,34600,4.96
V013,L003,D0047,B001,CH002,58,29000,4.81
V013,L004,D0047,B001,CH002,72,36200,4.81
V013,L005,D0047,B001,CH002,77,35000,5.23
V013,L006,D0047,B001,CH002,61,33400,4.27
V013,L007,D0047,B001,CH002,77,36000,4.71
V013,L008,D0047,B001,CH002,72,34500,4.78
V013,L009,D0047,B001,CH002,73,33500,4.98
V013,L010,D0047,B001,CH002,67,33800,4.82
V014,L001,D0047,B004,CH003,39,31100,3.59
V014,L002,D0047,B004,CH003,55,42100,3.64
V014,L003,D0047,B004,CH003,50,35400,4.15
V014,L004,D0047,B004,CH003,70,44800,4.68
V014,L005,D0047,B004,CH003,64,43600,4.34
V014,L006,D0047,B004,CH003,55,41300,3.85
V014,L007,D0047,B004,CH003,65,44200,3.98
V014,L008,D0047,B004,CH003,59,43700,3.92
V014,L009,D0047,B004,CH003,58,44100,3.96
V014,L010,D0047,B004,CH003,56,40500,4.03
V015,L001,D0047,B002,CH004,36,26300,3.32
V015,L002,D0047,B002,CH004,51,35600,3.37
V015,L003,D0047,B002,CH004,48,30400,3.98
V015,L004,D0047,B002,CH004,55,38400,3.67
V015,L005,D0047,B002,CH004,60,36900,4.07
V015,L006,D0047,B002,CH004,49,38000,3.43
V015,L007,D0047,B002,CH004,62,41100,3.79
V015,L008,D0047,B002,CH004,35,38800,2.32
V015,L009,D0047,B002,CH004,47,36200,3.21
V015,L010,D0047,B002,CH004,50,39000,3.6
V016,L001,D0047,B008,CH004,43,37600,3.96
V016,L002,D0047,B008,CH004,77,56800,5.09
V016,L003,D0047,B008,CH004,56,46500,4.65
V016,L004,D0047,B008,CH004,77,56200,5.14
V016,L005,D0047,B008,CH004,57,58600,3.87
V016,L006,D0047,B008,CH004,59,54100,4.13
V016,L007,D0047,B008,CH004,83,62000,5.08
V016,L008,D0047,B008,CH004,71,53400,4.71
V016,L009,D0047,B008,CH004,80,56800,5.46
V016,L010,D0047,B008,CH004,54,50800,3.88
V017,L001,D0047,B010,CH004,17,71000,1.57
V017,L002,D0047,B010,CH004,19,105200,1.26
V017,L003,D0047,B010,CH004,25,77700,2.07
V017,L004,D0047,B010,CH004,27,107300,1.8
V017,L005,D0047,B010,CH004,26,95900,1.77
V017,L006,D0047,B010,CH004,21,95200,1.47
V017,L007,D0047,B010,CH004,33,111100,2.02
V017,L008,D0047,B010,CH004,38,107200,2.52
V017,L009,D0047,B010,CH004,25,101900,1.71
V017,L010,D0047,B010,CH004,22,93100,1.58
V018,L001,D0047,B004,CH002,48,26000,4.42
V018,L002,D0047,B004,CH002,76,35300,5.03
V018,L003,D0047,B004,CH002,59,27600,4.9
V018,L004,D0047,B004,CH002,66,37000,4.41
V018,L005,D0047,B004,CH002,64,35000,4.34
V018,L006,D0047,B004,CH002,59,33600,4.13
V018,L007,D0047,B004,CH002,56,36300,3.43
V018,L008,D0047,B004,CH002,60,35100,3.98
V018,L009,D0047,B004,CH002,64,36600,4.37
V018,L010,D0047,B004,CH002,56,31900,4.03
V019,L001,D0047,B005,CH002,22,32200,2.03
V019,L002,D0047,B005,CH002,32,43700,2.12
V019,L003,D0047,B005,CH002,34,36500,2.82
V019,L004,D0047,B005,CH002,42,47400,2.81
V019,L005,D0047,B005,CH002,38,42800,2.58
V019,L006,D0047,B005,CH002,28,45100,1.96
V019,L007,D0047,B005,CH002,49,49900,3.0
V019,L008,D0047,B005,CH002,34,46900,2.26
V019,L009,D0047,B005,CH002,42,43600,2.87
V019,L010,D0047,B005,CH002,36,40900,2.59
V020,L001,D0047,B003,CH002,72,29800,6.64
V020,L002,D0047,B003,CH002,88,40800,5.82
V020,L003,D0047,B003,CH002,79,32200,6.56
V020,L004,D0047,B003,CH002,86,40300,5.74
V020,L005,D0047,B003,CH002,91,41200,6.18
V020,L006,D0047,B003,CH002,93,40900,6.51
V020,L007,D0047,B003,CH002,76,41900,4.65
V020,L008,D0047,B003,CH002,80,41500,5.31
V020,L009,D0047,B003,CH002,96,38100,6.55
V020,L010,D0047,B003,CH002,92,37000,6.62
V001,L001,D0048,B004,CH004,84,32300,7.71
V001,L002,D0048,B004,CH004,101,46000,6.41
V001,L003,D0048,B004,CH004,104,38100,8.11
V001,L004,D0048,B004,CH004,140,42900,8.5
V001,L005,D0048,B004,CH004,112,46500,6.64
V001,L006,D0048,B004,CH004,103,41200,7.09
V001,L007,D0048,B004,CH004,113,47500,6.53
V001,L008,D0048,B004,CH004,129,45600,7.65
V001,L009,D0048,B004,CH004,122,46000,7.75
V001,L010,D0048,B004,CH004,115,45200,7.26
V002,L001,D0048,B006,CH004,76,34100,6.97
V002,L002,D0048,B006,CH004,122,51400,7.74
V002,L003,D0048,B006,CH004,99,39300,7.72
V002,L004,D0048,B006,CH004,134,51700,8.14
V002,L005,D0048,B006,CH004,119,48300,7.05
V002,L006,D0048,B006,CH004,94,49100,6.47
V002,L007,D0048,B006,CH004,127,55000,7.34
V002,L008,D0048,B006,CH004,120,52500,7.11
V002,L009,D0048,B006,CH004,110,53000,6.98
V002,L010,D0048,B006,CH004,134,50500,8.46
V003,L001,D0048,B003,CH003,75,22800,6.88
V003,L002,D0048,B003,CH003,108,31300,6.85
V003,L003,D0048,B003,CH003,100,25600,7.8
V003,L004,D0048,B003,CH003,121,31100,7.35
V003,L005,D0048,B003,CH003,122,32300,7.23
V003,L006,D0048,B003,CH003,112,30500,7.71
V003,L007,D0048,B003,CH003,110,35400,6.36
V003,L008,D0048,B003,CH003,105,33200,6.22
V003,L009,D0048,B003,CH003,113,30600,7.17
V003,L010,D0048,B003,CH003,118,29300,7.45
V004,L001,D0048,B006,CH004,84,31500,7.71
V004,L002,D0048,B006,CH004,109,42400,6.92
V004,L003,D0048,B006,CH004,95,35000,7.41
V004,L004,D0048,B006,CH004,108,47100,6.56
V004,L005,D0048,B006,CH004,115,42400,6.82
V004,L006,D0048,B006,CH004,106,43600,7.3
V004,L007,D0048,B006,CH004,128,45600,7.4
V004,L008,D0048,B006,CH004,124,44900,7.35
V004,L009,D0048,B006,CH004,93,42800,5.9
V004,L010,D0048,B006,CH004,109,42400,6.88
V005,L001,D0048,B007,CH004,63,35100,5.78
V005,L002,D0048,B007,CH004,91,52200,5.77
V005,L003,D0048,B007,CH004,78,42300,6.08
V005,L004,D0048,B007,CH004,103,48800,6.25
V005,L005,D0048,B007,CH004,106,53200,6.28
V005,L006,D0048,B007,CH004,75,49900,5.16
V005,L007,D0048,B007,CH004,102,53700,5.9
V005,L008,D0048,B007,CH004,99,54700,5.87
V005,L009,D0048,B007,CH004,100,48000,6.35
V005,L010,D0048,B007,CH004,91,51000,5.74
V006,L001,D0048,B003,CH003,58,26000,5.32
V006,L002,D0048,B003,CH003,97,35500,6.15
V006,L003,D0048,B003,CH003,59,30600,4.6
V006,L004,D0048,B003,CH003,92,39100,5.59
V006,L005,D0048,B003,CH003,98,39500,5.81
V006,L006,D0048,B003,CH003,76,35100,5.23
V006,L007,D0048,B003,CH003,108,39800,6.24
V006,L008,D0048,B003,CH003,106,39600,6.28
V006,L009,D0048,B003,CH003,109,38100,6.92
V006,L010,D0048,B003,CH003,89,37700,5.62
V007,L001,D0048,B007,CH004,73,33100,6.7
V007,L002,D0048,B007,CH004,78,50400,4.95
V007,L003,D0048,B007,CH004,70,38500,5.46
V007,L004,D0048,B007,CH004,97,47100,5.89
V007,L005,D0048,B007,CH004,93,48800,5.51
V007,L006,D0048,B007,CH004,92,45700,6.33
V007,L007,D0048,B007,CH004,108,54300,6.24
V007,L008,D0048,B007,CH004,92,50800,5.45
V007,L009,D0048,B007,CH004,110,49300,6.98
V007,L010,D0048,B007,CH004,90,44900,5.68
V008,L001,D0048,B002,CH003,60,16200,5.5
V008,L002,D0048,B002,CH003,96,23200,6.09
V008,L003,D0048,B002,CH003,58,19900,4.52
V008,L004,D0048,B002,CH003,82,24600,4.98
V008,L005,D0048,B002,CH003,80,23800,4.74
V008,L006,D0048,B002,CH003,71,21300,4.89
V008,L007,D0048,B002,CH003,85,26300,4.91
V008,L008,D0048,B002,CH003,83,24300,4.92
V008,L009,D0048,B002,CH003,87,23200,5.52
V008,L010,D0048,B002,CH003,86,22700,5.43
V009,L001,D0048,B003,CH003,54,23400,4.95
V009,L002,D0048,B003,CH003,77,33000,4.89
V009,L003,D0048,B003,CH003,48,24800,3.74
V009,L004,D0048,B003,CH003,73,30800,4.43
V009,L005,D0048,B003,CH003,71,33700,4.21
V009,L006,D0048,B003,CH003,91,30400,6.26
V009,L007,D0048,B003,CH003,87,33600,5.03
V009,L008,D0048,B003,CH003,71,32300,4.21
V009,L009,D0048,B003,CH003,78,30300,4.95
V009,L010,D0048,B003,CH003,79,32300,4.99
V010,L001,D0048,B007,CH004,44,42600,4.04
V010,L002,D0048,B007,CH004,47,66200,2.98
V010,L003,D0048,B007,CH004,50,52200,3.9
V010,L004,D0048,B007,CH004,38,66600,2.31
V010,L005,D0048,B007,CH004,61,67100,3.62
V010,L006,D0048,B007,CH004,55,63800,3.79
V010,L007,D0048,B007,CH004,55,66900,3.18
V010,L008,D0048,B007,CH004,64,61400,3.79
V010,L009,D0048,B007,CH004,46,59500,2.92
V010,L010,D0048,B007,CH004,56,60700,3.54
V011,L001,D0048,B005,CH003,40,41900,3.67
V011,L002,D0048,B005,CH003,55,55100,3.49
V011,L003,D0048,B005,CH003,54,44800,4.21
V011,L004,D0048,B005,CH003,48,62100,2.91
V011,L005,D0048,B005,CH003,51,58500,3.02
V011,L006,D0048,B005,CH003,53,55600,3.65
V011,L007,D0048,B005,CH003,68,59400,3.93
V011,L008,D0048,B005,CH003,55,59600,3.26
V011,L009,D0048,B005,CH003,55,54600,3.49
V011,L010,D0048,B005,CH003,47,57400,2.97
V012,L001,D0048,B006,CH003,64,33200,5.87
V012,L002,D0048,B006,CH003,83,47800,5.27
V012,L003,D0048,B006,CH003,55,38700,4.29
V012,L004,D0048,B006,CH003,98,48700,5.95
V012,L005,D0048,B006,CH003,91,50400,5.39
V012,L006,D0048,B006,CH003,79,44300,5.44
V012,L007,D0048,B006,CH003,97,51100,5.61
V012,L008,D0048,B006,CH003,88,47500,5.22
V012,L009,D0048,B006,CH003,73,49800,4.63
V012,L010,D0048,B006,CH003,100,44200,6.31
V013,L001,D0048,B001,CH002,41,22700,3.76
V013,L002,D0048,B001,CH002,81,31800,5.14
V013,L003,D0048,B001,CH002,60,26400,4.68
V013,L004,D0048,B001,CH002,93,34600,5.65
V013,L005,D0048,B001,CH002,75,34100,4.45
V013,L006,D0048,B001,CH002,75,31100,5.16
V013,L007,D0048,B001,CH002,81,37900,4.68
V013,L008,D0048,B001,CH002,70,33900,4.15
V013,L009,D0048,B001,CH002,74,31500,4.7
V013,L010,D0048,B001,CH002,72,33600,4.55
V014,L001,D0048,B004,CH003,50,31800,4.59
V014,L002,D0048,B004,CH003,65,39600,4.12
V014,L003,D0048,B004,CH003,60,32300,4.68
V014,L004,D0048,B004,CH003,77,42800,4.68
V014,L005,D0048,B004,CH003,84,44900,4.98
V014,L006,D0048,B004,CH003,51,42500,3.51
V014,L007,D0048,B004,CH003,69,43000,3.99
V014,L008,D0048,B004,CH003,80,42400,4.74
V014,L009,D0048,B004,CH003,78,42200,4.95
V014,L010,D0048,B004,CH003,53,39100,3.35
V015,L001,D0048,B002,CH004,43,28200,3.94
V015,L002,D0048,B002,CH004,53,36300,3.36
V015,L003,D0048,B002,CH004,37,32400,2.89
V015,L004,D0048,B002,CH004,48,37100,2.91
V015,L005,D0048,B002,CH004,67,40400,3.97
V015,L006,D0048,B002,CH004,56,38300,3.85
V015,L007,D0048,B002,CH004,57,39800,3.29
V015,L008,D0048,B002,CH004,62,37000,3.68
V015,L009,D0048,B002,CH004,52,37900,3.3
V015,L010,D0048,B002,CH004,55,37200,3.47
V016,L001,D0048,B008,CH004,46,39800,4.22
V016,L002,D0048,B008,CH004,67,57200,4.25
V016,L003,D0048,B008,CH004,64,43700,4.99
V016,L004,D0048,B008,CH004,60,55200,3.64
V016,L005,D0048,B008,CH004,75,55400,4.45
V016,L006,D0048,B008,CH004,69,50600,4.75
V016,L007,D0048,B008,CH004,76,60600,4.39
V016,L008,D0048,B008,CH004,96,55400,5.69
V016,L009,D0048,B008,CH004,63,56200,4.0
V016,L010,D0048,B008,CH004,57,53500,3.6
V017,L001,D0048,B010,CH004,17,69400,1.56
V017,L002,D0048,B010,CH004,32,101500,2.03
V017,L003,D0048,B010,CH004,22,81000,1.72
V017,L004,D0048,B010,CH004,24,100100,1.46
V017,L005,D0048,B010,CH004,37,98800,2.19
V017,L006,D0048,B010,CH004,27,103100,1.86
V017,L007,D0048,B010,CH004,36,104000,2.08
V017,L008,D0048,B010,CH004,40,102900,2.37
V017,L009,D0048,B010,CH004,31,104200,1.97
V017,L010,D0048,B010,CH004,43,99400,2.71
V018,L001,D0048,B004,CH002,40,24800,3.67
V018,L002,D0048,B004,CH002,83,32800,5.27
V018,L003,D0048,B004,CH002,62,27900,4.84
V018,L004,D0048,B004,CH002,65,34900,3.95
V018,L005,D0048,B004,CH002,74,34600,4.39
V018,L006,D0048,B004,CH002,58,33700,3.99
V018,L007,D0048,B004,CH002,85,39300,4.91
V018,L008,D0048,B004,CH002,69,33900,4.09
V018,L009,D0048,B004,CH002,61,33300,3.87
V018,L010,D0048,B004,CH002,66,32300,4.17
V019,L001,D0048,B005,CH002,23,33300,2.11
V019,L002,D0048,B005,CH002,49,46300,3.11
V019,L003,D0048,B005,CH002,23,36400,1.79
V019,L004,D0048,B005,CH002,55,46000,3.34
V019,L005,D0048,B005,CH002,47,47300,2.79
V019,L006,D0048,B005,CH002,41,45200,2.82
V019,L007,D0048,B005,CH002,49,49800,2.83
V019,L008,D0048,B005,CH002,47,43200,2.79
V019,L009,D0048,B005,CH002,30,46300,1.9
V019,L010,D0048,B005,CH002,37,41700,2.34
V020,L001,D0048,B003,CH002,55,29500,5.05
V020,L002,D0048,B003,CH002,82,40300,5.2
V020,L003,D0048,B003,CH002,84,30900,6.55
V020,L004,D0048,B003,CH002,91,40000,5.53
V020,L005,D0048,B003,CH002,109,41100,6.46
V020,L006,D0048,B003,CH002,69,36800,4.75
V020,L007,D0048,B003,CH002,89,43900,5.14
V020,L008,D0048,B003,CH002,87,39900,5.16
V020,L009,D0048,B003,CH002,90,41500,5.71
V020,L010,D0048,B003,CH002,87,37500,5.49
V001,L001,D0049,B004,CH004,64,31600,6.29
V001,L002,D0049,B004,CH004,111,46400,7.15
V001,L003,D0049,B004,CH004,104,38100,8.6
V001,L004,D0049,B004,CH004,104,46000,6.64
V001,L005,D0049,B004,CH004,121,47400,7.44
V001,L006,D0049,B004,CH004,128,42100,8.36
V001,L007,D0049,B004,CH004,135,48700,8.39
V001,L008,D0049,B004,CH004,121,46400,7.61
V001,L009,D0049,B004,CH004,97,45100,6.6
V001,L010,D0049,B004,CH004,89,44700,6.1
V002,L001,D0049,B006,CH004,74,38800,7.28
V002,L002,D0049,B006,CH004,105,49400,6.76
V002,L003,D0049,B006,CH004,80,40600,6.62
V002,L004,D0049,B006,CH004,118,53600,7.53
V002,L005,D0049,B006,CH004,131,54000,8.06
V002,L006,D0049,B006,CH004,121,51500,7.9
V002,L007,D0049,B006,CH004,125,52500,7.76
V002,L008,D0049,B006,CH004,115,53200,7.24
V002,L009,D0049,B006,CH004,116,49200,7.9
V002,L010,D0049,B006,CH004,103,51300,7.06
V003,L001,D0049,B003,CH003,56,22900,5.51
V003,L002,D0049,B003,CH003,112,29900,7.21
V003,L003,D0049,B003,CH003,93,25700,7.69
V003,L004,D0049,B003,CH003,105,33800,6.7
V003,L005,D0049,B003,CH003,104,31600,6.4
V003,L006,D0049,B003,CH003,90,32600,5.88
V003,L007,D0049,B003,CH003,129,35400,8.01
V003,L008,D0049,B003,CH003,115,31900,7.24
V003,L009,D0049,B003,CH003,92,32400,6.26
V003,L010,D0049,B003,CH003,105,31300,7.2
V004,L001,D0049,B006,CH004,84,32900,8.26
V004,L002,D0049,B006,CH004,102,46900,6.57
V004,L003,D0049,B006,CH004,86,36700,7.11
V004,L004,D0049,B006,CH004,115,44000,7.34
V004,L005,D0049,B006,CH004,117,47000,7.2
V004,L006,D0049,B006,CH004,109,42600,7.12
V004,L007,D0049,B006,CH004,92,50400,5.71
V004,L008,D0049,B006,CH004,107,46500,6.73
V004,L009,D0049,B006,CH004,89,43600,6.06
V004,L010,D0049,B006,CH004,103,43800,7.06
V005,L001,D0049,B007,CH004,58,37900,5.7
V005,L002,D0049,B007,CH004,112,53900,7.21
V005,L003,D0049,B007,CH004,73,43400,6.04
V005,L004,D0049,B007,CH004,86,53000,5.49
V005,L005,D0049,B007,CH004,103,53400,6.33
V005,L006,D0049,B007,CH004,89,48600,5.81
V005,L007,D0049,B007,CH004,88,57300,5.47
V005,L008,D0049,B007,CH004,103,54000,6.48
V005,L009,D0049,B007,CH004,78,53600,5.31
V005,L010,D0049,B007,CH004,107,50900,7.33
V006,L001,D0049,B003,CH003,70,28300,6.88
V006,L002,D0049,B003,CH003,91,34900,5.86
V006,L003,D0049,B003,CH003,61,31200,5.05
V006,L004,D0049,B003,CH003,106,37700,6.76
V006,L005,D0049,B003,CH003,90,36800,5.54
V006,L006,D0049,B003,CH003,98,34300,6.4
V006,L007,D0049,B003,CH003,108,40900,6.71
V006,L008,D0049,B003,CH003,85,38800,5.35
V006,L009,D0049,B003,CH003,79,39300,5.38
V006,L010,D0049,B003,CH003,74,36200,5.07
V007,L001,D0049,B007,CH004,65,35800,6.39
V007,L002,D0049,B007,CH004,90,48200,5.8
V007,L003,D0049,B007,CH004,56,42200,4.63
V007,L004,D0049,B007,CH004,88,50500,5.62
V007,L005,D0049,B007,CH004,103,49500,6.33
V007,L006,D0049,B007,CH004,86,45000,5.62
V007,L007,D0049,B007,CH004,103,50200,6.4
V007,L008,D0049,B007,CH004,77,49100,4.85
V007,L009,D0049,B007,CH004,82,48200,5.58
V007,L010,D0049,B007,CH004,95,48500,6.51
V008,L001,D0049,B002,CH003,57,16800,5.6
V008,L002,D0049,B002,CH003,81,22000,5.22
V008,L003,D0049,B002,CH003,72,20000,5.96
V008,L004,D0049,B002,CH003,95,24400,6.06
V008,L005,D0049,B002,CH003,96,24200,5.9
V008,L006,D0049,B002,CH003,95,22500,6.21
V008,L007,D0049,B002,CH003,81,26500,5.03
V008,L008,D0049,B002,CH003,76,23100,4.78
V008,L009,D0049,B002,CH003,82,22800,5.58
V008,L010,D0049,B002,CH003,76,22300,5.21
V009,L001,D0049,B003,CH003,62,23200,6.1
V009,L002,D0049,B003,CH003,96,32000,6.18
V009,L003,D0049,B003,CH003,49,25400,4.05
V009,L004,D0049,B003,CH003,86,34300,5.49
V009,L005,D0049,B003,CH003,89,32700,5.47
V009,L006,D0049,B003,CH003,54,32000,3.53
V009,L007,D0049,B003,CH003,83,34100,5.16
V009,L008,D0049,B003,CH003,75,33700,4.72
V009,L009,D0049,B003,CH003,78,33100,5.31
V009,L010,D0049,B003,CH003,55,31500,3.77
V010,L001,D0049,B007,CH004,36,43100,3.54
V010,L002,D0049,B007,CH004,45,62600,2.9
V010,L003,D0049,B007,CH004,46,52200,3.8
V010,L004,D0049,B007,CH004,59,67800,3.77
V010,L005,D0049,B007,CH004,62,64400,3.81
V010,L006,D0049,B007,CH004,65,65200,4.25
V010,L007,D0049,B007,CH004,69,66200,4.29
V010,L008,D0049,B007,CH004,56,65600,3.52
V010,L009,D0049,B007,CH004,59,61900,4.02
V010,L010,D0049,B007,CH004,57,61500,3.91
V011,L001,D0049,B005,CH003,29,40400,2.85
V011,L002,D0049,B005,CH003,51,56400,3.28
V011,L003,D0049,B005,CH003,35,48700,2.89
V011,L004,D0049,B005,CH003,54,61500,3.45
V011,L005,D0049,B005,CH003,40,62900,2.46
V011,L006,D0049,B005,CH003,52,57000,3.4
V011,L007,D0049,B005,CH003,52,61700,3.23
V011,L008,D0049,B005,CH003,49,63200,3.08
V011,L009,D0049,B005,CH003,51,59800,3.47
V011,L010,D0049,B005,CH003,55,58600,3.77
V012,L001,D0049,B006,CH003,43,34700,4.23
V012,L002,D0049,B006,CH003,77,48300,4.96
V012,L003,D0049,B006,CH003,64,37400,5.29
V012,L004,D0049,B006,CH003,89,46400,5.68
V012,L005,D0049,B006,CH003,78,48500,4.8
V012,L006,D0049,B006,CH003,69,44800,4.51
V012,L007,D0049,B006,CH003,80,48500,4.97
V012,L008,D0049,B006,CH003,77,49200,4.85
V012,L009,D0049,B006,CH003,100,48900,6.81
V012,L010,D0049,B006,CH003,77,49200,5.28
V013,L001,D0049,B001,CH002,42,23900,4.13
V013,L002,D0049,B001,CH002,57,33500,3.67
V013,L003,D0049,B001,CH002,44,26400,3.64
V013,L004,D0049,B001,CH002,73,33500,4.66
V013,L005,D0049,B001,CH002,90,32600,5.54
V013,L006,D0049,B001,CH002,74,32400,4.83
V013,L007,D0049,B001,CH002,54,37900,3.35
V013,L008,D0049,B001,CH002,84,35400,5.29
V013,L009,D0049,B001,CH002,60,35500,4.08
V013,L010,D0049,B001,CH002,73,32200,5.0
V014,L001,D0049,B004,CH003,40,29900,3.93
V014,L002,D0049,B004,CH003,60,40200,3.86
V014,L003,D0049,B004,CH003,62,33900,5.13
V014,L004,D0049,B004,CH003,46,44800,2.94
V014,L005,D0049,B004,CH003,49,41800,3.01
V014,L006,D0049,B004,CH003,64,40700,4.18
V014,L007,D0049,B004,CH003,84,47000,5.22
V014,L008,D0049,B004,CH003,73,43200,4.59
V014,L009,D0049,B004,CH003,67,42800,4.56
V014,L010,D0049,B004,CH003,50,39500,3.43
V015,L001,D0049,B002,CH004,44,29100,4.33
V015,L002,D0049,B002,CH004,57,38200,3.67
V015,L003,D0049,B002,CH004,35,31500,2.89
V015,L004,D0049,B002,CH004,42,38900,2.68
V015,L005,D0049,B002,CH004,47,39000,2.89
V015,L006,D0049,B002,CH004,59,38700,3.85
V015,L007,D0049,B002,CH004,57,41600,3.54
V015,L008,D0049,B002,CH004,62,38800,3.9
V015,L009,D0049,B002,CH004,38,35900,2.59
V015,L010,D0049,B002,CH004,59,38100,4.04
V016,L001,D0049,B008,CH004,40,41900,3.93
V016,L002,D0049,B008,CH004,82,52000,5.28
V016,L003,D0049,B008,CH004,66,47300,5.46
V016,L004,D0049,B008,CH004,53,56500,3.38
V016,L005,D0049,B008,CH004,76,55400,4.67
V016,L006,D0049,B008,CH004,73,51300,4.77
V016,L007,D0049,B008,CH004,70,57100,4.35
V016,L008,D0049,B008,CH004,71,58000,4.47
V016,L009,D0049,B008,CH004,85,52900,5.79
V016,L010,D0049,B008,CH004,61,55500,4.18
V017,L001,D0049,B010,CH004,21,73000,2.06
V017,L002,D0049,B010,CH004,30,94700,1.93
V017,L003,D0049,B010,CH004,22,79200,1.82
V017,L004,D0049,B010,CH004,30,105700,1.91
V017,L005,D0049,B010,CH004,37,104600,2.28
V017,L006,D0049,B010,CH004,25,99300,1.63
V017,L007,D0049,B010,CH004,24,104400,1.49
V017,L008,D0049,B010,CH004,43,108300,2.71
V017,L009,D0049,B010,CH004,22,100600,1.5
V017,L010,D0049,B010,CH004,30,93400,2.06
V018,L001,D0049,B004,CH002,41,25400,4.03
V018,L002,D0049,B004,CH002,74,34500,4.76
V018,L003,D0049,B004,CH002,58,29300,4.8
V018,L004,D0049,B004,CH002,71,36200,4.53
V018,L005,D0049,B004,CH002,63,36400,3.87
V018,L006,D0049,B004,CH002,54,33000,3.53
V018,L007,D0049,B004,CH002,64,35600,3.98
V018,L008,D0049,B004,CH002,58,35000,3.65
V018,L009,D0049,B004,CH002,67,35500,4.56
V018,L010,D0049,B004,CH002,65,33600,4.46
V019,L001,D0049,B005,CH002,27,32900,2.65
V019,L002,D0049,B005,CH002,40,46600,2.58
V019,L003,D0049,B005,CH002,34,36700,2.81
V019,L004,D0049,B005,CH002,46,45000,2.94
V019,L005,D0049,B005,CH002,42,43300,2.58
V019,L006,D0049,B005,CH002,37,45700,2.42
V019,L007,D0049,B005,CH002,41,50400,2.55
V019,L008,D0049,B005,CH002,43,45600,2.71
V019,L009,D0049,B005,CH002,42,46400,2.86
V019,L010,D0049,B005,CH002,40,44600,2.74
V020,L001,D0049,B003,CH002,64,28600,6.29
V020,L002,D0049,B003,CH002,80,41500,5.15
V020,L003,D0049,B003,CH002,69,33200,5.71
V020,L004,D0049,B003,CH002,101,42800,6.45
V020,L005,D0049,B003,CH002,88,40800,5.41
V020,L006,D0049,B003,CH002,89,38100,5.81
V020,L007,D0049,B003,CH002,71,45700,4.41
V020,L008,D0049,B003,CH002,99,41800,6.23
V020,L009,D0049,B003,CH002,85,37900,5.79
V020,L010,D0049,B003,CH002,85,41700,5.83
V001,L001,D0050,B004,CH004,88,30300,8.09
V001,L002,D0050,B004,CH004,109,45500,6.96
V001,L003,D0050,B004,CH004,98,35100,7.5
V001,L004,D0050,B004,CH004,127,46100,7.93
V001,L005,D0050,B004,CH004,123,44300,7.98
V001,L006,D0050,B004,CH004,99,41800,6.54
V001,L007,D0050,B004,CH004,131,50200,7.45
V001,L008,D0050,B004,CH004,137,45100,8.39
V001,L009,D0050,B004,CH004,104,46800,6.98
V001,L010,D0050,B004,CH004,102,44300,6.86
V002,L001,D0050,B006,CH004,80,38200,7.35
V002,L002,D0050,B006,CH004,114,51200,7.28
V002,L003,D0050,B006,CH004,103,41600,7.89
V002,L004,D0050,B006,CH004,129,49300,8.05
V002,L005,D0050,B006,CH004,104,53700,6.75
V002,L006,D0050,B006,CH004,106,49900,7.0
V002,L007,D0050,B006,CH004,124,53200,7.05
V002,L008,D0050,B006,CH004,123,54600,7.53
V002,L009,D0050,B006,CH004,125,53400,8.38
V002,L010,D0050,B006,CH004,109,50900,7.34
V003,L001,D0050,B003,CH003,67,21600,6.16
V003,L002,D0050,B003,CH003,100,30500,6.39
V003,L003,D0050,B003,CH003,101,24500,7.73
V003,L004,D0050,B003,CH003,99,33900,6.18
V003,L005,D0050,B003,CH003,99,30500,6.42
V003,L006,D0050,B003,CH003,100,32600,6.61
V003,L007,D0050,B003,CH003,112,35800,6.37
V003,L008,D0050,B003,CH003,102,33700,6.25
V003,L009,D0050,B003,CH003,100,31000,6.71
V003,L010,D0050,B003,CH003,100,31900,6.73
V004,L001,D0050,B006,CH004,83,30300,7.63
V004,L002,D0050,B006,CH004,93,46800,5.94
V004,L003,D0050,B006,CH004,71,35100,5.44
V004,L004,D0050,B006,CH004,109,48500,6.8
V004,L005,D0050,B006,CH004,110,44400,7.14
V004,L006,D0050,B006,CH004,105,43900,6.94
V004,L007,D0050,B006,CH004,117,47100,6.66
V004,L008,D0050,B006,CH004,116,44700,7.1
V004,L009,D0050,B006,CH004,110,46100,7.38
V004,L010,D0050,B006,CH004,112,44400,7.54
V005,L001,D0050,B007,CH004,77,38800,7.08
V005,L002,D0050,B007,CH004,94,53300,6.01
V005,L003,D0050,B007,CH004,87,39600,6.66
V005,L004,D0050,B007,CH004,89,52000,5.56
V005,L005,D0050,B007,CH004,87,51900,5.65
V005,L006,D0050,B007,CH004,111,47900,7.33
V005,L007,D0050,B007,CH004,112,55600,6.37
V005,L008,D0050,B007,CH004,101,51200,6.18
V005,L009,D0050,B007,CH004,93,52300,6.24
V005,L010,D0050,B007,CH004,86,52100,5.79
V006,L001,D0050,B003,CH003,56,26700,5.15
V006,L002,D0050,B003,CH003,112,36500,7.16
V006,L003,D0050,B003,CH003,79,28700,6.05
V006,L004,D0050,B003,CH003,87,39800,5.43
V006,L005,D0050,B003,CH003,102,38800,6.62
V006,L006,D0050,B003,CH003,80,37100,5.28
V006,L007,D0050,B003,CH003,112,42000,6.37
V006,L008,D0050,B003,CH003,98,40900,6.0
V006,L009,D0050,B003,CH003,71,37000,4.76
V006,L010,D0050,B003,CH003,98,38400,6.59
V007,L001,D0050,B007,CH004,57,34200,5.24
V007,L002,D0050,B007,CH004,83,51400,5.3
V007,L003,D0050,B007,CH004,73,40900,5.59
V007,L004,D0050,B007,CH004,103,52400,6.43
V007,L005,D0050,B007,CH004,86,52000,5.58
V007,L006,D0050,B007,CH004,92,47500,6.08
V007,L007,D0050,B007,CH004,109,53300,6.2
V007,L008,D0050,B007,CH004,101,51500,6.18
V007,L009,D0050,B007,CH004,86,49000,5.77
V007,L010,D0050,B007,CH004,76,46700,5.11
V008,L001,D0050,B002,CH003,60,16200,5.51
V008,L002,D0050,B002,CH003,93,23100,5.94
V008,L003,D0050,B002,CH003,63,18500,4.82
V008,L004,D0050,B002,CH003,77,23500,4.81
V008,L005,D0050,B002,CH003,76,22400,4.93
V008,L006,D0050,B002,CH003,79,21600,5.22
V008,L007,D0050,B002,CH003,84,26400,4.78
V008,L008,D0050,B002,CH003,78,23000,4.78
V008,L009,D0050,B002,CH003,85,23700,5.7
V008,L010,D0050,B002,CH003,94,22900,6.33
V009,L001,D0050,B003,CH003,48,24200,4.41
V009,L002,D0050,B003,CH003,68,31100,4.35
V009,L003,D0050,B003,CH003,71,25400,5.44
V009,L004,D0050,B003,CH003,84,31400,5.24
V009,L005,D0050,B003,CH003,79,34200,5.13
V009,L006,D0050,B003,CH003,71,31600,4.69
V009,L007,D0050,B003,CH003,101,33900,5.75
V009,L008,D0050,B003,CH003,74,33300,4.53
V009,L009,D0050,B003,CH003,61,33000,4.09
V009,L010,D0050,B003,CH003,78,31900,5.25
V010,L001,D0050,B007,CH004,46,44200,4.23
V010,L002,D0050,B007,CH004,53,67000,3.39
V010,L003,D0050,B007,CH004,46,51900,3.52
V010,L004,D0050,B007,CH004,72,63200,4.49
V010,L005,D0050,B007,CH004,63,65600,4.09
V010,L006,D0050,B007,CH004,49,64900,3.24
V010,L007,D0050,B007,CH004,63,66300,3.58
V010,L008,D0050,B007,CH004,45,63700,2.76
V010,L009,D0050,B007,CH004,51,63900,3.42
V010,L010,D0050,B007,CH004,50,60900,3.36
V011,L001,D0050,B005,CH003,30,41900,2.76
V011,L002,D0050,B005,CH003,52,59800,3.32
V011,L003,D0050,B005,CH003,42,45200,3.22
V011,L004,D0050,B005,CH003,38,62000,2.37
V011,L005,D0050,B005,CH003,57,62800,3.7
V011,L006,D0050,B005,CH003,58,58400,3.83
V011,L007,D0050,B005,CH003,58,62400,3.3
V011,L008,D0050,B005,CH003,44,61200,2.69
V011,L009,D0050,B005,CH003,51,57700,3.42
V011,L010,D0050,B005,CH003,52,53900,3.5
V012,L001,D0050,B006,CH003,56,32700,5.15
V012,L002,D0050,B006,CH003,78,50500,4.98
V012,L003,D0050,B006,CH003,63,38200,4.82
V012,L004,D0050,B006,CH003,81,46700,5.06
V012,L005,D0050,B006,CH003,67,49900,4.35
V012,L006,D0050,B006,CH003,76,47900,5.02
V012,L007,D0050,B006,CH003,107,50400,6.09
V012,L008,D0050,B006,CH003,100,51900,6.12
V012,L009,D0050,B006,CH003,76,50400,5.1
V012,L010,D0050,B006,CH003,81,47700,5.45
V013,L001,D0050,B001,CH002,55,24900,5.06
V013,L002,D0050,B001,CH002,63,34800,4.03
V013,L003,D0050,B001,CH002,61,26500,4.67
V013,L004,D0050,B001,CH002,70,36400,4.37
V013,L005,D0050,B001,CH002,66,36000,4.28
V013,L006,D0050,B001,CH002,89,34100,5.88
V013,L007,D0050,B001,CH002,79,38000,4.49
V013,L008,D0050,B001,CH002,65,35500,3.98
V013,L009,D0050,B001,CH002,69,33900,4.63
V013,L010,D0050,B001,CH002,56,33300,3.77
V014,L001,D0050,B004,CH003,46,32000,4.23
V014,L002,D0050,B004,CH003,77,40400,4.92
V014,L003,D0050,B004,CH003,60,34100,4.59
V014,L004,D0050,B004,CH003,70,45500,4.37
V014,L005,D0050,B004,CH003,62,44000,4.02
V014,L006,D0050,B004,CH003,67,39100,4.43
V014,L007,D0050,B004,CH003,69,43800,3.92
V014,L008,D0050,B004,CH003,69,43200,4.23
V014,L009,D0050,B004,CH003,64,40200,4.29
V014,L010,D0050,B004,CH003,60,39100,4.04
V015,L001,D0050,B002,CH004,33,27400,3.03
V015,L002,D0050,B002,CH004,59,36400,3.77
V015,L003,D0050,B002,CH004,46,32000,3.52
V015,L004,D0050,B002,CH004,46,38300,2.87
V015,L005,D0050,B002,CH004,51,41200,3.31
V015,L006,D0050,B002,CH004,39,39100,2.58
V015,L007,D0050,B002,CH004,56,39200,3.19
V015,L008,D0050,B002,CH004,61,40000,3.74
V015,L009,D0050,B002,CH004,42,36300,2.82
V015,L010,D0050,B002,CH004,50,38300,3.36
V016,L001,D0050,B008,CH004,42,41200,3.86
V016,L002,D0050,B008,CH004,77,52600,4.92
V016,L003,D0050,B008,CH004,46,47000,3.52
V016,L004,D0050,B008,CH004,75,59500,4.68
V016,L005,D0050,B008,CH004,91,56300,5.91
V016,L006,D0050,B008,CH004,59,52100,3.9
V016,L007,D0050,B008,CH004,85,62500,4.84
V016,L008,D0050,B008,CH004,96,55900,5.88
V016,L009,D0050,B008,CH004,71,52600,4.76
V016,L010,D0050,B008,CH004,65,54100,4.37
V017,L001,D0050,B010,CH004,25,72400,2.3
V017,L002,D0050,B010,CH004,27,106500,1.73
V017,L003,D0050,B010,CH004,21,83700,1.61
V017,L004,D0050,B010,CH004,30,103700,1.87
V017,L005,D0050,B010,CH004,35,99500,2.27
V017,L006,D0050,B010,CH004,27,98200,1.78
V017,L007,D0050,B010,CH004,35,112900,1.99
V017,L008,D0050,B010,CH004,30,102600,1.84
V017,L009,D0050,B010,CH004,25,105600,1.68
V017,L010,D0050,B010,CH004,21,99700,1.41
V018,L001,D0050,B004,CH002,38,26600,3.49
V018,L002,D0050,B004,CH002,68,37000,4.35
V018,L003,D0050,B004,CH002,54,27300,4.13
V018,L004,D0050,B004,CH002,66,33900,4.12
V018,L005,D0050,B004,CH002,59,37700,3.83
V018,L006,D0050,B004,CH002,72,32600,4.76
V018,L007,D0050,B004,CH002,72,39400,4.1
V018,L008,D0050,B004,CH002,63,37500,3.86
V018,L009,D0050,B004,CH002,79,34500,5.3
V018,L010,D0050,B004,CH002,66,33800,4.44
V019,L001,D0050,B005,CH002,31,32600,2.85
V019,L002,D0050,B005,CH002,56,42200,3.58
V019,L003,D0050,B005,CH002,41,36200,3.14
V019,L004,D0050,B005,CH002,37,47300,2.31
V019,L005,D0050,B005,CH002,37,47700,2.4
V019,L006,D0050,B005,CH002,42,43800,2.77
V019,L007,D0050,B005,CH002,44,48800,2.5
V019,L008,D0050,B005,CH002,43,46800,2.63
V019,L009,D0050,B005,CH002,40,46900,2.68
V019,L010,D0050,B005,CH002,44,44300,2.96
V020,L001,D0050,B003,CH002,70,30500,6.43
V020,L002,D0050,B003,CH002,89,38100,5.69
V020,L003,D0050,B003,CH002,80,32500,6.13
V020,L004,D0050,B003,CH002,113,41100,7.05
V020,L005,D0050,B003,CH002,87,41000,5.65
V020,L006,D0050,B003,CH002,93,41600,6.14
V020,L007,D0050,B003,CH002,88,42900,5.01
V020,L008,D0050,B003,CH002,87,40900,5.33
V020,L009,D0050,B003,CH002,88,38600,5.9
V020,L010,D0050,B003,CH002,86,38700,5.79
V001,L001,D0051,B004,CH004,76,33800,6.38
V001,L002,D0051,B004,CH004,117,45200,7.24
V001,L003,D0051,B004,CH004,95,35300,7.23
V001,L004,D0051,B004,CH004,129,43700,7.72
V001,L005,D0051,B004,CH004,138,47600,8.39
V001,L006,D0051,B004,CH004,131,42500,8.11
V001,L007,D0051,B004,CH004,130,47200,7.18
V001,L008,D0051,B004,CH004,117,44000,6.79
V001,L009,D0051,B004,CH004,131,43300,7.95
V001,L010,D0051,B004,CH004,111,46100,6.99
V002,L001,D0051,B006,CH004,99,38100,8.31
V002,L002,D0051,B006,CH004,129,48200,7.98
V002,L003,D0051,B006,CH004,102,42800,7.76
V002,L004,D0051,B006,CH004,143,54600,8.56
V002,L005,D0051,B006,CH004,129,50200,7.85
V002,L006,D0051,B006,CH004,107,49500,6.62
V002,L007,D0051,B006,CH004,155,54100,8.56
V002,L008,D0051,B006,CH004,118,55200,6.85
V002,L009,D0051,B006,CH004,139,52600,8.44
V002,L010,D0051,B006,CH004,131,47200,8.24
V003,L001,D0051,B003,CH003,83,22400,6.96
V003,L002,D0051,B003,CH003,112,30100,6.93
V003,L003,D0051,B003,CH003,83,26700,6.32
V003,L004,D0051,B003,CH003,103,31700,6.16
V003,L005,D0051,B003,CH003,124,32900,7.54
V003,L006,D0051,B003,CH003,113,32900,6.99
V003,L007,D0051,B003,CH003,128,35700,7.07
V003,L008,D0051,B003,CH003,101,32200,5.87
V003,L009,D0051,B003,CH003,117,33400,7.1
V003,L010,D0051,B003,CH003,100,30500,6.29
V004,L001,D0051,B006,CH004,73,31000,6.12
V004,L002,D0051,B006,CH004,99,46500,6.12
V004,L003,D0051,B006,CH004,87,36100,6.62
V004,L004,D0051,B006,CH004,103,44000,6.16
V004,L005,D0051,B006,CH004,119,43400,7.24
V004,L006,D0051,B006,CH004,114,43600,7.05
V004,L007,D0051,B006,CH004,107,45700,5.91
V004,L008,D0051,B006,CH004,130,47900,7.55
V004,L009,D0051,B006,CH004,110,45700,6.68
V004,L010,D0051,B006,CH004,109,43400,6.86
V005,L001,D0051,B007,CH004,69,34700,5.79
V005,L002,D0051,B007,CH004,92,50300,5.69
V005,L003,D0051,B007,CH004,59,41700,4.49
V005,L004,D0051,B007,CH004,101,55300,6.04
V005,L005,D0051,B007,CH004,84,52200,5.11
V005,L006,D0051,B007,CH004,101,50200,6.25
V005,L007,D0051,B007,CH004,108,51900,5.97
V005,L008,D0051,B007,CH004,115,52400,6.68
V005,L009,D0051,B007,CH004,95,52100,5.77
V005,L010,D0051,B007,CH004,100,50100,6.29
V006,L001,D0051,B003,CH003,81,25400,6.8
V006,L002,D0051,B003,CH003,76,37600,4.7
V006,L003,D0051,B003,CH003,80,31400,6.09
V006,L004,D0051,B003,CH003,102,36400,6.1
V006,L005,D0051,B003,CH003,100,36200,6.08
V006,L006,D0051,B003,CH003,103,38000,6.37
V006,L007,D0051,B003,CH003,116,42300,6.41
V006,L008,D0051,B003,CH003,97,39800,5.63
V006,L009,D0051,B003,CH003,93,35100,5.65
V006,L010,D0051,B003,CH003,84,35500,5.29
V007,L001,D0051,B007,CH004,83,34100,6.96
V007,L002,D0051,B007,CH004,94,48200,5.81
V007,L003,D0051,B007,CH004,95,38800,7.23
V007,L004,D0051,B007,CH004,90,52800,5.39
V007,L005,D0051,B007,CH004,95,49600,5.78
V007,L006,D0051,B007,CH004,104,46400,6.44
V007,L007,D0051,B007,CH004,103,49600,5.69
V007,L008,D0051,B007,CH004,90,51700,5.23
V007,L009,D0051,B007,CH004,89,50700,5.4
V007,L010,D0051,B007,CH004,86,45700,5.41
V008,L001,D0051,B002,CH003,60,16000,5.03
V008,L002,D0051,B002,CH003,104,22700,6.43
V008,L003,D0051,B002,CH003,68,19000,5.18
V008,L004,D0051,B002,CH003,92,23500,5.51
V008,L005,D0051,B002,CH003,76,23100,4.62
V008,L006,D0051,B002,CH003,89,22000,5.51
V008,L007,D0051,B002,CH003,95,26600,5.25
V008,L008,D0051,B002,CH003,105,23600,6.1
V008,L009,D0051,B002,CH003,86,23000,5.22
V008,L010,D0051,B002,CH003,95,22900,5.98
V009,L001,D0051,B003,CH003,62,22300,5.2
V009,L002,D0051,B003,CH003,83,32500,5.13
V009,L003,D0051,B003,CH003,60,26700,4.57
V009,L004,D0051,B003,CH003,82,31400,4.91
V009,L005,D0051,B003,CH003,74,31000,4.5
V009,L006,D0051,B003,CH003,71,30600,4.39
V009,L007,D0051,B003,CH003,82,33500,4.53
V009,L008,D0051,B003,CH003,79,33000,4.59
V009,L009,D0051,B003,CH003,81,30600,4.92
V009,L010,D0051,B003,CH003,77,31100,4.85
V010,L001,D0051,B007,CH004,38,46800,3.19
V010,L002,D0051,B007,CH004,70,64300,4.33
V010,L003,D0051,B007,CH004,50,50500,3.81
V010,L004,D0051,B007,CH004,67,65500,4.01
V010,L005,D0051,B007,CH004,70,65000,4.26
V010,L006,D0051,B007,CH004,58,63500,3.59
V010,L007,D0051,B007,CH004,62,70100,3.43
V010,L008,D0051,B007,CH004,52,67700,3.02
V010,L009,D0051,B007,CH004,51,66000,3.1
V010,L010,D0051,B007,CH004,60,64700,3.78
V011,L001,D0051,B005,CH003,43,40300,3.61
V011,L002,D0051,B005,CH003,53,55100,3.28
V011,L003,D0051,B005,CH003,41,49200,3.12
V011,L004,D0051,B005,CH003,56,58800,3.35
V011,L005,D0051,B005,CH003,50,59900,3.04
V011,L006,D0051,B005,CH003,44,60100,2.72
V011,L007,D0051,B005,CH003,64,63300,3.54
V011,L008,D0051,B005,CH003,56,63900,3.25
V011,L009,D0051,B005,CH003,51,61300,3.1
V011,L010,D0051,B005,CH003,51,54000,3.21
V012,L001,D0051,B006,CH003,74,35500,6.21
V012,L002,D0051,B006,CH003,85,45600,5.26
V012,L003,D0051,B006,CH003,71,39600,5.4
V012,L004,D0051,B006,CH003,93,51600,5.57
V012,L005,D0051,B006,CH003,86,51000,5.23
V012,L006,D0051,B006,CH003,72,46200,4.46
V012,L007,D0051,B006,CH003,93,53100,5.14
V012,L008,D0051,B006,CH003,78,47400,4.53
V012,L009,D0051,B006,CH003,80,50400,4.86
V012,L010,D0051,B006,CH003,75,48000,4.72
V013,L001,D0051,B001,CH002,35,23100,2.94
V013,L002,D0051,B001,CH002,70,32400,4.33
V013,L003,D0051,B001,CH002,56,26300,4.26
V013,L004,D0051,B001,CH002,83,35500,4.97
V013,L005,D0051,B001,CH002,76,35300,4.62
V013,L006,D0051,B001,CH002,79,33200,4.89
V013,L007,D0051,B001,CH002,89,37300,4.92
V013,L008,D0051,B001,CH002,76,34300,4.41
V013,L009,D0051,B001,CH002,73,32400,4.43
V013,L010,D0051,B001,CH002,73,34900,4.59
V014,L001,D0051,B004,CH003,52,30600,4.36
V014,L002,D0051,B004,CH003,68,40600,4.21
V014,L003,D0051,B004,CH003,53,36500,4.03
V014,L004,D0051,B004,CH003,60,45800,3.59
V014,L005,D0051,B004,CH003,81,41400,4.93
V014,L006,D0051,B004,CH003,65,39100,4.02
V014,L007,D0051,B004,CH003,83,48200,4.59
V014,L008,D0051,B004,CH003,83,42800,4.82
V014,L009,D0051,B004,CH003,79,44900,4.8
V014,L010,D0051,B004,CH003,69,40800,4.34
V015,L001,D0051,B002,CH004,40,27600,3.36
V015,L002,D0051,B002,CH004,51,39200,3.15
V015,L003,D0051,B002,CH004,44,30400,3.35
V015,L004,D0051,B002,CH004,47,39400,2.81
V015,L005,D0051,B002,CH004,50,37600,3.04
V015,L006,D0051,B002,CH004,57,38600,3.53
V015,L007,D0051,B002,CH004,66,41200,3.65
V015,L008,D0051,B002,CH004,63,39000,3.66
V015,L009,D0051,B002,CH004,57,39200,3.46
V015,L010,D0051,B002,CH004,49,39300,3.08
V016,L001,D0051,B008,CH004,58,40200,4.87
V016,L002,D0051,B008,CH004,78,53400,4.82
V016,L003,D0051,B008,CH004,53,42600,4.03
V016,L004,D0051,B008,CH004,77,59600,4.61
V016,L005,D0051,B008,CH004,68,58900,4.14
V016,L006,D0051,B008,CH004,85,55200,5.26
V016,L007,D0051,B008,CH004,82,61200,4.53
V016,L008,D0051,B008,CH004,101,60400,5.87
V016,L009,D0051,B008,CH004,76,54700,4.61
V016,L010,D0051,B008,CH004,91,53500,5.73
V017,L001,D0051,B010,CH004,17,72200,1.43
V017,L002,D0051,B010,CH004,28,105400,1.73
V017,L003,D0051,B010,CH004,30,86800,2.28
V017,L004,D0051,B010,CH004,23,99900,1.38
V017,L005,D0051,B010,CH004,20,108700,1.22
V017,L006,D0051,B010,CH004,26,94600,1.61
V017,L007,D0051,B010,CH004,24,111700,1.33
V017,L008,D0051,B010,CH004,32,107200,1.86
V017,L009,D0051,B010,CH004,32,101600,1.94
V017,L010,D0051,B010,CH004,34,102200,2.14
V018,L001,D0051,B004,CH002,54,23900,4.53
V018,L002,D0051,B004,CH002,73,35500,4.51
V018,L003,D0051,B004,CH002,68,29000,5.18
V018,L004,D0051,B004,CH002,84,37700,5.03
V018,L005,D0051,B004,CH002,69,37200,4.2
V018,L006,D0051,B004,CH002,68,34600,4.21
V018,L007,D0051,B004,CH002,70,39700,3.87
V018,L008,D0051,B004,CH002,78,36200,4.53
V018,L009,D0051,B004,CH002,71,36900,4.31
V018,L010,D0051,B004,CH002,64,33000,4.03
V019,L001,D0051,B005,CH002,34,31900,2.85
V019,L002,D0051,B005,CH002,45,44100,2.78
V019,L003,D0051,B005,CH002,40,36700,3.04
V019,L004,D0051,B005,CH002,39,46000,2.33
V019,L005,D0051,B005,CH002,42,45200,2.55
V019,L006,D0051,B005,CH002,43,41400,2.66
V019,L007,D0051,B005,CH002,48,47800,2.65
V019,L008,D0051,B005,CH002,49,48200,2.85
V019,L009,D0051,B005,CH002,40,43900,2.43
V019,L010,D0051,B005,CH002,36,42400,2.27
V020,L001,D0051,B003,CH002,61,28800,5.12
V020,L002,D0051,B003,CH002,90,41600,5.57
V020,L003,D0051,B003,CH002,79,33700,6.01
V020,L004,D0051,B003,CH002,97,40000,5.8
V020,L005,D0051,B003,CH002,93,42600,5.66
V020,L006,D0051,B003,CH002,86,38800,5.32
V020,L007,D0051,B003,CH002,105,41600,5.8
V020,L008,D0051,B003,CH002,102,41400,5.92
V020,L009,D0051,B003,CH002,96,40300,5.83
V020,L010,D0051,B003,CH002,94,40300,5.92
V001,L001,D0052,B004,CH004,82,33400,7.46
V001,L002,D0052,B004,CH004,141,45300,8.42
V001,L003,D0052,B004,CH004,95,36800,7.15
V001,L004,D0052,B004,CH004,101,43200,6.15
V001,L005,D0052,B004,CH004,114,47600,7.04
V001,L006,D0052,B004,CH004,114,42800,7.09
V001,L007,D0052,B004,CH004,125,47300,6.97
V001,L008,D0052,B004,CH004,146,48400,8.25
V001,L009,D0052,B004,CH004,108,45200,6.49
V001,L010,D0052,B004,CH004,124,42700,7.86
V002,L001,D0052,B006,CH004,68,36300,6.19
V002,L002,D0052,B006,CH004,116,51700,6.93
V002,L003,D0052,B006,CH004,95,39900,7.15
V002,L004,D0052,B006,CH004,136,51200,8.28
V002,L005,D0052,B006,CH004,114,49700,7.04
V002,L006,D0052,B006,CH004,126,49300,7.83
V002,L007,D0052,B006,CH004,121,52200,6.74
V002,L008,D0052,B006,CH004,124,52000,7.01
V002,L009,D0052,B006,CH004,115,51600,6.91
V002,L010,D0052,B006,CH004,129,49900,8.17
V003,L001,D0052,B003,CH003,75,24100,6.82
V003,L002,D0052,B003,CH003,119,31800,7.1
V003,L003,D0052,B003,CH003,106,25200,7.98
V003,L004,D0052,B003,CH003,119,33300,7.25
V003,L005,D0052,B003,CH003,113,32300,6.98
V003,L006,D0052,B003,CH003,102,31800,6.34
V003,L007,D0052,B003,CH003,157,35900,8.75
V003,L008,D0052,B003,CH003,120,35000,6.78
V003,L009,D0052,B003,CH003,122,30100,7.33
V003,L010,D0052,B003,CH003,108,29300,6.84
V004,L001,D0052,B006,CH004,75,32500,6.82
V004,L002,D0052,B006,CH004,108,42600,6.45
V004,L003,D0052,B006,CH004,108,34800,8.13
V004,L004,D0052,B006,CH004,111,44900,6.76
V004,L005,D0052,B006,CH004,114,44000,7.04
V004,L006,D0052,B006,CH004,113,45300,7.02
V004,L007,D0052,B006,CH004,113,49000,6.3
V004,L008,D0052,B006,CH004,128,44600,7.23
V004,L009,D0052,B006,CH004,130,42800,7.81
V004,L010,D0052,B006,CH004,110,41400,6.97
V005,L001,D0052,B007,CH004,64,35100,5.82
V005,L002,D0052,B007,CH004,93,53600,5.55
V005,L003,D0052,B007,CH004,63,40600,4.74
V005,L004,D0052,B007,CH004,82,52500,4.99
V005,L005,D0052,B007,CH004,89,49800,5.49
V005,L006,D0052,B007,CH004,114,50300,7.09
V005,L007,D0052,B007,CH004,110,57800,6.13
V005,L008,D0052,B007,CH004,92,54200,5.2
V005,L009,D0052,B007,CH004,114,49300,6.85
V005,L010,D0052,B007,CH004,98,50400,6.21
V006,L001,D0052,B003,CH003,70,28200,6.37
V006,L002,D0052,B003,CH003,94,37600,5.61
V006,L003,D0052,B003,CH003,79,32100,5.95
V006,L004,D0052,B003,CH003,89,36100,5.42
V006,L005,D0052,B003,CH003,114,38200,7.04
V006,L006,D0052,B003,CH003,96,36500,5.97
V006,L007,D0052,B003,CH003,94,42100,5.24
V006,L008,D0052,B003,CH003,101,40500,5.71
V006,L009,D0052,B003,CH003,97,39100,5.83
V006,L010,D0052,B003,CH003,93,35300,5.89
V007,L001,D0052,B007,CH004,64,35400,5.82
V007,L002,D0052,B007,CH004,97,46300,5.79
V007,L003,D0052,B007,CH004,71,37800,5.35
V007,L004,D0052,B007,CH004,90,49600,5.48
V007,L005,D0052,B007,CH004,85,51000,5.25
V007,L006,D0052,B007,CH004,87,46200,5.41
V007,L007,D0052,B007,CH004,103,54100,5.74
V007,L008,D0052,B007,CH004,89,52100,5.03
V007,L009,D0052,B007,CH004,105,46700,6.31
V007,L010,D0052,B007,CH004,98,45400,6.21
V008,L001,D0052,B002,CH003,52,16700,4.73
V008,L002,D0052,B002,CH003,99,22800,5.91
V008,L003,D0052,B002,CH003,73,20100,5.5
V008,L004,D0052,B002,CH003,101,23700,6.15
V008,L005,D0052,B002,CH003,82,24000,5.06
V008,L006,D0052,B002,CH003,87,23400,5.41
V008,L007,D0052,B002,CH003,97,23900,5.41
V008,L008,D0052,B002,CH003,91,25200,5.14
V008,L009,D0052,B002,CH003,79,23100,4.74
V008,L010,D0052,B002,CH003,69,22000,4.37
V009,L001,D0052,B003,CH003,50,24200,4.55
V009,L002,D0052,B003,CH003,89,32400,5.31
V009,L003,D0052,B003,CH003,71,27200,5.35
V009,L004,D0052,B003,CH003,79,31500,4.81
V009,L005,D0052,B003,CH003,80,31500,4.94
V009,L006,D0052,B003,CH003,55,29900,3.42
V009,L007,D0052,B003,CH003,102,36100,5.69
V009,L008,D0052,B003,CH003,85,33800,4.8
V009,L009,D0052,B003,CH003,86,32300,5.17
V009,L010,D0052,B003,CH003,76,32200,4.82
V010,L001,D0052,B007,CH004,37,43600,3.37
V010,L002,D0052,B007,CH004,57,61400,3.4
V010,L003,D0052,B007,CH004,53,50500,3.99
V010,L004,D0052,B007,CH004,62,68700,3.78
V010,L005,D0052,B007,CH004,65,61800,4.01
V010,L006,D0052,B007,CH004,77,60700,4.79
V010,L007,D0052,B007,CH004,76,66400,4.24
V010,L008,D0052,B007,CH004,59,67900,3.33
V010,L009,D0052,B007,CH004,63,62200,3.78
V010,L010,D0052,B007,CH004,44,59800,2.79
V011,L001,D0052,B005,CH003,37,39700,3.37
V011,L002,D0052,B005,CH003,59,60100,3.52
V011,L003,D0052,B005,CH003,37,46600,2.79
V011,L004,D0052,B005,CH003,48,57300,2.92
V011,L005,D0052,B005,CH003,61,59000,3.77
V011,L006,D0052,B005,CH003,47,58100,2.92
V011,L007,D0052,B005,CH003,62,62400,3.46
V011,L008,D0052,B005,CH003,61,57700,3.45
V011,L009,D0052,B005,CH003,64,56100,3.84
V011,L010,D0052,B005,CH003,55,54400,3.49
V012,L001,D0052,B006,CH003,70,33800,6.37
V012,L002,D0052,B006,CH003,85,44900,5.07
V012,L003,D0052,B006,CH003,70,41300,5.27
V012,L004,D0052,B006,CH003,87,49300,5.3
V012,L005,D0052,B006,CH003,79,51100,4.88
V012,L006,D0052,B006,CH003,81,48000,5.03
V012,L007,D0052,B006,CH003,74,51300,4.12
V012,L008,D0052,B006,CH003,97,50000,5.48
V012,L009,D0052,B006,CH003,90,48200,5.41
V012,L010,D0052,B006,CH003,83,49100,5.26
V013,L001,D0052,B001,CH002,63,25200,5.73
V013,L002,D0052,B001,CH002,84,32800,5.01
V013,L003,D0052,B001,CH002,56,28700,4.22
V013,L004,D0052,B001,CH002,79,36800,4.81
V013,L005,D0052,B001,CH002,65,36300,4.01
V013,L006,D0052,B001,CH002,73,31700,4.54
V013,L007,D0052,B001,CH002,65,37900,3.62
V013,L008,D0052,B001,CH002,87,37200,4.92
V013,L009,D0052,B001,CH002,69,34900,4.14
V013,L010,D0052,B001,CH002,71,33200,4.5
V014,L001,D0052,B004,CH003,43,31000,3.91
V014,L002,D0052,B004,CH003,49,43600,2.93
V014,L003,D0052,B004,CH003,53,33800,3.99
V014,L004,D0052,B004,CH003,87,43000,5.3
V014,L005,D0052,B004,CH003,76,42700,4.69
V014,L006,D0052,B004,CH003,68,39700,4.23
V014,L007,D0052,B004,CH003,79,47800,4.4
V014,L008,D0052,B004,CH003,65,45400,3.67
V014,L009,D0052,B004,CH003,61,42700,3.66
V014,L010,D0052,B004,CH003,65,41500,4.12
V015,L001,D0052,B002,CH004,34,25900,3.09
V015,L002,D0052,B002,CH004,41,39600,2.45
V015,L003,D0052,B002,CH004,50,32400,3.77
V015,L004,D0052,B002,CH004,56,37300,3.41
V015,L005,D0052,B002,CH004,69,37200,4.26
V015,L006,D0052,B002,CH004,75,36900,4.66
V015,L007,D0052,B002,CH004,57,42000,3.18
V015,L008,D0052,B002,CH004,50,37600,2.82
V015,L009,D0052,B002,CH004,55,39400,3.3
V015,L010,D0052,B002,CH004,60,36700,3.8
V016,L001,D0052,B008,CH004,48,39200,4.37
V016,L002,D0052,B008,CH004,78,52100,4.66
V016,L003,D0052,B008,CH004,57,47500,4.29
V016,L004,D0052,B008,CH004,80,55200,4.87
V016,L005,D0052,B008,CH004,74,58400,4.57
V016,L006,D0052,B008,CH004,57,53300,3.54
V016,L007,D0052,B008,CH004,73,60000,4.07
V016,L008,D0052,B008,CH004,83,54200,4.69
V016,L009,D0052,B008,CH004,62,52300,3.72
V016,L010,D0052,B008,CH004,64,51800,4.06
V017,L001,D0052,B010,CH004,17,75100,1.55
V017,L002,D0052,B010,CH004,28,96300,1.67
V017,L003,D0052,B010,CH004,23,87500,1.73
V017,L004,D0052,B010,CH004,34,108600,2.07
V017,L005,D0052,B010,CH004,27,97900,1.67
V017,L006,D0052,B010,CH004,31,101600,1.93
V017,L007,D0052,B010,CH004,30,112100,1.67
V017,L008,D0052,B010,CH004,31,100000,1.75
V017,L009,D0052,B010,CH004,26,98200,1.56
V017,L010,D0052,B010,CH004,23,92800,1.46
V018,L001,D0052,B004,CH002,50,26000,4.55
V018,L002,D0052,B004,CH002,72,35000,4.3
V018,L003,D0052,B004,CH002,53,29900,3.99
V018,L004,D0052,B004,CH002,69,36000,4.2
V018,L005,D0052,B004,CH002,70,34100,4.32
V018,L006,D0052,B004,CH002,67,34500,4.16
V018,L007,D0052,B004,CH002,84,36600,4.68
V018,L008,D0052,B004,CH002,85,36300,4.8
V018,L009,D0052,B004,CH002,76,33100,4.56
V018,L010,D0052,B004,CH002,63,34900,3.99
V019,L001,D0052,B005,CH002,31,33900,2.82
V019,L002,D0052,B005,CH002,59,43000,3.52
V019,L003,D0052,B005,CH002,38,36400,2.86
V019,L004,D0052,B005,CH002,46,48100,2.8
V019,L005,D0052,B005,CH002,45,48100,2.78
V019,L006,D0052,B005,CH002,50,44100,3.11
V019,L007,D0052,B005,CH002,53,47900,2.95
V019,L008,D0052,B005,CH002,61,49000,3.45
V019,L009,D0052,B005,CH002,43,45200,2.58
V019,L010,D0052,B005,CH002,46,43300,2.92
V020,L001,D0052,B003,CH002,69,27400,6.28
V020,L002,D0052,B003,CH002,107,38800,6.39
V020,L003,D0052,B003,CH002,77,31400,5.8
V020,L004,D0052,B003,CH002,86,42500,5.24
V020,L005,D0052,B003,CH002,84,41600,5.19
V020,L006,D0052,B003,CH002,89,38100,5.53
V020,L007,D0052,B003,CH002,119,42100,6.63
V020,L008,D0052,B003,CH002,115,42500,6.5
V020,L009,D0052,B003,CH002,100,41000,6.01
V020,L010,D0052,B003,CH002,99,37600,6.27
V001,L001,D0053,B004,CH004,86,32100,7.45
V001,L002,D0053,B004,CH004,130,44400,7.96
V001,L003,D0053,B004,CH004,105,36800,7.64
V001,L004,D0053,B004,CH004,134,47900,7.7
V001,L005,D0053,B004,CH004,126,46800,7.7
V001,L006,D0053,B004,CH004,126,43500,7.68
V001,L007,D0053,B004,CH004,127,50500,6.66
V001,L008,D0053,B004,CH004,127,47900,7.34
V001,L009,D0053,B004,CH004,121,44200,7.2
V001,L010,D0053,B004,CH004,119,41400,7.07
V002,L001,D0053,B006,CH004,96,35500,8.31
V002,L002,D0053,B006,CH004,144,53200,8.81
V002,L003,D0053,B006,CH004,103,39300,7.49
V002,L004,D0053,B006,CH004,149,55000,8.56
V002,L005,D0053,B006,CH004,116,52400,7.09
V002,L006,D0053,B006,CH004,111,51200,6.76
V002,L007,D0053,B006,CH004,131,52000,6.87
V002,L008,D0053,B006,CH004,127,50800,7.34
V002,L009,D0053,B006,CH004,142,50600,8.45
V002,L010,D0053,B006,CH004,120,50600,7.13
V003,L001,D0053,B003,CH003,77,24200,6.67
V003,L002,D0053,B003,CH003,110,33600,6.73
V003,L003,D0053,B003,CH003,113,25600,8.22
V003,L004,D0053,B003,CH003,128,31700,7.35
V003,L005,D0053,B003,CH003,126,31500,7.7
V003,L006,D0053,B003,CH003,136,32100,8.29
V003,L007,D0053,B003,CH003,137,36200,7.18
V003,L008,D0053,B003,CH003,123,31500,7.11
V003,L009,D0053,B003,CH003,109,33400,6.49
V003,L010,D0053,B003,CH003,128,32400,7.6
V004,L001,D0053,B006,CH004,84,33800,7.27
V004,L002,D0053,B006,CH004,127,46700,7.77
V004,L003,D0053,B006,CH004,89,35100,6.47
V004,L004,D0053,B006,CH004,110,45500,6.32
V004,L005,D0053,B006,CH004,108,43300,6.6
V004,L006,D0053,B006,CH004,109,42500,6.64
V004,L007,D0053,B006,CH004,123,49400,6.45
V004,L008,D0053,B006,CH004,118,44700,6.82
V004,L009,D0053,B006,CH004,120,43700,7.14
V004,L010,D0053,B006,CH004,117,44000,6.95
V005,L001,D0053,B007,CH004,68,35600,5.89
V005,L002,D0053,B007,CH004,91,51000,5.57
V005,L003,D0053,B007,CH004,80,40000,5.82
V005,L004,D0053,B007,CH004,103,50700,5.92
V005,L005,D0053,B007,CH004,102,54600,6.23
V005,L006,D0053,B007,CH004,122,49500,7.43
V005,L007,D0053,B007,CH004,105,57400,5.5
V005,L008,D0053,B007,CH004,104,50000,6.01
V005,L009,D0053,B007,CH004,100,47900,5.95
V005,L010,D0053,B007,CH004,117,48700,6.95
V006,L001,D0053,B003,CH003,64,26200,5.54
V006,L002,D0053,B003,CH003,83,38900,5.08
V006,L003,D0053,B003,CH003,69,30500,5.02
V006,L004,D0053,B003,CH003,113,37200,6.49
V006,L005,D0053,B003,CH003,102,38900,6.23
V006,L006,D0053,B003,CH003,86,36600,5.24
V006,L007,D0053,B003,CH003,131,40700,6.87
V006,L008,D0053,B003,CH003,101,37700,5.83
V006,L009,D0053,B003,CH003,85,36500,5.06
V006,L010,D0053,B003,CH003,98,34300,5.82
V007,L001,D0053,B007,CH004,67,35400,5.8
V007,L002,D0053,B007,CH004,84,47300,5.14
V007,L003,D0053,B007,CH004,84,40900,6.11
V007,L004,D0053,B007,CH004,83,51900,4.77
V007,L005,D0053,B007,CH004,93,52100,5.68
V007,L006,D0053,B007,CH004,89,45900,5.42
V007,L007,D0053,B007,CH004,110,52000,5.77
V007,L008,D0053,B007,CH004,98,53400,5.66
V007,L009,D0053,B007,CH004,98,50800,5.83
V007,L010,D0053,B007,CH004,101,50000,6.0
V008,L001,D0053,B002,CH003,71,16700,6.15
V008,L002,D0053,B002,CH003,83,23100,5.08
V008,L003,D0053,B002,CH003,78,19200,5.67
V008,L004,D0053,B002,CH003,84,23800,4.82
V008,L005,D0053,B002,CH003,79,24900,4.83
V008,L006,D0053,B002,CH003,91,23300,5.55
V008,L007,D0053,B002,CH003,111,25700,5.82
V008,L008,D0053,B002,CH003,122,23400,7.05
V008,L009,D0053,B002,CH003,82,22400,4.88
V008,L010,D0053,B002,CH003,86,23200,5.11
V009,L001,D0053,B003,CH003,53,22200,4.59
V009,L002,D0053,B003,CH003,75,33500,4.59
V009,L003,D0053,B003,CH003,68,26800,4.95
V009,L004,D0053,B003,CH003,76,33700,4.37
V009,L005,D0053,B003,CH003,78,31500,4.77
V009,L006,D0053,B003,CH003,72,29600,4.39
V009,L007,D0053,B003,CH003,96,36400,5.03
V009,L008,D0053,B003,CH003,75,35000,4.33
V009,L009,D0053,B003,CH003,74,30000,4.4
V009,L010,D0053,B003,CH003,84,31100,4.99
V010,L001,D0053,B007,CH004,38,46300,3.29
V010,L002,D0053,B007,CH004,65,62600,3.98
V010,L003,D0053,B007,CH004,44,54500,3.2
V010,L004,D0053,B007,CH004,63,62700,3.62
V010,L005,D0053,B007,CH004,42,63400,2.57
V010,L006,D0053,B007,CH004,53,64500,3.23
V010,L007,D0053,B007,CH004,61,71000,3.2
V010,L008,D0053,B007,CH004,64,64300,3.7
V010,L009,D0053,B007,CH004,64,65300,3.81
V010,L010,D0053,B007,CH004,61,59000,3.62
V011,L001,D0053,B005,CH003,46,43700,3.98
V011,L002,D0053,B005,CH003,38,57400,2.33
V011,L003,D0053,B005,CH003,37,45400,2.69
V011,L004,D0053,B005,CH003,50,58600,2.87
V011,L005,D0053,B005,CH003,58,58900,3.55
V011,L006,D0053,B005,CH003,59,60300,3.6
V011,L007,D0053,B005,CH003,78,59300,4.09
V011,L008,D0053,B005,CH003,62,61300,3.58
V011,L009,D0053,B005,CH003,54,57700,3.21
V011,L010,D0053,B005,CH003,43,58200,2.55
V012,L001,D0053,B006,CH003,63,36200,5.45
V012,L002,D0053,B006,CH003,85,45900,5.2
V012,L003,D0053,B006,CH003,63,40100,4.58
V012,L004,D0053,B006,CH003,98,48500,5.63
V012,L005,D0053,B006,CH003,76,48300,4.65
V012,L006,D0053,B006,CH003,95,45900,5.79
V012,L007,D0053,B006,CH003,98,52700,5.14
V012,L008,D0053,B006,CH003,101,47400,5.83
V012,L009,D0053,B006,CH003,77,46700,4.58
V012,L010,D0053,B006,CH003,95,48100,5.64
V013,L001,D0053,B001,CH002,51,23900,4.42
V013,L002,D0053,B001,CH002,69,33000,4.22
V013,L003,D0053,B001,CH002,68,27900,4.95
V013,L004,D0053,B001,CH002,83,35100,4.77
V013,L005,D0053,B001,CH002,63,33200,3.85
V013,L006,D0053,B001,CH002,92,32900,5.61
V013,L007,D0053,B001,CH002,89,34500,4.66
V013,L008,D0053,B001,CH002,79,35200,4.56
V013,L009,D0053,B001,CH002,98,31900,5.83
V013,L010,D0053,B001,CH002,77,33100,4.57
V014,L001,D0053,B004,CH003,57,28800,4.94
V014,L002,D0053,B004,CH003,82,42400,5.02
V014,L003,D0053,B004,CH003,61,33500,4.44
V014,L004,D0053,B004,CH003,73,43100,4.19
V014,L005,D0053,B004,CH003,82,44300,5.01
V014,L006,D0053,B004,CH003,56,41400,3.41
V014,L007,D0053,B004,CH003,69,44600,3.62
V014,L008,D0053,B004,CH003,75,41900,4.33
V014,L009,D0053,B004,CH003,86,41000,5.12
V014,L010,D0053,B004,CH003,65,42800,3.86
V015,L001,D0053,B002,CH004,40,25900,3.46
V015,L002,D0053,B002,CH004,65,37900,3.98
V015,L003,D0053,B002,CH004,43,32700,3.13
V015,L004,D0053,B002,CH004,53,39600,3.04
V015,L005,D0053,B002,CH004,69,39200,4.22
V015,L006,D0053,B002,CH004,56,36000,3.41
V015,L007,D0053,B002,CH004,69,41200,3.62
V015,L008,D0053,B002,CH004,48,40600,2.77
V015,L009,D0053,B002,CH004,57,36900,3.39
V015,L010,D0053,B002,CH004,65,36600,3.86
V016,L001,D0053,B008,CH004,57,37500,4.94
V016,L002,D0053,B008,CH004,78,55000,4.77
V016,L003,D0053,B008,CH004,63,47100,4.58
V016,L004,D0053,B008,CH004,79,56300,4.54
V016,L005,D0053,B008,CH004,74,56300,4.52
V016,L006,D0053,B008,CH004,64,52200,3.9
V016,L007,D0053,B008,CH004,95,60000,4.98
V016,L008,D0053,B008,CH004,79,54100,4.56
V016,L009,D0053,B008,CH004,85,56100,5.06
V016,L010,D0053,B008,CH004,75,53100,4.45
V017,L001,D0053,B010,CH004,16,71200,1.39
V017,L002,D0053,B010,CH004,28,101100,1.71
V017,L003,D0053,B010,CH004,29,81500,2.11
V017,L004,D0053,B010,CH004,29,105400,1.67
V017,L005,D0053,B010,CH004,30,100600,1.83
V017,L006,D0053,B010,CH004,29,99600,1.77
V017,L007,D0053,B010,CH004,39,109400,2.04
V017,L008,D0053,B010,CH004,24,101000,1.39
V017,L009,D0053,B010,CH004,28,101100,1.67
V017,L010,D0053,B010,CH004,24,98700,1.43
V018,L001,D0053,B004,CH002,41,26400,3.55
V018,L002,D0053,B004,CH002,72,33000,4.41
V018,L003,D0053,B004,CH002,68,28300,4.95
V018,L004,D0053,B004,CH002,72,34600,4.14
V018,L005,D0053,B004,CH002,71,35200,4.34
V018,L006,D0053,B004,CH002,68,36300,4.14
V018,L007,D0053,B004,CH002,90,38100,4.72
V018,L008,D0053,B004,CH002,80,35800,4.62
V018,L009,D0053,B004,CH002,68,35900,4.05
V018,L010,D0053,B004,CH002,73,33300,4.33
V019,L001,D0053,B005,CH002,26,33400,2.25
V019,L002,D0053,B005,CH002,41,44000,2.51
V019,L003,D0053,B005,CH002,33,37800,2.4
V019,L004,D0053,B005,CH002,44,47100,2.53
V019,L005,D0053,B005,CH002,55,44300,3.36
V019,L006,D0053,B005,CH002,38,43600,2.32
V019,L007,D0053,B005,CH002,49,45300,2.57
V019,L008,D0053,B005,CH002,48,47000,2.77
V019,L009,D0053,B005,CH002,45,44200,2.68
V019,L010,D0053,B005,CH002,51,42000,3.03
V020,L001,D0053,B003,CH002,54,27300,4.68
V020,L002,D0053,B003,CH002,84,39500,5.14
V020,L003,D0053,B003,CH002,77,31900,5.6
V020,L004,D0053,B003,CH002,117,39500,6.72
V020,L005,D0053,B003,CH002,86,41900,5.26
V020,L006,D0053,B003,CH002,89,38300,5.42
V020,L007,D0053,B003,CH002,100,42600,5.24
V020,L008,D0053,B003,CH002,76,41100,4.39
V020,L009,D0053,B003,CH002,87,41400,5.18
V020,L010,D0053,B003,CH002,85,37400,5.05
V001,L001,D0054,B004,CH004,82,33900,6.83
V001,L002,D0054,B004,CH004,126,45900,7.56
V001,L003,D0054,B004,CH004,108,34700,7.99
V001,L004,D0054,B004,CH004,132,48000,7.51
V001,L005,D0054,B004,CH004,144,43000,8.38
V001,L006,D0054,B004,CH004,124,45400,7.66
V001,L007,D0054,B004,CH004,146,50300,8.09
V001,L008,D0054,B004,CH004,138,47000,8.18
V001,L009,D0054,B004,CH004,146,45500,8.47
V001,L010,D0054,B004,CH004,107,41400,6.59
V002,L001,D0054,B006,CH004,110,37400,9.16
V002,L002,D0054,B006,CH004,138,49000,8.28
V002,L003,D0054,B006,CH004,84,43200,6.21
V002,L004,D0054,B006,CH004,162,51300,9.22
V002,L005,D0054,B006,CH004,124,53700,7.22
V002,L006,D0054,B006,CH004,124,49800,7.66
V002,L007,D0054,B006,CH004,131,53900,7.26
V002,L008,D0054,B006,CH004,123,52400,7.29
V002,L009,D0054,B006,CH004,121,51500,7.02
V002,L010,D0054,B006,CH004,132,50300,8.13
V003,L001,D0054,B003,CH003,63,24000,5.25
V003,L002,D0054,B003,CH003,101,30600,6.06
V003,L003,D0054,B003,CH003,99,25200,7.32
V003,L004,D0054,B003,CH003,125,34500,7.11
V003,L005,D0054,B003,CH003,133,32300,7.74
V003,L006,D0054,B003,CH003,89,32400,5.5
V003,L007,D0054,B003,CH003,140,35500,7.76
V003,L008,D0054,B003,CH003,124,31800,7.35
V003,L009,D0054,B003,CH003,121,30400,7.02
V003,L010,D0054,B003,CH003,96,32500,5.91
V004,L001,D0054,B006,CH004,91,33000,7.58
V004,L002,D0054,B006,CH004,115,42400,6.9
V004,L003,D0054,B006,CH004,81,36400,5.99
V004,L004,D0054,B006,CH004,92,44100,5.23
V004,L005,D0054,B006,CH004,120,46400,6.98
V004,L006,D0054,B006,CH004,94,43500,5.81
V004,L007,D0054,B006,CH004,104,50700,5.76
V004,L008,D0054,B006,CH004,116,44800,6.88
V004,L009,D0054,B006,CH004,97,44600,5.63
V004,L010,D0054,B006,CH004,113,43400,6.96
V005,L001,D0054,B007,CH004,65,35300,5.41
V005,L002,D0054,B007,CH004,102,49200,6.12
V005,L003,D0054,B007,CH004,78,43200,5.77
V005,L004,D0054,B007,CH004,99,53700,5.63
V005,L005,D0054,B007,CH004,90,54600,5.24
V005,L006,D0054,B007,CH004,102,48400,6.3
V005,L007,D0054,B007,CH004,99,58000,5.49
V005,L008,D0054,B007,CH004,102,51400,6.05
V005,L009,D0054,B007,CH004,122,53600,7.08
V005,L010,D0054,B007,CH004,108,52000,6.65
V006,L001,D0054,B003,CH003,82,26500,6.83
V006,L002,D0054,B003,CH003,94,35300,5.64
V006,L003,D0054,B003,CH003,84,32200,6.21
V006,L004,D0054,B003,CH003,110,37700,6.26
V006,L005,D0054,B003,CH003,105,38700,6.11
V006,L006,D0054,B003,CH003,83,35900,5.13
V006,L007,D0054,B003,CH003,121,37700,6.71
V006,L008,D0054,B003,CH003,99,40100,5.87
V006,L009,D0054,B003,CH003,101,37600,5.86
V006,L010,D0054,B003,CH003,96,35900,5.91
V007,L001,D0054,B007,CH004,77,33900,6.41
V007,L002,D0054,B007,CH004,91,46400,5.46
V007,L003,D0054,B007,CH004,85,41800,6.29
V007,L004,D0054,B007,CH004,101,51800,5.75
V007,L005,D0054,B007,CH004,90,47700,5.24
V007,L006,D0054,B007,CH004,85,45800,5.25
V007,L007,D0054,B007,CH004,101,53300,5.6
V007,L008,D0054,B007,CH004,93,50800,5.51
V007,L009,D0054,B007,CH004,109,47100,6.32
V007,L010,D0054,B007,CH004,95,49100,5.85
V008,L001,D0054,B002,CH003,65,15900,5.41
V008,L002,D0054,B002,CH003,88,22300,5.28
V008,L003,D0054,B002,CH003,74,19900,5.47
V008,L004,D0054,B002,CH003,98,23500,5.57
V008,L005,D0054,B002,CH003,81,23100,4.71
V008,L006,D0054,B002,CH003,93,23400,5.74
V008,L007,D0054,B002,CH003,93,24500,5.16
V008,L008,D0054,B002,CH003,86,23000,5.1
V008,L009,D0054,B002,CH003,85,24400,4.93
V008,L010,D0054,B002,CH003,87,22800,5.36
V009,L001,D0054,B003,CH003,64,23900,5.33
V009,L002,D0054,B003,CH003,97,33700,5.82
V009,L003,D0054,B003,CH003,78,25200,5.77
V009,L004,D0054,B003,CH003,90,33100,5.12
V009,L005,D0054,B003,CH003,92,32200,5.36
V009,L006,D0054,B003,CH003,87,30700,5.37
V009,L007,D0054,B003,CH003,86,34600,4.77
V009,L008,D0054,B003,CH003,80,31500,4.74
V009,L009,D0054,B003,CH003,79,31600,4.58
V009,L010,D0054,B003,CH003,78,30400,4.8
V010,L001,D0054,B007,CH004,44,44800,3.66
V010,L002,D0054,B007,CH004,68,63900,4.08
V010,L003,D0054,B007,CH004,55,53300,4.07
V010,L004,D0054,B007,CH004,59,66500,3.36
V010,L005,D0054,B007,CH004,53,68400,3.08
V010,L006,D0054,B007,CH004,68,62000,4.2
V010,L007,D0054,B007,CH004,74,66900,4.1
V010,L008,D0054,B007,CH004,73,63900,4.33
V010,L009,D0054,B007,CH004,59,64500,3.42
V010,L010,D0054,B007,CH004,61,65400,3.76
V011,L001,D0054,B005,CH003,51,40700,4.25
V011,L002,D0054,B005,CH003,52,58500,3.12
V011,L003,D0054,B005,CH003,39,46800,2.88
V011,L004,D0054,B005,CH003,66,62300,3.75
V011,L005,D0054,B005,CH003,49,58300,2.85
V011,L006,D0054,B005,CH003,51,58600,3.15
V011,L007,D0054,B005,CH003,52,61400,2.88
V011,L008,D0054,B005,CH003,59,58000,3.5
V011,L009,D0054,B005,CH003,61,61600,3.54
V011,L010,D0054,B005,CH003,46,56100,2.83
V012,L001,D0054,B006,CH003,66,34200,5.5
V012,L002,D0054,B006,CH003,80,47400,4.8
V012,L003,D0054,B006,CH003,74,41200,5.47
V012,L004,D0054,B006,CH003,88,46800,5.01
V012,L005,D0054,B006,CH003,89,46900,5.18
V012,L006,D0054,B006,CH003,99,46600,6.11
V012,L007,D0054,B006,CH003,100,49300,5.54
V012,L008,D0054,B006,CH003,93,48500,5.51
V012,L009,D0054,B006,CH003,86,46100,4.99
V012,L010,D0054,B006,CH003,80,48700,4.93
V013,L001,D0054,B001,CH002,51,23400,4.25
V013,L002,D0054,B001,CH002,89,32400,5.34
V013,L003,D0054,B001,CH002,54,26600,3.99
V013,L004,D0054,B001,CH002,78,36700,4.44
V013,L005,D0054,B001,CH002,81,34500,4.71
V013,L006,D0054,B001,CH002,64,31800,3.95
V013,L007,D0054,B001,CH002,81,36500,4.49
V013,L008,D0054,B001,CH002,70,35800,4.15
V013,L009,D0054,B001,CH002,87,35900,5.05
V013,L010,D0054,B001,CH002,75,33800,4.62
V014,L001,D0054,B004,CH003,48,30600,4.0
V014,L002,D0054,B004,CH003,57,44600,3.42
V014,L003,D0054,B004,CH003,52,33000,3.85
V014,L004,D0054,B004,CH003,71,43600,4.04
V014,L005,D0054,B004,CH003,79,43900,4.6
V014,L006,D0054,B004,CH003,65,42300,4.01
V014,L007,D0054,B004,CH003,72,47800,3.99
V014,L008,D0054,B004,CH003,61,41900,3.62
V014,L009,D0054,B004,CH003,64,40900,3.71
V014,L010,D0054,B004,CH003,68,41000,4.19
V015,L001,D0054,B002,CH004,35,26100,2.91
V015,L002,D0054,B002,CH004,51,39800,3.06
V015,L003,D0054,B002,CH004,42,31300,3.11
V015,L004,D0054,B002,CH004,64,38700,3.64
V015,L005,D0054,B002,CH004,53,38300,3.08
V015,L006,D0054,B002,CH004,50,36600,3.09
V015,L007,D0054,B002,CH004,56,42100,3.1
V015,L008,D0054,B002,CH004,51,38300,3.02
V015,L009,D0054,B002,CH004,67,38500,3.89
V015,L010,D0054,B002,CH004,50,39100,3.08
V016,L001,D0054,B008,CH004,54,41400,4.5
V016,L002,D0054,B008,CH004,76,54700,4.56
V016,L003,D0054,B008,CH004,67,46800,4.96
V016,L004,D0054,B008,CH004,83,56000,4.72
V016,L005,D0054,B008,CH004,80,58700,4.66
V016,L006,D0054,B008,CH004,74,51700,4.57
V016,L007,D0054,B008,CH004,79,59800,4.38
V016,L008,D0054,B008,CH004,89,58000,5.28
V016,L009,D0054,B008,CH004,81,56700,4.7
V016,L010,D0054,B008,CH004,76,55200,4.68
V017,L001,D0054,B010,CH004,28,72900,2.33
V017,L002,D0054,B010,CH004,25,103100,1.5
V017,L003,D0054,B010,CH004,25,86900,1.85
V017,L004,D0054,B010,CH004,33,109700,1.88
V017,L005,D0054,B010,CH004,37,102900,2.15
V017,L006,D0054,B010,CH004,43,97300,2.66
V017,L007,D0054,B010,CH004,30,106800,1.66
V017,L008,D0054,B010,CH004,20,108200,1.19
V017,L009,D0054,B010,CH004,24,99800,1.39
V017,L010,D0054,B010,CH004,33,102400,2.03
V018,L001,D0054,B004,CH002,47,24100,3.91
V018,L002,D0054,B004,CH002,73,33800,4.38
V018,L003,D0054,B004,CH002,64,27500,4.73
V018,L004,D0054,B004,CH002,78,37500,4.44
V018,L005,D0054,B004,CH002,69,37800,4.02
V018,L006,D0054,B004,CH002,66,34000,4.08
V018,L007,D0054,B004,CH002,87,39900,4.82
V018,L008,D0054,B004,CH002,80,35400,4.74
V018,L009,D0054,B004,CH002,80,37000,4.64
V018,L010,D0054,B004,CH002,69,32600,4.25
V019,L001,D0054,B005,CH002,25,32300,2.08
V019,L002,D0054,B005,CH002,42,45500,2.52
V019,L003,D0054,B005,CH002,22,38500,1.63
V019,L004,D0054,B005,CH002,36,44300,2.05
V019,L005,D0054,B005,CH002,58,45200,3.38
V019,L006,D0054,B005,CH002,42,41400,2.59
V019,L007,D0054,B005,CH002,56,50300,3.1
V019,L008,D0054,B005,CH002,32,44300,1.9
V019,L009,D0054,B005,CH002,36,46000,2.09
V019,L010,D0054,B005,CH002,56,42600,3.45
V020,L001,D0054,B003,CH002,53,29300,4.41
V020,L002,D0054,B003,CH002,102,38700,6.12
V020,L003,D0054,B003,CH002,87,33800,6.43
V020,L004,D0054,B003,CH002,93,43700,5.29
V020,L005,D0054,B003,CH002,91,41800,5.3
V020,L006,D0054,B003,CH002,116,38500,7.16
V020,L007,D0054,B003,CH002,96,45900,5.32
V020,L008,D0054,B003,CH002,98,42700,5.81
V020,L009,D0054,B003,CH002,98,38700,5.68
V020,L010,D0054,B003,CH002,98,40800,6.03
V001,L001,D0055,B004,CH004,87,33300,7.5
V001,L002,D0055,B004,CH004,119,43600,7.41
V001,L003,D0055,B004,CH004,92,36800,6.96
V001,L004,D0055,B004,CH004,153,46800,9.18
V001,L005,D0055,B004,CH004,113,43300,6.89
V001,L006,D0055,B004,CH004,106,46000,6.86
V001,L007,D0055,B004,CH004,118,48100,7.03
V001,L008,D0055,B004,CH004,145,44900,8.35
V001,L009,D0055,B004,CH004,111,45200,6.99
V001,L010,D0055,B004,CH004,116,44600,7.62
V002,L001,D0055,B006,CH004,99,36300,8.53
V002,L002,D0055,B006,CH004,98,48600,6.1
V002,L003,D0055,B006,CH004,105,40500,7.94
V002,L004,D0055,B006,CH004,113,52500,6.78
V002,L005,D0055,B006,CH004,118,53500,7.19
V002,L006,D0055,B006,CH004,104,48800,6.73
V002,L007,D0055,B006,CH004,119,57400,7.09
V002,L008,D0055,B006,CH004,137,51800,7.89
V002,L009,D0055,B006,CH004,121,49300,7.61
V002,L010,D0055,B006,CH004,115,50500,7.56
V003,L001,D0055,B003,CH003,71,22100,6.12
V003,L002,D0055,B003,CH003,100,33000,6.22
V003,L003,D0055,B003,CH003,91,25500,6.88
V003,L004,D0055,B003,CH003,112,34200,6.72
V003,L005,D0055,B003,CH003,111,33300,6.76
V003,L006,D0055,B003,CH003,110,29900,7.12
V003,L007,D0055,B003,CH003,118,35800,7.03
V003,L008,D0055,B003,CH003,110,32900,6.33
V003,L009,D0055,B003,CH003,104,33000,6.54
V003,L010,D0055,B003,CH003,98,30600,6.44
V004,L001,D0055,B006,CH004,91,31400,7.84
V004,L002,D0055,B006,CH004,107,42300,6.66
V004,L003,D0055,B006,CH004,117,34500,8.85
V004,L004,D0055,B006,CH004,114,44600,6.84
V004,L005,D0055,B006,CH004,132,46300,8.04
V004,L006,D0055,B006,CH004,119,43300,7.7
V004,L007,D0055,B006,CH004,110,45800,6.55
V004,L008,D0055,B006,CH004,107,47200,6.16
V004,L009,D0055,B006,CH004,123,46000,7.74
V004,L010,D0055,B006,CH004,105,45200,6.9
V005,L001,D0055,B007,CH004,66,35400,5.69
V005,L002,D0055,B007,CH004,109,50800,6.78
V005,L003,D0055,B007,CH004,72,44200,5.45
V005,L004,D0055,B007,CH004,96,54900,5.76
V005,L005,D0055,B007,CH004,112,50500,6.83
V005,L006,D0055,B007,CH004,103,50000,6.67
V005,L007,D0055,B007,CH004,88,55100,5.24
V005,L008,D0055,B007,CH004,100,55200,5.76
V005,L009,D0055,B007,CH004,113,48200,7.11
V005,L010,D0055,B007,CH004,90,51400,5.91
V006,L001,D0055,B003,CH003,55,26900,4.74
V006,L002,D0055,B003,CH003,106,37900,6.6
V006,L003,D0055,B003,CH003,75,29700,5.67
V006,L004,D0055,B003,CH003,101,37600,6.06
V006,L005,D0055,B003,CH003,91,35800,5.55
V006,L006,D0055,B003,CH003,95,34800,6.15
V006,L007,D0055,B003,CH003,107,39900,6.37
V006,L008,D0055,B003,CH003,112,40900,6.45
V006,L009,D0055,B003,CH003,95,35600,5.98
V006,L010,D0055,B003,CH003,93,35900,6.11
V007,L001,D0055,B007,CH004,61,34000,5.26
V007,L002,D0055,B007,CH004,94,50800,5.85
V007,L003,D0055,B007,CH004,82,40900,6.2
V007,L004,D0055,B007,CH004,89,49500,5.34
V007,L005,D0055,B007,CH004,86,50800,5.24
V007,L006,D0055,B007,CH004,86,45100,5.57
V007,L007,D0055,B007,CH004,100,53700,5.96
V007,L008,D0055,B007,CH004,94,50000,5.41
V007,L009,D0055,B007,CH004,97,47100,6.1
V007,L010,D0055,B007,CH004,88,45600,5.78
V008,L001,D0055,B002,CH003,65,15800,5.6
V008,L002,D0055,B002,CH003,78,22600,4.85
V008,L003,D0055,B002,CH003,67,18900,5.07
V008,L004,D0055,B002,CH003,90,23900,5.4
V008,L005,D0055,B002,CH003,107,23800,6.52
V008,L006,D0055,B002,CH003,81,23900,5.24
V008,L007,D0055,B002,CH003,84,24300,5.0
V008,L008,D0055,B002,CH003,100,23700,5.76
V008,L009,D0055,B002,CH003,74,23500,4.66
V008,L010,D0055,B002,CH003,83,23300,5.45
V009,L001,D0055,B003,CH003,55,22200,4.74
V009,L002,D0055,B003,CH003,84,30800,5.23
V009,L003,D0055,B003,CH003,56,25200,4.24
V009,L004,D0055,B003,CH003,71,32200,4.26
V009,L005,D0055,B003,CH003,78,30500,4.75
V009,L006,D0055,B003,CH003,64,30500,4.14
V009,L007,D0055,B003,CH003,74,34800,4.41
V009,L008,D0055,B003,CH003,78,31700,4.49
V009,L009,D0055,B003,CH003,82,33000,5.16
V009,L010,D0055,B003,CH003,72,31300,4.73
V010,L001,D0055,B007,CH004,38,48200,3.28
V010,L002,D0055,B007,CH004,51,62300,3.17
V010,L003,D0055,B007,CH004,55,53300,4.16
V010,L004,D0055,B007,CH004,70,61800,4.2
V010,L005,D0055,B007,CH004,55,66500,3.35
V010,L006,D0055,B007,CH004,69,64900,4.47
V010,L007,D0055,B007,CH004,67,64900,3.99
V010,L008,D0055,B007,CH004,59,68900,3.4
V010,L009,D0055,B007,CH004,54,62100,3.4
V010,L010,D0055,B007,CH004,62,62400,4.07
V011,L001,D0055,B005,CH003,44,41600,3.79
V011,L002,D0055,B005,CH003,53,57600,3.3
V011,L003,D0055,B005,CH003,38,49200,2.87
V011,L004,D0055,B005,CH003,50,57500,3.0
V011,L005,D0055,B005,CH003,48,59100,2.93
V011,L006,D0055,B005,CH003,53,55300,3.43
V011,L007,D0055,B005,CH003,52,64600,3.1
V011,L008,D0055,B005,CH003,56,60400,3.22
V011,L009,D0055,B005,CH003,48,59600,3.02
V011,L010,D0055,B005,CH003,44,58900,2.89
V012,L001,D0055,B006,CH003,58,35800,5.0
V012,L002,D0055,B006,CH003,85,48400,5.29
V012,L003,D0055,B006,CH003,68,36900,5.14
V012,L004,D0055,B006,CH003,106,48300,6.36
V012,L005,D0055,B006,CH003,85,51300,5.18
V012,L006,D0055,B006,CH003,81,46200,5.24
V012,L007,D0055,B006,CH003,84,51200,5.0
V012,L008,D0055,B006,CH003,90,47100,5.18
V012,L009,D0055,B006,CH003,86,49800,5.41
V012,L010,D0055,B006,CH003,70,44200,4.6
V013,L001,D0055,B001,CH002,53,24000,4.57
V013,L002,D0055,B001,CH002,85,35300,5.29
V013,L003,D0055,B001,CH002,68,26300,5.14
V013,L004,D0055,B001,CH002,77,32900,4.62
V013,L005,D0055,B001,CH002,67,36600,4.08
V013,L006,D0055,B001,CH002,69,33100,4.47
V013,L007,D0055,B001,CH002,86,36800,5.12
V013,L008,D0055,B001,CH002,108,36700,6.22
V013,L009,D0055,B001,CH002,81,33900,5.1
V013,L010,D0055,B001,CH002,84,34700,5.52
V014,L001,D0055,B004,CH003,44,29400,3.79
V014,L002,D0055,B004,CH003,59,43900,3.67
V014,L003,D0055,B004,CH003,56,35400,4.24
V014,L004,D0055,B004,CH003,69,43400,4.14
V014,L005,D0055,B004,CH003,77,41800,4.69
V014,L006,D0055,B004,CH003,58,43000,3.75
V014,L007,D0055,B004,CH003,78,48100,4.65
V014,L008,D0055,B004,CH003,83,45200,4.78
V014,L009,D0055,B004,CH003,48,42100,3.02
V014,L010,D0055,B004,CH003,57,40400,3.75
V015,L001,D0055,B002,CH004,49,26400,4.22
V015,L002,D0055,B002,CH004,63,36200,3.92
V015,L003,D0055,B002,CH004,54,31000,4.08
V015,L004,D0055,B002,CH004,54,41300,3.24
V015,L005,D0055,B002,CH004,49,40000,2.99
V015,L006,D0055,B002,CH004,49,35900,3.17
V015,L007,D0055,B002,CH004,62,39000,3.69
V015,L008,D0055,B002,CH004,59,38300,3.4
V015,L009,D0055,B002,CH004,41,39400,2.58
V015,L010,D0055,B002,CH004,59,37100,3.88
V016,L001,D0055,B008,CH004,50,38500,4.31
V016,L002,D0055,B008,CH004,82,58400,5.1
V016,L003,D0055,B008,CH004,61,47100,4.61
V016,L004,D0055,B008,CH004,65,59100,3.9
V016,L005,D0055,B008,CH004,55,54100,3.35
V016,L006,D0055,B008,CH004,77,53500,4.98
V016,L007,D0055,B008,CH004,81,58800,4.82
V016,L008,D0055,B008,CH004,70,54500,4.03
V016,L009,D0055,B008,CH004,76,58300,4.78
V016,L010,D0055,B008,CH004,77,52000,5.06
V017,L001,D0055,B010,CH004,21,71500,1.81
V017,L002,D0055,B010,CH004,31,95000,1.93
V017,L003,D0055,B010,CH004,21,78100,1.59
V017,L004,D0055,B010,CH004,26,105600,1.56
V017,L005,D0055,B010,CH004,35,108200,2.13
V017,L006,D0055,B010,CH004,27,102300,1.75
V017,L007,D0055,B010,CH004,20,109800,1.19
V017,L008,D0055,B010,CH004,26,105600,1.5
V017,L009,D0055,B010,CH004,36,99000,2.27
V017,L010,D0055,B010,CH004,22,95700,1.45
V018,L001,D0055,B004,CH002,46,26600,3.97
V018,L002,D0055,B004,CH002,70,34700,4.36
V018,L003,D0055,B004,CH002,38,28500,2.87
V018,L004,D0055,B004,CH002,68,36300,4.08
V018,L005,D0055,B004,CH002,75,37200,4.57
V018,L006,D0055,B004,CH002,53,34700,3.43
V018,L007,D0055,B004,CH002,79,38700,4.71
V018,L008,D0055,B004,CH002,65,35700,3.74
V018,L009,D0055,B004,CH002,81,36400,5.1
V018,L010,D0055,B004,CH002,62,33100,4.07
V019,L001,D0055,B005,CH002,32,31200,2.76
V019,L002,D0055,B005,CH002,48,45500,2.99
V019,L003,D0055,B005,CH002,38,35300,2.87
V019,L004,D0055,B005,CH002,50,45300,3.0
V019,L005,D0055,B005,CH002,50,48100,3.05
V019,L006,D0055,B005,CH002,51,41200,3.3
V019,L007,D0055,B005,CH002,47,46500,2.8
V019,L008,D0055,B005,CH002,38,44800,2.19
V019,L009,D0055,B005,CH002,40,41900,2.52
V019,L010,D0055,B005,CH002,42,44500,2.76
V020,L001,D0055,B003,CH002,75,28000,6.47
V020,L002,D0055,B003,CH002,85,41800,5.29
V020,L003,D0055,B003,CH002,68,31100,5.14
V020,L004,D0055,B003,CH002,92,40800,5.52
V020,L005,D0055,B003,CH002,97,41200,5.91
V020,L006,D0055,B003,CH002,90,38700,5.83
V020,L007,D0055,B003,CH002,105,42500,6.25
V020,L008,D0055,B003,CH002,100,44300,5.76
V020,L009,D0055,B003,CH002,78,38500,4.91
V020,L010,D0055,B003,CH002,83,38800,5.45
V001,L001,D0056,B004,CH004,81,32200,6.85
V001,L002,D0056,B004,CH004,122,44200,8.06
V001,L003,D0056,B004,CH004,80,36100,6.1
V001,L004,D0056,B004,CH004,109,44700,7.02
V001,L005,D0056,B004,CH004,119,43700,7.36
V001,L006,D0056,B004,CH004,100,41000,6.25
V001,L007,D0056,B004,CH004,123,48500,7.61
V001,L008,D0056,B004,CH004,121,45700,7.63
V001,L009,D0056,B004,CH004,139,45600,8.41
V001,L010,D0056,B004,CH004,128,41900,8.77
V002,L001,D0056,B006,CH004,85,36900,7.19
V002,L002,D0056,B006,CH004,121,48300,8.0
V002,L003,D0056,B006,CH004,96,41400,7.32
V002,L004,D0056,B006,CH004,128,53700,8.24
V002,L005,D0056,B006,CH004,110,50000,6.8
V002,L006,D0056,B006,CH004,133,47700,8.31
V002,L007,D0056,B006,CH004,121,56300,7.48
V002,L008,D0056,B006,CH004,115,50200,7.25
V002,L009,D0056,B006,CH004,133,52500,8.05
V002,L010,D0056,B006,CH004,98,48300,6.71
V003,L001,D0056,B003,CH003,85,24100,7.19
V003,L002,D0056,B003,CH003,97,31500,6.41
V003,L003,D0056,B003,CH003,109,27100,8.31
V003,L004,D0056,B003,CH003,106,31000,6.83
V003,L005,D0056,B003,CH003,100,34200,6.18
V003,L006,D0056,B003,CH003,98,29400,6.12
V003,L007,D0056,B003,CH003,131,34400,8.1
V003,L008,D0056,B003,CH003,94,31500,5.93
V003,L009,D0056,B003,CH003,93,31800,5.63
V003,L010,D0056,B003,CH003,109,31300,7.47
V004,L001,D0056,B006,CH004,90,30500,7.61
V004,L002,D0056,B006,CH004,88,43500,5.82
V004,L003,D0056,B006,CH004,97,35600,7.39
V004,L004,D0056,B006,CH004,102,46500,6.57
V004,L005,D0056,B006,CH004,110,48100,6.8
V004,L006,D0056,B006,CH004,117,42300,7.31
V004,L007,D0056,B006,CH004,124,50100,7.67
V004,L008,D0056,B006,CH004,96,44400,6.05
V004,L009,D0056,B006,CH004,95,42200,5.75
V004,L010,D0056,B006,CH004,91,46100,6.23
V005,L001,D0056,B007,CH004,62,35800,5.24
V005,L002,D0056,B007,CH004,70,47900,4.63
V005,L003,D0056,B007,CH004,80,40700,6.1
V005,L004,D0056,B007,CH004,78,49800,5.02
V005,L005,D0056,B007,CH004,91,54100,5.63
V005,L006,D0056,B007,CH004,106,49900,6.62
V005,L007,D0056,B007,CH004,99,54000,6.12
V005,L008,D0056,B007,CH004,89,54800,5.61
V005,L009,D0056,B007,CH004,92,53300,5.57
V005,L010,D0056,B007,CH004,71,52600,4.86
V006,L001,D0056,B003,CH003,61,26900,5.16
V006,L002,D0056,B003,CH003,87,37300,5.75
V006,L003,D0056,B003,CH003,93,31000,7.09
V006,L004,D0056,B003,CH003,96,38600,6.18
V006,L005,D0056,B003,CH003,93,39500,5.75
V006,L006,D0056,B003,CH003,103,37100,6.44
V006,L007,D0056,B003,CH003,92,42300,5.69
V006,L008,D0056,B003,CH003,100,38300,6.31
V006,L009,D0056,B003,CH003,104,36300,6.3
V006,L010,D0056,B003,CH003,105,36900,7.19
V007,L001,D0056,B007,CH004,70,35100,5.92
V007,L002,D0056,B007,CH004,105,51200,6.94
V007,L003,D0056,B007,CH004,72,40400,5.49
V007,L004,D0056,B007,CH004,86,48100,5.54
V007,L005,D0056,B007,CH004,94,49200,5.81
V007,L006,D0056,B007,CH004,80,48700,5.0
V007,L007,D0056,B007,CH004,94,54900,5.81
V007,L008,D0056,B007,CH004,80,49300,5.04
V007,L009,D0056,B007,CH004,82,49600,4.96
V007,L010,D0056,B007,CH004,94,45900,6.44
V008,L001,D0056,B002,CH003,56,16500,4.73
V008,L002,D0056,B002,CH003,74,22900,4.89
V008,L003,D0056,B002,CH003,57,19500,4.34
V008,L004,D0056,B002,CH003,85,24900,5.47
V008,L005,D0056,B002,CH003,101,22800,6.25
V008,L006,D0056,B002,CH003,87,22700,5.44
V008,L007,D0056,B002,CH003,73,24500,4.51
V008,L008,D0056,B002,CH003,88,23500,5.55
V008,L009,D0056,B002,CH003,86,22900,5.21
V008,L010,D0056,B002,CH003,71,21800,4.86
V009,L001,D0056,B003,CH003,68,22000,5.75
V009,L002,D0056,B003,CH003,92,31600,6.08
V009,L003,D0056,B003,CH003,48,25800,3.66
V009,L004,D0056,B003,CH003,90,33400,5.8
V009,L005,D0056,B003,CH003,81,33300,5.01
V009,L006,D0056,B003,CH003,86,31100,5.38
V009,L007,D0056,B003,CH003,78,34900,4.82
V009,L008,D0056,B003,CH003,90,31700,5.67
V009,L009,D0056,B003,CH003,79,30000,4.78
V009,L010,D0056,B003,CH003,75,30100,5.14
V010,L001,D0056,B007,CH004,50,44000,4.23
V010,L002,D0056,B007,CH004,67,65100,4.43
V010,L003,D0056,B007,CH004,45,50600,3.43
V010,L004,D0056,B007,CH004,59,62200,3.8
V010,L005,D0056,B007,CH004,66,66900,4.08
V010,L006,D0056,B007,CH004,63,63500,3.94
V010,L007,D0056,B007,CH004,53,71200,3.28
V010,L008,D0056,B007,CH004,61,65300,3.85
V010,L009,D0056,B007,CH004,68,63100,4.12
V010,L010,D0056,B007,CH004,52,64100,3.56
V011,L001,D0056,B005,CH003,40,43900,3.38
V011,L002,D0056,B005,CH003,44,56500,2.91
V011,L003,D0056,B005,CH003,43,48000,3.28
V011,L004,D0056,B005,CH003,48,62300,3.09
V011,L005,D0056,B005,CH003,51,56800,3.15
V011,L006,D0056,B005,CH003,43,59400,2.69
V011,L007,D0056,B005,CH003,50,59900,3.09
V011,L008,D0056,B005,CH003,57,60700,3.59
V011,L009,D0056,B005,CH003,45,61000,2.72
V011,L010,D0056,B005,CH003,60,59200,4.11
V012,L001,D0056,B006,CH003,56,32500,4.73
V012,L002,D0056,B006,CH003,75,45900,4.96
V012,L003,D0056,B006,CH003,69,39800,5.26
V012,L004,D0056,B006,CH003,71,50000,4.57
V012,L005,D0056,B006,CH003,96,49600,5.94
V012,L006,D0056,B006,CH003,80,47700,5.0
V012,L007,D0056,B006,CH003,93,51100,5.75
V012,L008,D0056,B006,CH003,72,52000,4.54
V012,L009,D0056,B006,CH003,75,46900,4.54
V012,L010,D0056,B006,CH003,68,46100,4.66
V013,L001,D0056,B001,CH002,65,25300,5.49
V013,L002,D0056,B001,CH002,62,32600,4.1
V013,L003,D0056,B001,CH002,55,28600,4.19
V013,L004,D0056,B001,CH002,81,33800,5.22
V013,L005,D0056,B001,CH002,83,32700,5.13
V013,L006,D0056,B001,CH002,70,35100,4.38
V013,L007,D0056,B001,CH002,75,35500,4.64
V013,L008,D0056,B001,CH002,79,33500,4.98
V013,L009,D0056,B001,CH002,72,33700,4.36
V013,L010,D0056,B001,CH002,61,34500,4.18
V014,L001,D0056,B004,CH003,48,32100,4.06
V014,L002,D0056,B004,CH003,48,42400,3.17
V014,L003,D0056,B004,CH003,55,36200,4.19
V014,L004,D0056,B004,CH003,73,42700,4.7
V014,L005,D0056,B004,CH003,63,42900,3.9
V014,L006,D0056,B004,CH003,76,43100,4.75
V014,L007,D0056,B004,CH003,52,45200,3.22
V014,L008,D0056,B004,CH003,77,46700,4.85
V014,L009,D0056,B004,CH003,74,43100,4.48
V014,L010,D0056,B004,CH003,64,40700,4.38
V015,L001,D0056,B002,CH004,39,26600,3.3
V015,L002,D0056,B002,CH004,64,36400,4.23
V015,L003,D0056,B002,CH004,53,32000,4.04
V015,L004,D0056,B002,CH004,53,39300,3.41
V015,L005,D0056,B002,CH004,50,40800,3.09
V015,L006,D0056,B002,CH004,53,39400,3.31
V015,L007,D0056,B002,CH004,63,40400,3.9
V015,L008,D0056,B002,CH004,50,40500,3.15
V015,L009,D0056,B002,CH004,58,40100,3.51
V015,L010,D0056,B002,CH004,41,36700,2.81
V016,L001,D0056,B008,CH004,49,41400,4.14
V016,L002,D0056,B008,CH004,81,55800,5.35
V016,L003,D0056,B008,CH004,67,43800,5.11
V016,L004,D0056,B008,CH004,61,55300,3.93
V016,L005,D0056,B008,CH004,75,54900,4.64
V016,L006,D0056,B008,CH004,79,55900,4.94
V016,L007,D0056,B008,CH004,60,62700,3.71
V016,L008,D0056,B008,CH004,74,56700,4.67
V016,L009,D0056,B008,CH004,89,55300,5.39
V016,L010,D0056,B008,CH004,73,53100,5.0
V017,L001,D0056,B010,CH004,23,72300,1.94
V017,L002,D0056,B010,CH004,35,104100,2.31
V017,L003,D0056,B010,CH004,15,84900,1.14
V017,L004,D0056,B010,CH004,29,109200,1.87
V017,L005,D0056,B010,CH004,25,101400,1.55
V017,L006,D0056,B010,CH004,19,98600,1.19
V017,L007,D0056,B010,CH004,29,105500,1.79
V017,L008,D0056,B010,CH004,26,100100,1.64
V017,L009,D0056,B010,CH004,36,97000,2.18
V017,L010,D0056,B010,CH004,28,101200,1.92
V018,L001,D0056,B004,CH002,50,24200,4.23
V018,L002,D0056,B004,CH002,71,36800,4.69
V018,L003,D0056,B004,CH002,62,29100,4.73
V018,L004,D0056,B004,CH002,72,34800,4.64
V018,L005,D0056,B004,CH002,67,34400,4.14
V018,L006,D0056,B004,CH002,66,33200,4.12
V018,L007,D0056,B004,CH002,78,35900,4.82
V018,L008,D0056,B004,CH002,90,36800,5.67
V018,L009,D0056,B004,CH002,75,36200,4.54
V018,L010,D0056,B004,CH002,67,32800,4.59
V019,L001,D0056,B005,CH002,35,31000,2.96
V019,L002,D0056,B005,CH002,38,47200,2.51
V019,L003,D0056,B005,CH002,39,34700,2.97
V019,L004,D0056,B005,CH002,47,47000,3.03
V019,L005,D0056,B005,CH002,40,46800,2.47
V019,L006,D0056,B005,CH002,45,46200,2.81
V019,L007,D0056,B005,CH002,40,45800,2.47
V019,L008,D0056,B005,CH002,46,48400,2.9
V019,L009,D0056,B005,CH002,44,46000,2.66
V019,L010,D0056,B005,CH002,19,44200,1.3
V020,L001,D0056,B003,CH002,70,28400,5.92
V020,L002,D0056,B003,CH002,72,40600,4.76
V020,L003,D0056,B003,CH002,77,34700,5.87
V020,L004,D0056,B003,CH002,79,41900,5.09
V020,L005,D0056,B003,CH002,102,42900,6.31
V020,L006,D0056,B003,CH002,96,39200,6.0
V020,L007,D0056,B003,CH002,89,42600,5.5
V020,L008,D0056,B003,CH002,81,44200,5.11
V020,L009,D0056,B003,CH002,113,38700,6.84
V020,L010,D0056,B003,CH002,85,40900,5.82
V001,L001,D0057,B004,CH004,88,33300,7.73
V001,L002,D0057,B004,CH004,119,44900,7.31
V001,L003,D0057,B004,CH004,126,37800,9.27
V001,L004,D0057,B004,CH004,121,45000,7.46
V001,L005,D0057,B004,CH004,119,47600,7.43
V001,L006,D0057,B004,CH004,118,43300,7.31
V001,L007,D0057,B004,CH004,121,47100,6.8
V001,L008,D0057,B004,CH004,113,47800,6.87
V001,L009,D0057,B004,CH004,105,42100,6.44
V001,L010,D0057,B004,CH004,114,43400,7.01
V002,L001,D0057,B006,CH004,66,37700,5.79
V002,L002,D0057,B006,CH004,140,53000,8.6
V002,L003,D0057,B006,CH004,103,43500,7.58
V002,L004,D0057,B006,CH004,101,55000,6.22
V002,L005,D0057,B006,CH004,120,51800,7.5
V002,L006,D0057,B006,CH004,115,50100,7.13
V002,L007,D0057,B006,CH004,146,56000,8.2
V002,L008,D0057,B006,CH004,132,50100,8.03
V002,L009,D0057,B006,CH004,138,49600,8.46
V002,L010,D0057,B006,CH004,103,49700,6.33
V003,L001,D0057,B003,CH003,80,22700,7.02
V003,L002,D0057,B003,CH003,104,33700,6.39
V003,L003,D0057,B003,CH003,73,27000,5.37
V003,L004,D0057,B003,CH003,121,32100,7.46
V003,L005,D0057,B003,CH003,114,31400,7.12
V003,L006,D0057,B003,CH003,110,29500,6.82
V003,L007,D0057,B003,CH003,135,35800,7.58
V003,L008,D0057,B003,CH003,100,32300,6.08
V003,L009,D0057,B003,CH003,96,32700,5.89
V003,L010,D0057,B003,CH003,102,29800,6.27
V004,L001,D0057,B006,CH004,77,30900,6.76
V004,L002,D0057,B006,CH004,97,45400,5.96
V004,L003,D0057,B006,CH004,96,35100,7.06
V004,L004,D0057,B006,CH004,97,48500,5.98
V004,L005,D0057,B006,CH004,114,45800,7.12
V004,L006,D0057,B006,CH004,120,41500,7.43
V004,L007,D0057,B006,CH004,122,46700,6.85
V004,L008,D0057,B006,CH004,104,44100,6.33
V004,L009,D0057,B006,CH004,107,43800,6.56
V004,L010,D0057,B006,CH004,137,42500,8.43
V005,L001,D0057,B007,CH004,69,36800,6.06
V005,L002,D0057,B007,CH004,80,48800,4.92
V005,L003,D0057,B007,CH004,96,43300,7.06
V005,L004,D0057,B007,CH004,93,51500,5.73
V005,L005,D0057,B007,CH004,88,52400,5.5
V005,L006,D0057,B007,CH004,99,47300,6.13
V005,L007,D0057,B007,CH004,97,52100,5.45
V005,L008,D0057,B007,CH004,99,55200,6.02
V005,L009,D0057,B007,CH004,100,48200,6.13
V005,L010,D0057,B007,CH004,99,52400,6.09
V006,L001,D0057,B003,CH003,55,27000,4.83
V006,L002,D0057,B003,CH003,86,36400,5.29
V006,L003,D0057,B003,CH003,73,29700,5.37
V006,L004,D0057,B003,CH003,104,38700,6.41
V006,L005,D0057,B003,CH003,106,39700,6.62
V006,L006,D0057,B003,CH003,102,35900,6.32
V006,L007,D0057,B003,CH003,115,40900,6.46
V006,L008,D0057,B003,CH003,90,37000,5.47
V006,L009,D0057,B003,CH003,95,39200,5.82
V006,L010,D0057,B003,CH003,100,35100,6.15
V007,L001,D0057,B007,CH004,71,33800,6.23
V007,L002,D0057,B007,CH004,85,51300,5.22
V007,L003,D0057,B007,CH004,65,38100,4.78
V007,L004,D0057,B007,CH004,105,48400,6.47
V007,L005,D0057,B007,CH004,89,48400,5.56
V007,L006,D0057,B007,CH004,82,48900,5.08
V007,L007,D0057,B007,CH004,87,55300,4.89
V007,L008,D0057,B007,CH004,91,52400,5.54
V007,L009,D0057,B007,CH004,111,51500,6.81
V007,L010,D0057,B007,CH004,98,45800,6.03
V008,L001,D0057,B002,CH003,72,16700,6.32
V008,L002,D0057,B002,CH003,80,24300,4.92
V008,L003,D0057,B002,CH003,78,18000,5.74
V008,L004,D0057,B002,CH003,75,24500,4.62
V008,L005,D0057,B002,CH003,83,23100,5.18
V008,L006,D0057,B002,CH003,74,23700,4.58
V008,L007,D0057,B002,CH003,87,24700,4.89
V008,L008,D0057,B002,CH003,86,24200,5.23
V008,L009,D0057,B002,CH003,105,23800,6.44
V008,L010,D0057,B002,CH003,89,23400,5.47
V009,L001,D0057,B003,CH003,71,23700,6.23
V009,L002,D0057,B003,CH003,94,30700,5.78
V009,L003,D0057,B003,CH003,71,27500,5.22
V009,L004,D0057,B003,CH003,74,32600,4.56
V009,L005,D0057,B003,CH003,77,31000,4.81
V009,L006,D0057,B003,CH003,73,31300,4.52
V009,L007,D0057,B003,CH003,91,33000,5.11
V009,L008,D0057,B003,CH003,91,34500,5.54
V009,L009,D0057,B003,CH003,78,31600,4.78
V009,L010,D0057,B003,CH003,60,30200,3.69
V010,L001,D0057,B007,CH004,45,46800,3.95
V010,L002,D0057,B007,CH004,51,60800,3.13
V010,L003,D0057,B007,CH004,58,51100,4.27
V010,L004,D0057,B007,CH004,77,67200,4.74
V010,L005,D0057,B007,CH004,53,63000,3.31
V010,L006,D0057,B007,CH004,57,59300,3.53
V010,L007,D0057,B007,CH004,86,69600,4.83
V010,L008,D0057,B007,CH004,67,64100,4.08
V010,L009,D0057,B007,CH004,67,64000,4.11
V010,L010,D0057,B007,CH004,75,64500,4.61
V011,L001,D0057,B005,CH003,42,43600,3.69
V011,L002,D0057,B005,CH003,52,60900,3.2
V011,L003,D0057,B005,CH003,49,49200,3.61
V011,L004,D0057,B005,CH003,36,60300,2.22
V011,L005,D0057,B005,CH003,52,58500,3.25
V011,L006,D0057,B005,CH003,54,56200,3.35
V011,L007,D0057,B005,CH003,59,62200,3.31
V011,L008,D0057,B005,CH003,55,63500,3.35
V011,L009,D0057,B005,CH003,55,58700,3.37
V011,L010,D0057,B005,CH003,52,59100,3.2
V012,L001,D0057,B006,CH003,50,33300,4.39
V012,L002,D0057,B006,CH003,79,46600,4.86
V012,L003,D0057,B006,CH003,65,41300,4.78
V012,L004,D0057,B006,CH003,96,47700,5.91
V012,L005,D0057,B006,CH003,84,48200,5.25
V012,L006,D0057,B006,CH003,94,46900,5.82
V012,L007,D0057,B006,CH003,102,52600,5.73
V012,L008,D0057,B006,CH003,78,46700,4.74
V012,L009,D0057,B006,CH003,76,46400,4.66
V012,L010,D0057,B006,CH003,76,48000,4.67
V013,L001,D0057,B001,CH002,64,23100,5.62
V013,L002,D0057,B001,CH002,82,32300,5.04
V013,L003,D0057,B001,CH002,69,28200,5.08
V013,L004,D0057,B001,CH002,72,37000,4.44
V013,L005,D0057,B001,CH002,75,35200,4.68
V013,L006,D0057,B001,CH002,79,32000,4.89
V013,L007,D0057,B001,CH002,80,38400,4.49
V013,L008,D0057,B001,CH002,81,35600,4.93
V013,L009,D0057,B001,CH002,72,34400,4.41
V013,L010,D0057,B001,CH002,76,33300,4.67
V014,L001,D0057,B004,CH003,49,29300,4.3
V014,L002,D0057,B004,CH003,72,42900,4.43
V014,L003,D0057,B004,CH003,55,34900,4.05
V014,L004,D0057,B004,CH003,73,45300,4.5
V014,L005,D0057,B004,CH003,64,45400,4.0
V014,L006,D0057,B004,CH003,59,41200,3.66
V014,L007,D0057,B004,CH003,76,45200,4.27
V014,L008,D0057,B004,CH003,78,42000,4.74
V014,L009,D0057,B004,CH003,62,42700,3.8
V014,L010,D0057,B004,CH003,70,43300,4.31
V015,L001,D0057,B002,CH004,40,28900,3.51
V015,L002,D0057,B002,CH004,72,38500,4.43
V015,L003,D0057,B002,CH004,48,32100,3.53
V015,L004,D0057,B002,CH004,60,37700,3.7
V015,L005,D0057,B002,CH004,54,39100,3.37
V015,L006,D0057,B002,CH004,65,36800,4.03
V015,L007,D0057,B002,CH004,67,41400,3.76
V015,L008,D0057,B002,CH004,61,40000,3.71
V015,L009,D0057,B002,CH004,49,37700,3.0
V015,L010,D0057,B002,CH004,49,38200,3.01
V016,L001,D0057,B008,CH004,50,38700,4.39
V016,L002,D0057,B008,CH004,74,52100,4.55
V016,L003,D0057,B008,CH004,49,47200,3.61
V016,L004,D0057,B008,CH004,77,58100,4.74
V016,L005,D0057,B008,CH004,70,55800,4.37
V016,L006,D0057,B008,CH004,71,52600,4.4
V016,L007,D0057,B008,CH004,64,57300,3.6
V016,L008,D0057,B008,CH004,60,59500,3.65
V016,L009,D0057,B008,CH004,69,55100,4.23
V016,L010,D0057,B008,CH004,85,53400,5.23
V017,L001,D0057,B010,CH004,17,76700,1.49
V017,L002,D0057,B010,CH004,33,97400,2.03
V017,L003,D0057,B010,CH004,28,86100,2.06
V017,L004,D0057,B010,CH004,25,109900,1.54
V017,L005,D0057,B010,CH004,31,100900,1.94
V017,L006,D0057,B010,CH004,23,99900,1.43
V017,L007,D0057,B010,CH004,23,109500,1.29
V017,L008,D0057,B010,CH004,31,101600,1.89
V017,L009,D0057,B010,CH004,23,101700,1.41
V017,L010,D0057,B010,CH004,28,100200,1.72
V018,L001,D0057,B004,CH002,44,25800,3.86
V018,L002,D0057,B004,CH002,78,33600,4.79
V018,L003,D0057,B004,CH002,59,27900,4.34
V018,L004,D0057,B004,CH002,79,36600,4.87
V018,L005,D0057,B004,CH002,68,36000,4.25
V018,L006,D0057,B004,CH002,65,32900,4.03
V018,L007,D0057,B004,CH002,83,39000,4.66
V018,L008,D0057,B004,CH002,77,36000,4.68
V018,L009,D0057,B004,CH002,69,35400,4.23
V018,L010,D0057,B004,CH002,69,35100,4.24
V019,L001,D0057,B005,CH002,37,30900,3.25
V019,L002,D0057,B005,CH002,62,46000,3.81
V019,L003,D0057,B005,CH002,30,35600,2.21
V019,L004,D0057,B005,CH002,39,46000,2.4
V019,L005,D0057,B005,CH002,46,44700,2.87
V019,L006,D0057,B005,CH002,47,43800,2.91
V019,L007,D0057,B005,CH002,38,49000,2.13
V019,L008,D0057,B005,CH002,41,45700,2.49
V019,L009,D0057,B005,CH002,51,46100,3.13
V019,L010,D0057,B005,CH002,48,44000,2.95
V020,L001,D0057,B003,CH002,52,29100,4.57
V020,L002,D0057,B003,CH002,87,41100,5.35
V020,L003,D0057,B003,CH002,68,31600,5.0
V020,L004,D0057,B003,CH002,98,41600,6.04
V020,L005,D0057,B003,CH002,94,40600,5.87
V020,L006,D0057,B003,CH002,107,37600,6.63
V020,L007,D0057,B003,CH002,101,41000,5.67
V020,L008,D0057,B003,CH002,109,41500,6.63
V020,L009,D0057,B003,CH002,103,39900,6.32
V020,L010,D0057,B003,CH002,96,40400,5.9
V001,L001,D0058,B004,CH004,84,30200,7.23
V001,L002,D0058,B004,CH004,123,47100,7.26
V001,L003,D0058,B004,CH004,97,37800,6.98
V001,L004,D0058,B004,CH004,139,45000,7.89
V001,L005,D0058,B004,CH004,146,47200,8.26
V001,L006,D0058,B004,CH004,123,46000,7.55
V001,L007,D0058,B004,CH004,130,46100,7.07
V001,L008,D0058,B004,CH004,128,48100,7.39
V001,L009,D0058,B004,CH004,114,45400,6.58
V001,L010,D0058,B004,CH004,138,44000,8.32
V002,L001,D0058,B006,CH004,79,36800,6.8
V002,L002,D0058,B006,CH004,110,53300,6.49
V002,L003,D0058,B006,CH004,91,39400,6.55
V002,L004,D0058,B006,CH004,122,51200,6.93
V002,L005,D0058,B006,CH004,127,51400,7.19
V002,L006,D0058,B006,CH004,131,51400,8.04
V002,L007,D0058,B006,CH004,136,52900,7.4
V002,L008,D0058,B006,CH004,121,52700,6.99
V002,L009,D0058,B006,CH004,120,53200,6.92
V002,L010,D0058,B006,CH004,128,52500,7.72
V003,L001,D0058,B003,CH003,60,22200,5.16
V003,L002,D0058,B003,CH003,112,32500,6.61
V003,L003,D0058,B003,CH003,91,25600,6.55
V003,L004,D0058,B003,CH003,105,31800,5.96
V003,L005,D0058,B003,CH003,117,32000,6.62
V003,L006,D0058,B003,CH003,109,29900,6.69
V003,L007,D0058,B003,CH003,124,33900,6.74
V003,L008,D0058,B003,CH003,125,34000,7.22
V003,L009,D0058,B003,CH003,106,31400,6.12
V003,L010,D0058,B003,CH003,124,29900,7.48
V004,L001,D0058,B006,CH004,97,30200,8.35
V004,L002,D0058,B006,CH004,103,45300,6.08
V004,L003,D0058,B006,CH004,103,35900,7.42
V004,L004,D0058,B006,CH004,121,44900,6.87
V004,L005,D0058,B006,CH004,118,43300,6.68
V004,L006,D0058,B006,CH004,97,41200,5.95
V004,L007,D0058,B006,CH004,109,45900,5.93
V004,L008,D0058,B006,CH004,119,47600,6.87
V004,L009,D0058,B006,CH004,119,45100,6.87
V004,L010,D0058,B006,CH004,129,42700,7.78
V005,L001,D0058,B007,CH004,66,38100,5.68
V005,L002,D0058,B007,CH004,93,52900,5.49
V005,L003,D0058,B007,CH004,88,41900,6.34
V005,L004,D0058,B007,CH004,123,53900,6.98
V005,L005,D0058,B007,CH004,96,54000,5.43
V005,L006,D0058,B007,CH004,100,50700,6.13
V005,L007,D0058,B007,CH004,101,55500,5.49
V005,L008,D0058,B007,CH004,92,52100,5.31
V005,L009,D0058,B007,CH004,98,47900,5.65
V005,L010,D0058,B007,CH004,105,47400,6.33
V006,L001,D0058,B003,CH003,72,26800,6.2
V006,L002,D0058,B003,CH003,120,35100,7.08
V006,L003,D0058,B003,CH003,100,28600,7.2
V006,L004,D0058,B003,CH003,105,40300,5.96
V006,L005,D0058,B003,CH003,99,36300,5.6
V006,L006,D0058,B003,CH003,99,35900,6.07
V006,L007,D0058,B003,CH003,104,39000,5.66
V006,L008,D0058,B003,CH003,113,40700,6.53
V006,L009,D0058,B003,CH003,115,35600,6.64
V006,L010,D0058,B003,CH003,97,37400,5.85
V007,L001,D0058,B007,CH004,77,36100,6.63
V007,L002,D0058,B007,CH004,93,48500,5.49
V007,L003,D0058,B007,CH004,78,39400,5.62
V007,L004,D0058,B007,CH004,96,48300,5.45
V007,L005,D0058,B007,CH004,113,52400,6.4
V007,L006,D0058,B007,CH004,87,47100,5.34
V007,L007,D0058,B007,CH004,97,54300,5.27
V007,L008,D0058,B007,CH004,93,47900,5.37
V007,L009,D0058,B007,CH004,98,46400,5.65
V007,L010,D0058,B007,CH004,85,47000,5.13
V008,L001,D0058,B002,CH003,71,17100,6.11
V008,L002,D0058,B002,CH003,104,24500,6.14
V008,L003,D0058,B002,CH003,68,19800,4.9
V008,L004,D0058,B002,CH003,101,23800,5.74
V008,L005,D0058,B002,CH003,103,24100,5.83
V008,L006,D0058,B002,CH003,81,22400,4.97
V008,L007,D0058,B002,CH003,90,25300,4.89
V008,L008,D0058,B002,CH003,79,24000,4.56
V008,L009,D0058,B002,CH003,96,22300,5.54
V008,L010,D0058,B002,CH003,65,22100,3.92
V009,L001,D0058,B003,CH003,51,23300,4.39
V009,L002,D0058,B003,CH003,97,30800,5.72
V009,L003,D0058,B003,CH003,68,25300,4.9
V009,L004,D0058,B003,CH003,90,34000,5.11
V009,L005,D0058,B003,CH003,86,31500,4.87
V009,L006,D0058,B003,CH003,78,30000,4.79
V009,L007,D0058,B003,CH003,85,35200,4.62
V009,L008,D0058,B003,CH003,96,32300,5.55
V009,L009,D0058,B003,CH003,91,33100,5.25
V009,L010,D0058,B003,CH003,79,29700,4.76
V010,L001,D0058,B007,CH004,36,47700,3.1
V010,L002,D0058,B007,CH004,69,61300,4.07
V010,L003,D0058,B007,CH004,61,49900,4.39
V010,L004,D0058,B007,CH004,72,69000,4.09
V010,L005,D0058,B007,CH004,57,65500,3.23
V010,L006,D0058,B007,CH004,64,65400,3.93
V010,L007,D0058,B007,CH004,70,67600,3.81
V010,L008,D0058,B007,CH004,61,65500,3.52
V010,L009,D0058,B007,CH004,51,64300,2.94
V010,L010,D0058,B007,CH004,72,59800,4.34
V011,L001,D0058,B005,CH003,29,41800,2.5
V011,L002,D0058,B005,CH003,53,56200,3.13
V011,L003,D0058,B005,CH003,40,49900,2.88
V011,L004,D0058,B005,CH003,62,57400,3.52
V011,L005,D0058,B005,CH003,52,57500,2.94
V011,L006,D0058,B005,CH003,53,57600,3.25
V011,L007,D0058,B005,CH003,59,59400,3.21
V011,L008,D0058,B005,CH003,57,62500,3.29
V011,L009,D0058,B005,CH003,60,60700,3.46
V011,L010,D0058,B005,CH003,53,56200,3.2
V012,L001,D0058,B006,CH003,62,35100,5.34
V012,L002,D0058,B006,CH003,89,49000,5.25
V012,L003,D0058,B006,CH003,73,41200,5.26
V012,L004,D0058,B006,CH003,87,48900,4.94
V012,L005,D0058,B006,CH003,92,47300,5.21
V012,L006,D0058,B006,CH003,92,47600,5.64
V012,L007,D0058,B006,CH003,115,49100,6.25
V012,L008,D0058,B006,CH003,84,49900,4.85
V012,L009,D0058,B006,CH003,92,45800,5.31
V012,L010,D0058,B006,CH003,84,49200,5.07
V013,L001,D0058,B001,CH002,61,24300,5.25
V013,L002,D0058,B001,CH002,72,33000,4.25
V013,L003,D0058,B001,CH002,68,26900,4.9
V013,L004,D0058,B001,CH002,88,35000,5.0
V013,L005,D0058,B001,CH002,77,36100,4.36
V013,L006,D0058,B001,CH002,79,32500,4.85
V013,L007,D0058,B001,CH002,84,38600,4.57
V013,L008,D0058,B001,CH002,78,34000,4.51
V013,L009,D0058,B001,CH002,87,33000,5.02
V013,L010,D0058,B001,CH002,81,34600,4.89
V014,L001,D0058,B004,CH003,57,31700,4.91
V014,L002,D0058,B004,CH003,70,40100,4.13
V014,L003,D0058,B004,CH003,63,36000,4.54
V014,L004,D0058,B004,CH003,77,41100,4.37
V014,L005,D0058,B004,CH003,67,44900,3.79
V014,L006,D0058,B004,CH003,62,42300,3.8
V014,L007,D0058,B004,CH003,63,47900,3.43
V014,L008,D0058,B004,CH003,83,41800,4.79
V014,L009,D0058,B004,CH003,84,42600,4.85
V014,L010,D0058,B004,CH003,84,43800,5.07
V015,L001,D0058,B002,CH004,49,25900,4.22
V015,L002,D0058,B002,CH004,58,39700,3.42
V015,L003,D0058,B002,CH004,50,32500,3.6
V015,L004,D0058,B002,CH004,69,38700,3.92
V015,L005,D0058,B002,CH004,60,38800,3.4
V015,L006,D0058,B002,CH004,58,37700,3.56
V015,L007,D0058,B002,CH004,76,43500,4.13
V015,L008,D0058,B002,CH004,66,39700,3.81
V015,L009,D0058,B002,CH004,59,40400,3.4
V015,L010,D0058,B002,CH004,49,37800,2.96
V016,L001,D0058,B008,CH004,54,42000,4.65
V016,L002,D0058,B008,CH004,71,52300,4.19
V016,L003,D0058,B008,CH004,59,44100,4.25
V016,L004,D0058,B008,CH004,61,58100,3.46
V016,L005,D0058,B008,CH004,91,57000,5.15
V016,L006,D0058,B008,CH004,74,53700,4.54
V016,L007,D0058,B008,CH004,95,57100,5.17
V016,L008,D0058,B008,CH004,91,58600,5.26
V016,L009,D0058,B008,CH004,78,53400,4.5
V016,L010,D0058,B008,CH004,60,56700,3.62
V017,L001,D0058,B010,CH004,22,69900,1.89
V017,L002,D0058,B010,CH004,37,100400,2.18
V017,L003,D0058,B010,CH004,21,84200,1.51
V017,L004,D0058,B010,CH004,29,104100,1.65
V017,L005,D0058,B010,CH004,40,102600,2.26
V017,L006,D0058,B010,CH004,26,101800,1.6
V017,L007,D0058,B010,CH004,29,115100,1.58
V017,L008,D0058,B010,CH004,33,108600,1.91
V017,L009,D0058,B010,CH004,31,94700,1.79
V017,L010,D0058,B010,CH004,23,93900,1.39
V018,L001,D0058,B004,CH002,44,25400,3.79
V018,L002,D0058,B004,CH002,75,36300,4.42
V018,L003,D0058,B004,CH002,50,30200,3.6
V018,L004,D0058,B004,CH002,72,35600,4.09
V018,L005,D0058,B004,CH002,82,36700,4.64
V018,L006,D0058,B004,CH002,67,33700,4.11
V018,L007,D0058,B004,CH002,105,37200,5.71
V018,L008,D0058,B004,CH002,70,35700,4.04
V018,L009,D0058,B004,CH002,83,37000,4.79
V018,L010,D0058,B004,CH002,56,33300,3.38
V019,L001,D0058,B005,CH002,26,32800,2.24
V019,L002,D0058,B005,CH002,47,46900,2.77
V019,L003,D0058,B005,CH002,43,37000,3.1
V019,L004,D0058,B005,CH002,48,43200,2.73
V019,L005,D0058,B005,CH002,42,43400,2.38
V019,L006,D0058,B005,CH002,52,45000,3.19
V019,L007,D0058,B005,CH002,52,50100,2.83
V019,L008,D0058,B005,CH002,58,45100,3.35
V019,L009,D0058,B005,CH002,49,46300,2.83
V019,L010,D0058,B005,CH002,50,44100,3.02
V020,L001,D0058,B003,CH002,65,27400,5.59
V020,L002,D0058,B003,CH002,99,38900,5.84
V020,L003,D0058,B003,CH002,77,35000,5.54
V020,L004,D0058,B003,CH002,94,41400,5.34
V020,L005,D0058,B003,CH002,102,43100,5.77
V020,L006,D0058,B003,CH002,98,39000,6.01
V020,L007,D0058,B003,CH002,115,45400,6.25
V020,L008,D0058,B003,CH002,84,42600,4.85
V020,L009,D0058,B003,CH002,102,38800,5.89
V020,L010,D0058,B003,CH002,96,37400,5.79
V001,L001,D0059,B004,CH004,109,31300,8.12
V001,L002,D0059,B004,CH004,135,42200,7.73
V001,L003,D0059,B004,CH004,107,35200,7.51
V001,L004,D0059,B004,CH004,126,47700,6.92
V001,L005,D0059,B004,CH004,154,44100,8.48
V001,L006,D0059,B004,CH004,124,46000,7.19
V001,L007,D0059,B004,CH004,121,49800,6.38
V001,L008,D0059,B004,CH004,147,44200,8.28
V001,L009,D0059,B004,CH004,134,46800,7.88
V001,L010,D0059,B004,CH004,130,44500,7.34
V002,L001,D0059,B006,CH004,89,37800,6.63
V002,L002,D0059,B006,CH004,131,50200,7.5
V002,L003,D0059,B006,CH004,114,44000,8.01
V002,L004,D0059,B006,CH004,131,50000,7.19
V002,L005,D0059,B006,CH004,119,49100,6.55
V002,L006,D0059,B006,CH004,144,47400,8.35
V002,L007,D0059,B006,CH004,170,52700,8.97
V002,L008,D0059,B006,CH004,143,53300,8.05
V002,L009,D0059,B006,CH004,117,53600,6.88
V002,L010,D0059,B006,CH004,137,48400,7.74
V003,L001,D0059,B003,CH003,83,22800,6.18
V003,L002,D0059,B003,CH003,121,31400,6.93
V003,L003,D0059,B003,CH003,90,25100,6.32
V003,L004,D0059,B003,CH003,122,31200,6.7
V003,L005,D0059,B003,CH003,112,32500,6.16
V003,L006,D0059,B003,CH003,107,31400,6.21
V003,L007,D0059,B003,CH003,127,34800,6.7
V003,L008,D0059,B003,CH003,114,32300,6.42
V003,L009,D0059,B003,CH003,115,30500,6.76
V003,L010,D0059,B003,CH003,117,32300,6.61
V004,L001,D0059,B006,CH004,80,33400,5.96
V004,L002,D0059,B006,CH004,125,44700,7.16
V004,L003,D0059,B006,CH004,92,37000,6.46
V004,L004,D0059,B006,CH004,127,43600,6.97
V004,L005,D0059,B006,CH004,136,43000,7.48
V004,L006,D0059,B006,CH004,105,44700,6.09
V004,L007,D0059,B006,CH004,128,50600,6.75
V004,L008,D0059,B006,CH004,132,44300,7.43
V004,L009,D0059,B006,CH004,111,44100,6.53
V004,L010,D0059,B006,CH004,124,46200,7.0
V005,L001,D0059,B007,CH004,85,36700,6.33
V005,L002,D0059,B007,CH004,94,47900,5.38
V005,L003,D0059,B007,CH004,94,42700,6.6
V005,L004,D0059,B007,CH004,119,55100,6.53
V005,L005,D0059,B007,CH004,98,50100,5.39
V005,L006,D0059,B007,CH004,108,49600,6.26
V005,L007,D0059,B007,CH004,115,54300,6.07
V005,L008,D0059,B007,CH004,95,51800,5.35
V005,L009,D0059,B007,CH004,88,50900,5.17
V005,L010,D0059,B007,CH004,84,51000,4.74
V006,L001,D0059,B003,CH003,73,27200,5.44
V006,L002,D0059,B003,CH003,104,38400,5.95
V006,L003,D0059,B003,CH003,88,31600,6.18
V006,L004,D0059,B003,CH003,108,40500,5.93
V006,L005,D0059,B003,CH003,116,37300,6.38
V006,L006,D0059,B003,CH003,102,36600,5.92
V006,L007,D0059,B003,CH003,115,41400,6.07
V006,L008,D0059,B003,CH003,120,37600,6.76
V006,L009,D0059,B003,CH003,89,37800,5.23
V006,L010,D0059,B003,CH003,107,38300,6.04
V007,L001,D0059,B007,CH004,80,34700,5.96
V007,L002,D0059,B007,CH004,96,46300,5.5
V007,L003,D0059,B007,CH004,87,41000,6.11
V007,L004,D0059,B007,CH004,110,48300,6.04
V007,L005,D0059,B007,CH004,103,49100,5.67
V007,L006,D0059,B007,CH004,98,46300,5.68
V007,L007,D0059,B007,CH004,108,50000,5.7
V007,L008,D0059,B007,CH004,88,53700,4.95
V007,L009,D0059,B007,CH004,105,48900,6.17
V007,L010,D0059,B007,CH004,96,50300,5.42
V008,L001,D0059,B002,CH003,73,16600,5.44
V008,L002,D0059,B002,CH003,85,24600,4.87
V008,L003,D0059,B002,CH003,88,18700,6.18
V008,L004,D0059,B002,CH003,95,23400,5.21
V008,L005,D0059,B002,CH003,102,24700,5.61
V008,L006,D0059,B002,CH003,82,23100,4.76
V008,L007,D0059,B002,CH003,92,25700,4.85
V008,L008,D0059,B002,CH003,93,24500,5.24
V008,L009,D0059,B002,CH003,102,23400,6.0
V008,L010,D0059,B002,CH003,101,23900,5.7
V009,L001,D0059,B003,CH003,69,22200,5.14
V009,L002,D0059,B003,CH003,74,31100,4.24
V009,L003,D0059,B003,CH003,65,25600,4.56
V009,L004,D0059,B003,CH003,76,33800,4.17
V009,L005,D0059,B003,CH003,104,34300,5.72
V009,L006,D0059,B003,CH003,88,31600,5.1
V009,L007,D0059,B003,CH003,101,33900,5.33
V009,L008,D0059,B003,CH003,90,33500,5.07
V009,L009,D0059,B003,CH003,78,31200,4.59
V009,L010,D0059,B003,CH003,82,32400,4.63
V010,L001,D0059,B007,CH004,42,47000,3.13
V010,L002,D0059,B007,CH004,69,59900,3.95
V010,L003,D0059,B007,CH004,61,53700,4.28
V010,L004,D0059,B007,CH004,75,62800,4.12
V010,L005,D0059,B007,CH004,62,65700,3.41
V010,L006,D0059,B007,CH004,61,65400,3.54
V010,L007,D0059,B007,CH004,69,66200,3.64
V010,L008,D0059,B007,CH004,65,63100,3.66
V010,L009,D0059,B007,CH004,71,66200,4.17
V010,L010,D0059,B007,CH004,64,64700,3.61
V011,L001,D0059,B005,CH003,49,43500,3.65
V011,L002,D0059,B005,CH003,62,61600,3.55
V011,L003,D0059,B005,CH003,46,48100,3.23
V011,L004,D0059,B005,CH003,61,61200,3.35
V011,L005,D0059,B005,CH003,48,61200,2.64
V011,L006,D0059,B005,CH003,58,56000,3.36
V011,L007,D0059,B005,CH003,61,61700,3.22
V011,L008,D0059,B005,CH003,66,62300,3.72
V011,L009,D0059,B005,CH003,67,59300,3.94
V011,L010,D0059,B005,CH003,59,54500,3.33
V012,L001,D0059,B006,CH003,62,35200,4.62
V012,L002,D0059,B006,CH003,104,46600,5.95
V012,L003,D0059,B006,CH003,67,36800,4.71
V012,L004,D0059,B006,CH003,103,50500,5.65
V012,L005,D0059,B006,CH003,80,50000,4.4
V012,L006,D0059,B006,CH003,107,45200,6.21
V012,L007,D0059,B006,CH003,99,52300,5.22
V012,L008,D0059,B006,CH003,105,47100,5.91
V012,L009,D0059,B006,CH003,90,49300,5.29
V012,L010,D0059,B006,CH003,113,46200,6.38
V013,L001,D0059,B001,CH002,68,23700,5.06
V013,L002,D0059,B001,CH002,97,32300,5.55
V013,L003,D0059,B001,CH002,64,26600,4.49
V013,L004,D0059,B001,CH002,73,36800,4.01
V013,L005,D0059,B001,CH002,89,34000,4.9
V013,L006,D0059,B001,CH002,96,34800,5.57
V013,L007,D0059,B001,CH002,79,38300,4.17
V013,L008,D0059,B001,CH002,80,34000,4.5
V013,L009,D0059,B001,CH002,61,35500,3.59
V013,L010,D0059,B001,CH002,76,33700,4.29
V014,L001,D0059,B004,CH003,55,29500,4.1
V014,L002,D0059,B004,CH003,60,44700,3.43
V014,L003,D0059,B004,CH003,48,35900,3.37
V014,L004,D0059,B004,CH003,79,41400,4.34
V014,L005,D0059,B004,CH003,82,45000,4.51
V014,L006,D0059,B004,CH003,57,43300,3.31
V014,L007,D0059,B004,CH003,77,44500,4.06
V014,L008,D0059,B004,CH003,76,42600,4.28
V014,L009,D0059,B004,CH003,69,41300,4.06
V014,L010,D0059,B004,CH003,63,39400,3.56
V015,L001,D0059,B002,CH004,65,26500,4.84
V015,L002,D0059,B002,CH004,59,38200,3.38
V015,L003,D0059,B002,CH004,50,32900,3.51
V015,L004,D0059,B002,CH004,49,40900,2.69
V015,L005,D0059,B002,CH004,68,37300,3.74
V015,L006,D0059,B002,CH004,69,38300,4.0
V015,L007,D0059,B002,CH004,64,38900,3.38
V015,L008,D0059,B002,CH004,62,39000,3.49
V015,L009,D0059,B002,CH004,64,40000,3.76
V015,L010,D0059,B002,CH004,69,38100,3.9
V016,L001,D0059,B008,CH004,52,41200,3.87
V016,L002,D0059,B008,CH004,79,53000,4.52
V016,L003,D0059,B008,CH004,64,42800,4.49
V016,L004,D0059,B008,CH004,81,59500,4.45
V016,L005,D0059,B008,CH004,88,54700,4.84
V016,L006,D0059,B008,CH004,74,54600,4.29
V016,L007,D0059,B008,CH004,80,62600,4.22
V016,L008,D0059,B008,CH004,64,58600,3.6
V016,L009,D0059,B008,CH004,83,57200,4.88
V016,L010,D0059,B008,CH004,86,53200,4.86
V017,L001,D0059,B010,CH004,17,75100,1.27
V017,L002,D0059,B010,CH004,37,104000,2.12
V017,L003,D0059,B010,CH004,24,80800,1.69
V017,L004,D0059,B010,CH004,46,106500,2.52
V017,L005,D0059,B010,CH004,32,104400,1.76
V017,L006,D0059,B010,CH004,29,94800,1.68
V017,L007,D0059,B010,CH004,33,115200,1.74
V017,L008,D0059,B010,CH004,27,103500,1.52
V017,L009,D0059,B010,CH004,43,101000,2.53
V017,L010,D0059,B010,CH004,32,101400,1.81
V018,L001,D0059,B004,CH002,57,24200,4.24
V018,L002,D0059,B004,CH002,72,36700,4.12
V018,L003,D0059,B004,CH002,59,29200,4.14
V018,L004,D0059,B004,CH002,82,34600,4.5
V018,L005,D0059,B004,CH002,78,34800,4.29
V018,L006,D0059,B004,CH002,73,32800,4.23
V018,L007,D0059,B004,CH002,100,39400,5.27
V018,L008,D0059,B004,CH002,73,36600,4.11
V018,L009,D0059,B004,CH002,79,33600,4.64
V018,L010,D0059,B004,CH002,82,33100,4.63
V019,L001,D0059,B005,CH002,50,32900,3.72
V019,L002,D0059,B005,CH002,56,46300,3.21
V019,L003,D0059,B005,CH002,33,38000,2.32
V019,L004,D0059,B005,CH002,45,44500,2.47
V019,L005,D0059,B005,CH002,43,47600,2.37
V019,L006,D0059,B005,CH002,45,43500,2.61
V019,L007,D0059,B005,CH002,43,48900,2.27
V019,L008,D0059,B005,CH002,45,47000,2.53
V019,L009,D0059,B005,CH002,49,42700,2.88
V019,L010,D0059,B005,CH002,52,43100,2.94
V020,L001,D0059,B003,CH002,85,28400,6.33
V020,L002,D0059,B003,CH002,87,39400,4.98
V020,L003,D0059,B003,CH002,83,32300,5.83
V020,L004,D0059,B003,CH002,114,43900,6.26
V020,L005,D0059,B003,CH002,103,39500,5.67
V020,L006,D0059,B003,CH002,97,39700,5.63
V020,L007,D0059,B003,CH002,114,41700,6.01
V020,L008,D0059,B003,CH002,91,40600,5.12
V020,L009,D0059,B003,CH002,86,42100,5.06
V020,L010,D0059,B003,CH002,97,39000,5.48
V001,L001,D0060,B004,CH004,104,33200,7.23
V001,L002,D0060,B004,CH004,123,42000,6.41
V001,L003,D0060,B004,CH004,117,37200,7.71
V001,L004,D0060,B004,CH004,147,47900,7.42
V001,L005,D0060,B004,CH004,156,45700,7.8
V001,L006,D0060,B004,CH004,134,42000,7.45
V001,L007,D0060,B004,CH004,128,46500,6.22
V001,L008,D0060,B004,CH004,151,47700,7.93
V001,L009,D0060,B004,CH004,119,45700,6.45
V001,L010,D0060,B004,CH004,129,41100,7.26
V002,L001,D0060,B006,CH004,84,38700,5.84
V002,L002,D0060,B006,CH004,153,50500,7.97
V002,L003,D0060,B006,CH004,112,43200,7.38
V002,L004,D0060,B006,CH004,143,52700,7.21
V002,L005,D0060,B006,CH004,159,50200,7.95
V002,L006,D0060,B006,CH004,148,48900,8.23
V002,L007,D0060,B006,CH004,174,52600,8.45
V002,L008,D0060,B006,CH004,156,55300,8.19
V002,L009,D0060,B006,CH004,118,51300,6.39
V002,L010,D0060,B006,CH004,119,49700,6.7
V003,L001,D0060,B003,CH003,90,24000,6.26
V003,L002,D0060,B003,CH003,139,31100,7.24
V003,L003,D0060,B003,CH003,96,26800,6.33
V003,L004,D0060,B003,CH003,126,31100,6.36
V003,L005,D0060,B003,CH003,133,31900,6.65
V003,L006,D0060,B003,CH003,116,30000,6.45
V003,L007,D0060,B003,CH003,142,33700,6.9
V003,L008,D0060,B003,CH003,148,33200,7.77
V003,L009,D0060,B003,CH003,120,31500,6.5
V003,L010,D0060,B003,CH003,118,29700,6.64
V004,L001,D0060,B006,CH004,93,33300,6.47
V004,L002,D0060,B006,CH004,135,42000,7.03
V004,L003,D0060,B006,CH004,94,37800,6.2
V004,L004,D0060,B006,CH004,150,44100,7.57
V004,L005,D0060,B006,CH004,125,47300,6.25
V004,L006,D0060,B006,CH004,137,43900,7.62
V004,L007,D0060,B006,CH004,135,47800,6.56
V004,L008,D0060,B006,CH004,117,47300,6.14
V004,L009,D0060,B006,CH004,136,46200,7.37
V004,L010,D0060,B006,CH004,117,42200,6.59
V005,L001,D0060,B007,CH004,102,37300,7.09
V005,L002,D0060,B007,CH004,111,52500,5.78
V005,L003,D0060,B007,CH004,102,41100,6.72
V005,L004,D0060,B007,CH004,116,52600,5.85
V005,L005,D0060,B007,CH004,129,49100,6.45
V005,L006,D0060,B007,CH004,104,50600,5.78
V005,L007,D0060,B007,CH004,109,55500,5.3
V005,L008,D0060,B007,CH004,113,52400,5.93
V005,L009,D0060,B007,CH004,131,48600,7.1
V005,L010,D0060,B007,CH004,105,49900,5.91
V006,L001,D0060,B003,CH003,75,25200,5.22
V006,L002,D0060,B003,CH003,113,38100,5.89
V006,L003,D0060,B003,CH003,74,29600,4.88
V006,L004,D0060,B003,CH003,120,36200,6.05
V006,L005,D0060,B003,CH003,96,36100,4.8
V006,L006,D0060,B003,CH003,89,36800,4.95
V006,L007,D0060,B003,CH003,129,39100,6.27
V006,L008,D0060,B003,CH003,113,39000,5.93
V006,L009,D0060,B003,CH003,104,36200,5.63
V006,L010,D0060,B003,CH003,109,36900,6.14
V007,L001,D0060,B007,CH004,84,35300,5.84
V007,L002,D0060,B007,CH004,116,46000,6.04
V007,L003,D0060,B007,CH004,87,41800,5.74
V007,L004,D0060,B007,CH004,115,49700,5.8
V007,L005,D0060,B007,CH004,117,47900,5.85
V007,L006,D0060,B007,CH004,87,46900,4.84
V007,L007,D0060,B007,CH004,129,53200,6.27
V007,L008,D0060,B007,CH004,116,48400,6.09
V007,L009,D0060,B007,CH004,115,48100,6.23
V007,L010,D0060,B007,CH004,102,49200,5.74
V008,L001,D0060,B002,CH003,78,17500,5.42
V008,L002,D0060,B002,CH003,101,23100,5.26
V008,L003,D0060,B002,CH003,83,18200,5.47
V008,L004,D0060,B002,CH003,93,23400,4.69
V008,L005,D0060,B002,CH003,105,24200,5.25
V008,L006,D0060,B002,CH003,112,21500,6.23
V008,L007,D0060,B002,CH003,116,24600,5.64
V008,L008,D0060,B002,CH003,108,23100,5.67
V008,L009,D0060,B002,CH003,94,22100,5.09
V008,L010,D0060,B002,CH003,90,21800,5.07
V009,L001,D0060,B003,CH003,88,23700,6.12
V009,L002,D0060,B003,CH003,104,30500,5.42
V009,L003,D0060,B003,CH003,101,25500,6.66
V009,L004,D0060,B003,CH003,110,32400,5.55
V009,L005,D0060,B003,CH003,98,31000,4.9
V009,L006,D0060,B003,CH003,105,30000,5.84
V009,L007,D0060,B003,CH003,97,36300,4.71
V009,L008,D0060,B003,CH003,97,33700,5.09
V009,L009,D0060,B003,CH003,91,31900,4.93
V009,L010,D0060,B003,CH003,92,31100,5.18
V010,L001,D0060,B007,CH004,52,46200,3.62
V010,L002,D0060,B007,CH004,71,61300,3.7
V010,L003,D0060,B007,CH004,54,53100,3.56
V010,L004,D0060,B007,CH004,62,63400,3.13
V010,L005,D0060,B007,CH004,52,61600,2.6
V010,L006,D0060,B007,CH004,63,60900,3.5
V010,L007,D0060,B007,CH004,70,71800,3.4
V010,L008,D0060,B007,CH004,68,68400,3.57
V010,L009,D0060,B007,CH004,57,62400,3.09
V010,L010,D0060,B007,CH004,74,65800,4.17
V011,L001,D0060,B005,CH003,40,42500,2.78
V011,L002,D0060,B005,CH003,65,59700,3.39
V011,L003,D0060,B005,CH003,51,45200,3.36
V011,L004,D0060,B005,CH003,47,58300,2.37
V011,L005,D0060,B005,CH003,48,61400,2.4
V011,L006,D0060,B005,CH003,62,54500,3.45
V011,L007,D0060,B005,CH003,67,64500,3.26
V011,L008,D0060,B005,CH003,66,61300,3.46
V011,L009,D0060,B005,CH003,56,56600,3.03
V011,L010,D0060,B005,CH003,57,59100,3.21
V012,L001,D0060,B006,CH003,80,34500,5.56
V012,L002,D0060,B006,CH003,99,47200,5.16
V012,L003,D0060,B006,CH003,86,38600,5.67
V012,L004,D0060,B006,CH003,109,50400,5.5
V012,L005,D0060,B006,CH003,123,46900,6.15
V012,L006,D0060,B006,CH003,83,44800,4.62
V012,L007,D0060,B006,CH003,116,53100,5.64
V012,L008,D0060,B006,CH003,84,47500,4.41
V012,L009,D0060,B006,CH003,92,47700,4.98
V012,L010,D0060,B006,CH003,91,44700,5.12
V013,L001,D0060,B001,CH002,74,23900,5.15
V013,L002,D0060,B001,CH002,74,35200,3.85
V013,L003,D0060,B001,CH002,54,29100,3.56
V013,L004,D0060,B001,CH002,94,36500,4.74
V013,L005,D0060,B001,CH002,89,33900,4.45
V013,L006,D0060,B001,CH002,71,33300,3.95
V013,L007,D0060,B001,CH002,86,38400,4.18
V013,L008,D0060,B001,CH002,81,35300,4.25
V013,L009,D0060,B001,CH002,81,34700,4.39
V013,L010,D0060,B001,CH002,88,31600,4.95
V014,L001,D0060,B004,CH003,57,31300,3.96
V014,L002,D0060,B004,CH003,95,43400,4.95
V014,L003,D0060,B004,CH003,51,32800,3.36
V014,L004,D0060,B004,CH003,96,41400,4.84
V014,L005,D0060,B004,CH003,80,44700,4.0
V014,L006,D0060,B004,CH003,85,39700,4.73
V014,L007,D0060,B004,CH003,97,45600,4.71
V014,L008,D0060,B004,CH003,76,44900,3.99
V014,L009,D0060,B004,CH003,84,41100,4.55
V014,L010,D0060,B004,CH003,87,42000,4.9
V015,L001,D0060,B002,CH004,41,28800,2.85
V015,L002,D0060,B002,CH004,59,39000,3.07
V015,L003,D0060,B002,CH004,50,30700,3.3
V015,L004,D0060,B002,CH004,84,41200,4.24
V015,L005,D0060,B002,CH004,70,37900,3.5
V015,L006,D0060,B002,CH004,64,38700,3.56
V015,L007,D0060,B002,CH004,71,43300,3.45
V015,L008,D0060,B002,CH004,53,41300,2.78
V015,L009,D0060,B002,CH004,75,36100,4.06
V015,L010,D0060,B002,CH004,54,35500,3.04
V016,L001,D0060,B008,CH004,72,38800,5.01
V016,L002,D0060,B008,CH004,101,55200,5.26
V016,L003,D0060,B008,CH004,92,45800,6.06
V016,L004,D0060,B008,CH004,86,55200,4.34
V016,L005,D0060,B008,CH004,105,56300,5.25
V016,L006,D0060,B008,CH004,87,51800,4.84
V016,L007,D0060,B008,CH004,102,60700,4.96
V016,L008,D0060,B008,CH004,93,60000,4.88
V016,L009,D0060,B008,CH004,88,54900,4.77
V016,L010,D0060,B008,CH004,87,55400,4.9
V017,L001,D0060,B010,CH004,27,68400,1.88
V017,L002,D0060,B010,CH004,31,95300,1.61
V017,L003,D0060,B010,CH004,20,86300,1.32
V017,L004,D0060,B010,CH004,31,106800,1.56
V017,L005,D0060,B010,CH004,37,100000,1.85
V017,L006,D0060,B010,CH004,32,99600,1.78
V017,L007,D0060,B010,CH004,36,106300,1.75
V017,L008,D0060,B010,CH004,25,102900,1.31
V017,L009,D0060,B010,CH004,36,99400,1.95
V017,L010,D0060,B010,CH004,32,100700,1.8
V018,L001,D0060,B004,CH002,69,25900,4.8
V018,L002,D0060,B004,CH002,84,34900,4.38
V018,L003,D0060,B004,CH002,59,29300,3.89
V018,L004,D0060,B004,CH002,86,35500,4.34
V018,L005,D0060,B004,CH002,96,37800,4.8
V018,L006,D0060,B004,CH002,81,34400,4.51
V018,L007,D0060,B004,CH002,77,37600,3.74
V018,L008,D0060,B004,CH002,87,35500,4.57
V018,L009,D0060,B004,CH002,89,36800,4.82
V018,L010,D0060,B004,CH002,70,34100,3.94
V019,L001,D0060,B005,CH002,40,31300,2.78
V019,L002,D0060,B005,CH002,47,43500,2.45
V019,L003,D0060,B005,CH002,44,34700,2.9
V019,L004,D0060,B005,CH002,44,46300,2.22
V019,L005,D0060,B005,CH002,44,46500,2.2
V019,L006,D0060,B005,CH002,43,45000,2.39
V019,L007,D0060,B005,CH002,54,45500,2.62
V019,L008,D0060,B005,CH002,50,48300,2.62
V019,L009,D0060,B005,CH002,47,44600,2.55
V019,L010,D0060,B005,CH002,51,41500,2.87
V020,L001,D0060,B003,CH002,88,27900,6.12
V020,L002,D0060,B003,CH002,99,41000,5.16
V020,L003,D0060,B003,CH002,90,31700,5.93
V020,L004,D0060,B003,CH002,123,40400,6.21
V020,L005,D0060,B003,CH002,139,42000,6.95
V020,L006,D0060,B003,CH002,95,39800,5.28
V020,L007,D0060,B003,CH002,123,42800,5.98
V020,L008,D0060,B003,CH002,103,41100,5.41
V020,L009,D0060,B003,CH002,113,39800,6.12
V020,L010,D0060,B003,CH002,104,41800,5.86
